board_id,block_id,reg_dt,major,minor,lc1,lc2,lc3,lc4,etc,insert_dt
K010,1,19:14.1,1,37,81,0,95,126,\N,19:14.1
K010,2,19:14.1,1,38,0,59,196,0,\N,19:14.1
K010,3,19:14.1,1,39,106,0,0,168,\N,19:14.1
K010,4,19:14.1,1,40,0,0,59,54,\N,19:14.1
K014,4,19:14.2,1,56,231,999,999,999,\N,19:14.6
K015,1,19:14.2,1,57,466,315,54,130,\N,19:14.6
K009,3,19:14.3,1,35,108,74,81,0,\N,19:14.6
K009,4,19:14.3,1,36,0,0,54,0,\N,19:14.6
K010,1,19:14.4,1,37,82,0,95,125,\N,19:14.6
K010,2,19:14.4,1,38,0,77,196,0,\N,19:14.6
K010,3,19:14.4,1,39,105,0,0,168,\N,19:14.6
K010,4,19:14.4,1,40,0,0,59,54,\N,19:14.6
K015,4,19:14.2,1,60,65,0,156,0,\N,19:14.6
K015,1,19:14.5,1,57,999,999,65,0,\N,19:14.6
K015,4,19:14.5,1,60,59,0,151,0,\N,19:14.6
K014,4,19:14.6,1,56,0,999,999,999,\N,19:15.0
K009,3,19:14.7,1,35,0,0,999,999,\N,19:15.0
K010,1,19:14.7,1,37,107,0,128,118,\N,19:15.0
K010,2,19:14.7,1,38,999,999,287,95,\N,19:15.0
K009,4,19:14.7,1,36,0,0,56,0,\N,19:15.0
K014,4,19:14.9,1,56,170,320,482,573,\N,19:15.0
K010,3,19:14.7,1,39,88,0,0,188,\N,19:15.0
K010,4,19:14.7,1,40,0,0,59,0,\N,19:15.0
K015,1,19:15.0,1,57,394,233,0,100,\N,19:15.0
K015,4,19:15.0,1,60,76,0,127,55,\N,19:15.0
K009,3,19:15.0,1,35,134,112,999,999,\N,19:15.3
K010,1,19:15.0,1,37,87,0,97,136,\N,19:15.3
K010,2,19:15.0,1,38,999,999,214,0,\N,19:15.3
K010,3,19:15.0,1,39,80,0,0,198,\N,19:15.3
K010,4,19:15.0,1,40,0,0,59,0,\N,19:15.3
K009,4,19:15.0,1,36,51,0,60,0,\N,19:15.3
K014,4,19:15.1,1,56,173,668,999,999,\N,19:15.3
K015,1,19:15.1,1,57,757,609,0,115,\N,19:15.3
K015,4,19:15.1,1,60,75,0,122,54,\N,19:15.3
K010,1,19:15.3,1,37,82,0,101,119,\N,19:15.3
K010,2,19:15.3,1,38,999,999,182,0,\N,19:15.3
K009,3,19:15.3,1,35,75,0,999,999,\N,19:15.3
K009,4,19:15.3,1,36,0,0,57,0,\N,19:15.3
K010,3,19:15.3,1,39,91,0,0,190,\N,19:15.3
K010,4,19:15.3,1,40,0,0,59,0,\N,19:15.3
K014,4,19:15.4,1,56,0,984,999,999,\N,19:15.7
K015,1,19:15.4,1,57,900,782,0,136,\N,19:15.7
K015,4,19:15.4,1,60,73,0,123,57,\N,19:15.7
K009,3,19:15.6,1,35,0,0,999,999,\N,19:15.7
K009,4,19:15.6,1,36,0,0,59,0,\N,19:15.7
K010,1,19:15.6,1,37,75,64,110,106,\N,19:15.7
K010,2,19:15.6,1,38,733,995,158,0,\N,19:15.7
K010,3,19:15.6,1,39,103,0,0,178,\N,19:15.7
K010,4,19:15.6,1,40,0,0,58,0,\N,19:15.7
K014,4,19:15.7,1,56,75,770,999,999,\N,19:15.7
K015,1,19:15.7,1,57,834,677,0,103,\N,19:16.2
K015,4,19:15.7,1,60,77,0,123,56,\N,19:16.2
K009,3,19:15.9,1,35,0,273,999,999,\N,19:16.2
K009,4,19:15.9,1,36,0,0,59,0,\N,19:16.2
K010,1,19:15.9,1,37,75,66,118,101,\N,19:16.2
K010,2,19:15.9,1,38,717,962,149,0,\N,19:16.2
K010,3,19:15.9,1,39,111,0,0,177,\N,19:16.2
K010,4,19:15.9,1,40,0,0,57,0,\N,19:16.2
K014,4,19:16.0,1,56,85,711,999,999,\N,19:16.2
K015,1,19:16.1,1,57,898,766,0,95,\N,19:16.2
K015,4,19:16.1,1,60,77,0,123,55,\N,19:16.2
K009,3,19:16.3,1,35,0,203,999,999,\N,19:16.6
K009,4,19:16.3,1,36,0,0,59,0,\N,19:16.6
K010,1,19:16.3,1,37,74,62,114,104,\N,19:16.6
K010,2,19:16.3,1,38,718,945,157,0,\N,19:16.6
K010,3,19:16.3,1,39,109,0,0,176,\N,19:16.6
K010,4,19:16.3,1,40,0,0,57,0,\N,19:16.6
K014,4,19:16.4,1,56,78,718,999,999,\N,19:16.6
K015,1,19:16.4,1,57,999,959,0,99,\N,19:16.6
K015,4,19:16.4,1,60,78,0,122,55,\N,19:16.6
K010,1,19:16.6,1,37,75,57,114,108,\N,19:16.6
K010,2,19:16.6,1,38,771,999,163,0,\N,19:16.6
K010,3,19:16.6,1,39,108,0,0,176,\N,19:16.6
K010,4,19:16.6,1,40,0,0,57,0,\N,19:16.6
K009,3,19:16.6,1,35,0,159,999,999,\N,19:16.9
K009,4,19:16.6,1,36,0,0,59,0,\N,19:16.9
K014,4,19:16.6,1,56,95,684,999,999,\N,19:16.9
K015,1,19:16.7,1,57,999,999,0,100,\N,19:16.9
K015,4,19:16.7,1,60,78,0,121,55,\N,19:16.9
K010,1,19:16.9,1,37,76,55,114,109,\N,19:16.9
K010,2,19:16.9,1,38,792,999,165,0,\N,19:16.9
K010,3,19:16.9,1,39,107,0,0,176,\N,19:16.9
K010,4,19:16.9,1,40,0,0,57,0,\N,19:16.9
K009,3,19:16.9,1,35,0,179,999,999,\N,19:16.9
K009,4,19:16.9,1,36,0,0,59,0,\N,19:17.5
K014,4,19:17.0,1,56,103,675,999,999,\N,19:17.5
K015,1,19:17.1,1,57,999,999,0,97,\N,19:17.5
K015,4,19:17.1,1,60,78,0,121,55,\N,19:17.5
K010,1,19:17.2,1,37,76,55,114,109,\N,19:17.5
K010,2,19:17.2,1,38,785,999,162,0,\N,19:17.5
K010,3,19:17.2,1,39,107,0,0,176,\N,19:17.5
K010,4,19:17.2,1,40,0,0,57,0,\N,19:17.5
K009,3,19:17.3,1,35,0,193,999,999,\N,19:17.5
K014,4,19:17.3,1,56,109,666,999,999,\N,19:17.5
K009,4,19:17.3,1,36,0,0,59,0,\N,19:17.5
K015,1,19:17.4,1,57,999,999,0,100,\N,19:17.5
K010,1,19:17.5,1,37,77,51,116,111,\N,19:17.8
K010,2,19:17.5,1,38,843,999,164,0,\N,19:17.8
K010,3,19:17.5,1,39,107,0,0,175,\N,19:17.8
K010,4,19:17.5,1,40,0,0,57,0,\N,19:17.8
K009,3,19:17.6,1,35,0,167,999,999,\N,19:17.8
K015,4,19:17.4,1,60,78,0,120,55,\N,19:17.8
K009,4,19:17.6,1,36,0,0,59,0,\N,19:17.8
K014,4,19:17.8,1,56,120,650,999,999,\N,19:17.8
K015,1,19:17.8,1,57,999,999,0,100,\N,19:17.8
K015,4,19:17.8,1,60,78,0,120,55,\N,19:17.8
K010,1,19:17.8,1,37,79,0,117,114,\N,19:18.2
K010,2,19:17.8,1,38,897,999,169,0,\N,19:18.2
K009,3,19:17.9,1,35,55,136,999,999,\N,19:18.2
K014,4,19:17.9,1,56,134,629,999,999,\N,19:18.2
K010,3,19:17.8,1,39,107,0,0,175,\N,19:18.2
K010,4,19:17.8,1,40,0,0,57,0,\N,19:18.2
K009,4,19:17.9,1,36,0,0,59,0,\N,19:18.2
K015,1,19:18.1,1,57,999,999,0,102,\N,19:18.2
K015,4,19:18.1,1,60,78,0,119,54,\N,19:18.2
K014,4,19:18.2,1,56,151,596,999,999,\N,19:18.2
K010,1,19:18.3,1,37,80,0,120,116,\N,19:18.7
K010,2,19:18.3,1,38,979,999,175,0,\N,19:18.7
K010,3,19:18.3,1,39,106,0,0,174,\N,19:18.7
K010,4,19:18.3,1,40,0,0,57,0,\N,19:18.7
K009,3,19:18.4,1,35,72,104,999,999,\N,19:18.7
K015,1,19:18.4,1,57,999,999,0,108,\N,19:18.7
K015,4,19:18.4,1,60,78,0,119,55,\N,19:18.7
K009,4,19:18.4,1,36,0,0,58,0,\N,19:18.7
K014,4,19:18.5,1,56,162,581,999,999,\N,19:18.7
K010,1,19:18.5,1,37,81,0,121,118,\N,19:18.7
K010,2,19:18.5,1,38,999,999,181,0,\N,19:18.7
K010,3,19:18.5,1,39,104,0,0,174,\N,19:18.7
K010,4,19:18.5,1,40,0,0,57,0,\N,19:18.7
K015,1,19:18.6,1,57,999,999,0,108,\N,19:18.7
K015,4,19:18.6,1,60,78,0,118,54,\N,19:18.7
K009,3,19:18.7,1,35,82,88,999,999,\N,19:19.1
K009,4,19:18.7,1,36,0,0,58,0,\N,19:19.1
K014,4,19:18.8,1,56,160,590,999,999,\N,19:19.1
K010,1,19:18.8,1,37,80,0,120,118,\N,19:19.1
K010,2,19:18.8,1,38,999,999,180,0,\N,19:19.1
K010,3,19:18.8,1,39,103,0,0,174,\N,19:19.1
K010,4,19:18.8,1,40,0,0,57,0,\N,19:19.1
K009,3,19:18.9,1,35,76,108,999,999,\N,19:19.1
K009,4,19:18.9,1,36,0,0,58,0,\N,19:19.1
K010,1,19:19.1,1,37,80,0,120,117,\N,19:19.4
K010,2,19:19.1,1,38,998,999,179,0,\N,19:19.4
K010,3,19:19.1,1,39,103,0,0,174,\N,19:19.4
K010,4,19:19.1,1,40,0,0,56,0,\N,19:19.4
K015,1,19:19.1,1,57,999,999,0,107,\N,19:19.4
K014,4,19:19.1,1,56,159,595,999,999,\N,19:19.4
K015,4,19:19.1,1,60,78,0,119,55,\N,19:19.4
K009,3,19:19.2,1,35,80,111,999,999,\N,19:19.4
K009,4,19:19.2,1,36,0,0,58,0,\N,19:19.4
K015,1,19:19.4,1,57,999,999,0,108,\N,19:19.4
K015,4,19:19.4,1,60,78,0,118,54,\N,19:19.8
K014,4,19:19.4,1,56,144,620,999,999,\N,19:19.8
K009,3,19:19.4,1,35,73,131,999,999,\N,19:19.8
K009,4,19:19.4,1,36,0,0,58,0,\N,19:19.8
K010,1,19:19.5,1,37,79,0,119,116,\N,19:19.8
K010,2,19:19.5,1,38,950,999,174,0,\N,19:19.8
K010,3,19:19.5,1,39,104,0,0,174,\N,19:19.8
K010,4,19:19.5,1,40,0,0,56,0,\N,19:19.8
K015,1,19:19.6,1,57,999,999,0,105,\N,19:19.8
K015,4,19:19.6,1,60,77,0,119,54,\N,19:19.8
K014,4,19:19.7,1,56,146,615,999,999,\N,19:19.8
K009,3,19:19.7,1,35,73,136,999,999,\N,19:19.8
K009,4,19:19.7,1,36,0,0,58,0,\N,19:19.8
K010,1,19:19.8,1,37,80,0,119,116,\N,19:20.2
K010,2,19:19.8,1,38,961,999,175,0,\N,19:20.2
K010,3,19:19.8,1,39,104,0,0,174,\N,19:20.2
K010,4,19:19.8,1,40,0,0,56,0,\N,19:20.2
K015,1,19:19.8,1,57,999,999,0,105,\N,19:20.2
K015,4,19:19.8,1,60,77,0,119,54,\N,19:20.2
K014,4,19:20.0,1,56,151,600,999,999,\N,19:20.2
K010,1,19:20.1,1,37,80,0,119,117,\N,19:20.2
K010,2,19:20.1,1,38,982,999,176,0,\N,19:20.2
K010,3,19:20.1,1,39,103,0,0,173,\N,19:20.2
K010,4,19:20.1,1,40,0,0,56,0,\N,19:20.2
K015,1,19:20.2,1,57,999,999,0,106,\N,19:20.2
K015,4,19:20.2,1,60,77,0,119,54,\N,19:20.2
K009,3,19:20.3,1,35,78,131,999,999,\N,19:20.6
K009,4,19:20.3,1,36,0,0,58,0,\N,19:20.6
K014,4,19:20.4,1,56,154,590,999,999,\N,19:20.6
K010,1,19:20.4,1,37,80,0,119,118,\N,19:20.6
K010,2,19:20.4,1,38,999,999,178,0,\N,19:20.6
K010,3,19:20.4,1,39,103,0,0,173,\N,19:20.6
K010,4,19:20.4,1,40,0,0,56,0,\N,19:20.6
K009,3,19:20.5,1,35,80,122,999,999,\N,19:20.6
K009,4,19:20.5,1,36,0,0,58,0,\N,19:20.6
K015,1,19:20.5,1,57,999,999,0,107,\N,19:20.6
K009,3,19:20.7,1,35,81,115,999,999,\N,19:21.0
K009,4,19:20.7,1,36,0,0,58,0,\N,19:21.0
K010,1,19:20.8,1,37,80,0,119,118,\N,19:21.0
K010,2,19:20.8,1,38,999,999,178,0,\N,19:21.0
K015,4,19:20.5,1,60,77,0,118,54,\N,19:21.0
K014,4,19:20.8,1,56,155,585,999,999,\N,19:21.0
K010,3,19:20.8,1,39,103,0,0,173,\N,19:21.0
K010,4,19:20.8,1,40,0,0,56,0,\N,19:21.0
K015,1,19:20.9,1,57,999,999,0,105,\N,19:21.0
K015,4,19:20.9,1,60,77,0,118,54,\N,19:21.0
K014,4,19:21.0,1,56,151,596,999,999,\N,19:21.0
K009,3,19:21.0,1,35,77,131,999,999,\N,19:21.5
K010,1,19:21.1,1,37,80,0,119,117,\N,19:21.5
K010,2,19:21.1,1,38,989,999,175,0,\N,19:21.5
K015,1,19:21.2,1,57,999,999,0,105,\N,19:21.5
K015,4,19:21.2,1,60,77,0,118,54,\N,19:21.5
K009,4,19:21.0,1,36,0,0,58,0,\N,19:21.5
K010,3,19:21.1,1,39,103,0,0,173,\N,19:21.5
K010,4,19:21.1,1,40,0,0,56,0,\N,19:21.5
K015,1,19:21.4,1,57,999,999,0,108,\N,19:21.5
K015,4,19:21.4,1,60,77,0,118,54,\N,19:21.5
K009,3,19:21.5,1,35,80,118,999,999,\N,19:21.8
K014,4,19:21.5,1,56,151,598,999,999,\N,19:21.8
K009,4,19:21.5,1,36,0,0,58,0,\N,19:21.8
K010,1,19:21.6,1,37,80,0,119,118,\N,19:21.8
K010,2,19:21.6,1,38,999,999,178,0,\N,19:21.8
K010,3,19:21.6,1,39,102,0,0,173,\N,19:21.8
K010,4,19:21.6,1,40,0,0,56,0,\N,19:21.8
K015,1,19:21.7,1,57,999,999,0,108,\N,19:21.8
K015,4,19:21.7,1,60,77,0,118,54,\N,19:21.8
K009,3,19:21.8,1,35,82,109,999,999,\N,19:21.8
K014,4,19:21.8,1,56,157,581,999,999,\N,19:21.8
K010,1,19:21.8,1,37,81,0,119,118,\N,19:21.8
K010,2,19:21.8,1,38,999,999,180,0,\N,19:21.8
K009,4,19:21.8,1,36,0,0,57,0,\N,19:22.3
K010,3,19:21.8,1,39,102,0,0,173,\N,19:22.3
K010,4,19:21.8,1,40,0,0,56,0,\N,19:22.3
K015,1,19:22.0,1,57,999,999,52,109,\N,19:22.3
K015,4,19:22.0,1,60,78,0,118,54,\N,19:22.3
K009,3,19:22.0,1,35,83,105,999,999,\N,19:22.3
K009,4,19:22.0,1,36,0,0,58,0,\N,19:22.3
K010,1,19:22.1,1,37,81,0,119,119,\N,19:22.3
K010,2,19:22.1,1,38,999,999,181,0,\N,19:22.3
K010,3,19:22.1,1,39,102,0,0,173,\N,19:22.3
K010,4,19:22.1,1,40,0,0,56,0,\N,19:22.3
K015,1,19:22.3,1,57,999,999,52,109,\N,19:22.3
K009,3,19:22.3,1,35,87,87,999,999,\N,19:22.3
K015,4,19:22.3,1,60,77,0,117,54,\N,19:22.7
K009,4,19:22.3,1,36,0,0,57,0,\N,19:22.7
K010,1,19:22.4,1,37,82,0,120,120,\N,19:22.7
K010,2,19:22.4,1,38,999,999,183,0,\N,19:22.7
K014,4,19:22.4,1,56,159,579,999,999,\N,19:22.7
K010,3,19:22.4,1,39,101,0,0,172,\N,19:22.7
K010,4,19:22.4,1,40,0,0,56,0,\N,19:22.7
K015,1,19:22.6,1,57,999,999,52,108,\N,19:22.7
K015,4,19:22.6,1,60,77,0,117,54,\N,19:22.7
K009,3,19:22.7,1,35,89,81,999,999,\N,19:22.7
K014,4,19:22.7,1,56,162,573,999,999,\N,19:22.7
K010,1,19:22.7,1,37,82,0,120,119,\N,19:22.7
K010,2,19:22.7,1,38,999,999,182,0,\N,19:22.7
K009,4,19:22.7,1,36,0,0,57,0,\N,19:23.3
K010,3,19:22.7,1,39,101,0,0,172,\N,19:23.3
K010,4,19:22.7,1,40,0,0,56,0,\N,19:23.3
K015,1,19:23.0,1,57,999,999,0,106,\N,19:23.3
K015,4,19:23.0,1,60,77,0,118,54,\N,19:23.3
K014,4,19:23.7,1,56,161,575,999,999,\N,19:23.7
K010,1,19:23.7,1,37,80,0,118,117,\N,19:23.7
K010,2,19:23.7,1,38,998,999,175,0,\N,19:23.7
K009,3,19:23.7,1,35,80,133,999,999,\N,19:23.7
K009,4,19:23.7,1,36,0,0,57,0,\N,19:23.7
K010,3,19:23.7,1,39,101,0,0,173,\N,19:23.7
K010,4,19:23.7,1,40,0,0,55,0,\N,19:23.7
K015,1,19:23.8,1,57,999,999,0,109,\N,19:24.3
K009,3,19:24.0,1,35,78,152,999,999,\N,19:24.3
K010,1,19:24.0,1,37,79,0,118,116,\N,19:24.3
K010,2,19:24.0,1,38,968,999,172,0,\N,19:24.3
K009,4,19:24.0,1,36,0,0,57,0,\N,19:24.3
K010,3,19:24.0,1,39,102,0,0,173,\N,19:24.3
K010,4,19:24.0,1,40,0,0,55,0,\N,19:24.3
K015,4,19:23.8,1,60,77,0,117,54,\N,19:24.3
K010,1,19:24.2,1,37,79,0,117,117,\N,19:24.3
K010,2,19:24.2,1,38,972,999,173,0,\N,19:24.3
K009,3,19:24.2,1,35,78,141,999,999,\N,19:24.3
K014,4,19:24.2,1,56,160,581,999,999,\N,19:24.3
K015,1,19:24.3,1,57,999,999,0,109,\N,19:24.7
K015,4,19:24.3,1,60,76,0,117,54,\N,19:24.7
K009,4,19:24.2,1,36,0,0,57,0,\N,19:24.7
K010,3,19:24.2,1,39,101,0,0,173,\N,19:24.7
K010,4,19:24.2,1,40,0,0,56,0,\N,19:24.7
K014,4,19:24.4,1,56,155,599,999,999,\N,19:24.7
K015,4,19:24.4,1,60,77,0,118,54,\N,19:24.7
K009,3,19:24.5,1,35,78,115,999,999,\N,19:24.7
K009,4,19:24.5,1,36,0,0,57,0,\N,19:24.7
K010,1,19:24.7,1,37,80,0,117,119,\N,19:25.0
K010,2,19:24.7,1,38,999,999,181,0,\N,19:25.0
K015,1,19:24.7,1,57,999,999,55,108,\N,19:25.0
K014,4,19:24.7,1,56,146,612,999,999,\N,19:25.0
K010,3,19:24.7,1,39,101,0,0,172,\N,19:25.0
K010,4,19:24.7,1,40,0,0,55,0,\N,19:25.0
K015,4,19:24.7,1,60,77,0,117,54,\N,19:25.0
K009,3,19:24.8,1,35,78,82,999,999,\N,19:25.0
K009,4,19:24.8,1,36,0,0,57,0,\N,19:25.0
K015,1,19:24.8,1,57,999,999,59,107,\N,19:25.0
K014,4,19:24.8,1,56,144,608,999,999,\N,19:25.0
K010,1,19:24.8,1,37,81,0,116,120,\N,19:25.0
K010,2,19:24.8,1,38,999,999,186,0,\N,19:25.0
K010,3,19:24.8,1,39,99,0,0,172,\N,19:25.0
K010,4,19:24.8,1,40,0,0,55,0,\N,19:25.0
K015,4,19:24.8,1,60,77,0,117,54,\N,19:25.0
K009,3,19:25.0,1,35,82,0,999,999,\N,19:25.3
K009,4,19:25.0,1,36,0,0,57,0,\N,19:25.3
K015,1,19:25.1,1,57,999,999,60,109,\N,19:25.3
K014,4,19:25.1,1,56,149,592,999,999,\N,19:25.3
K010,1,19:25.1,1,37,82,0,116,120,\N,19:25.3
K010,2,19:25.1,1,38,999,999,193,0,\N,19:25.3
K010,3,19:25.1,1,39,97,0,0,173,\N,19:25.3
K010,4,19:25.1,1,40,0,0,55,0,\N,19:25.3
K015,4,19:25.1,1,60,77,0,117,54,\N,19:25.3
K009,3,19:25.3,1,35,77,67,999,999,\N,19:25.3
K014,4,19:25.3,1,56,160,561,999,999,\N,19:25.3
K010,1,19:25.3,1,37,82,0,115,120,\N,19:25.3
K010,2,19:25.3,1,38,999,999,197,0,\N,19:25.3
K015,1,19:25.3,1,57,999,999,61,99,\N,19:25.3
K009,4,19:25.3,1,36,0,0,57,0,\N,19:25.3
K010,3,19:25.3,1,39,96,0,0,173,\N,19:25.7
K010,4,19:25.3,1,40,0,0,55,0,\N,19:25.7
K015,4,19:25.3,1,60,75,0,118,53,\N,19:25.7
K010,1,19:25.5,1,37,80,0,114,118,\N,19:25.7
K010,2,19:25.5,1,38,999,999,185,0,\N,19:25.7
K010,3,19:25.5,1,39,96,0,0,174,\N,19:25.7
K010,4,19:25.5,1,40,0,0,55,0,\N,19:25.7
K015,1,19:25.5,1,57,999,999,93,98,\N,19:25.7
K014,4,19:25.5,1,56,172,531,999,999,\N,19:25.7
K015,4,19:25.5,1,60,75,0,118,53,\N,19:25.7
K010,1,19:25.7,1,37,80,0,112,118,\N,19:25.7
K010,2,19:25.7,1,38,999,999,182,0,\N,19:25.7
K010,3,19:25.7,1,39,96,0,0,174,\N,19:25.7
K010,4,19:25.7,1,40,0,0,55,0,\N,19:25.7
K009,3,19:25.7,1,35,68,63,999,999,\N,19:25.7
K014,4,19:25.7,1,56,166,587,999,999,\N,19:25.7
K009,4,19:25.7,1,36,0,0,57,0,\N,19:26.1
K015,1,19:25.8,1,57,546,577,0,80,\N,19:26.1
K010,1,19:25.8,1,37,84,0,119,119,\N,19:26.1
K010,2,19:25.8,1,38,999,999,185,0,\N,19:26.1
K010,3,19:25.8,1,39,99,0,0,172,\N,19:26.1
K010,4,19:25.8,1,40,0,0,55,0,\N,19:26.1
K015,4,19:25.8,1,60,74,0,120,54,\N,19:26.1
K009,3,19:25.9,1,35,0,0,999,999,\N,19:26.1
K014,4,19:25.9,1,56,137,623,999,999,\N,19:26.1
K009,4,19:25.9,1,36,0,0,57,0,\N,19:26.1
K010,1,19:26.1,1,37,94,0,131,108,\N,19:26.1
K010,2,19:26.1,1,38,999,999,278,0,\N,19:26.1
K010,3,19:26.1,1,39,86,0,0,171,\N,19:26.1
K010,4,19:26.1,1,40,0,0,55,0,\N,19:26.1
K015,1,19:26.1,1,57,110,0,0,90,\N,19:26.4
K015,4,19:26.1,1,60,68,0,125,58,\N,19:26.4
K014,4,19:26.2,1,56,172,498,999,999,\N,19:26.4
K009,3,19:26.2,1,35,0,73,999,999,\N,19:26.4
K009,4,19:26.2,1,36,0,0,57,0,\N,19:26.4
K010,1,19:26.4,1,37,88,53,92,112,\N,19:26.4
K010,2,19:26.4,1,38,999,999,251,176,\N,19:26.4
K010,3,19:26.4,1,39,85,0,0,177,\N,19:26.4
K010,4,19:26.4,1,40,0,0,55,0,\N,19:26.4
K014,4,19:26.4,1,56,153,274,244,0,\N,19:26.4
K009,3,19:26.4,1,35,142,383,999,999,\N,19:26.4
K009,4,19:26.4,1,36,0,0,57,0,\N,19:26.8
K015,1,19:26.4,1,57,88,0,0,120,\N,19:26.8
K015,4,19:26.4,1,60,67,0,130,56,\N,19:26.8
K014,4,19:26.4,1,56,149,300,0,0,\N,19:26.8
K009,3,19:26.6,1,35,100,82,999,999,\N,19:26.8
K009,4,19:26.6,1,36,0,0,56,0,\N,19:26.8
K010,1,19:26.7,1,37,72,54,84,103,\N,19:26.8
K010,2,19:26.7,1,38,0,66,162,0,\N,19:26.8
K010,3,19:26.7,1,39,109,0,0,172,\N,19:26.8
K010,4,19:26.7,1,40,0,0,55,0,\N,19:26.8
K014,4,19:26.7,1,56,158,304,0,0,\N,19:26.8
K015,1,19:26.7,1,57,88,0,0,118,\N,19:26.8
K015,4,19:26.7,1,60,73,0,122,56,\N,19:26.8
Break,,,,,,,,,,
K015,1,19:31.1,1,57,115,54,0,109,\N,19:31.2
K009,3,19:31.1,1,35,182,74,999,999,\N,19:31.2
K015,4,19:31.1,1,60,71,0,127,57,\N,19:31.2
K014,4,19:31.2,1,56,139,275,0,0,\N,19:31.2
K010,1,19:31.3,1,37,95,0,126,144,\N,19:31.6
K010,2,19:31.3,1,38,999,999,0,0,\N,19:31.6
K009,4,19:31.1,1,36,75,0,83,0,\N,19:31.6
K015,1,19:31.4,1,57,121,57,0,103,\N,19:31.6
K015,4,19:31.4,1,60,73,0,125,55,\N,19:31.6
K010,3,19:31.3,1,39,138,97,0,168,\N,19:31.6
K010,4,19:31.3,1,40,0,0,57,0,\N,19:31.6
K014,4,19:31.5,1,56,140,273,0,0,\N,19:31.6
K009,3,19:31.5,1,35,0,152,999,999,\N,19:31.6
K009,4,19:31.5,1,36,55,0,71,0,\N,19:31.6
K010,1,19:31.6,1,37,82,0,86,128,\N,19:32.0
K010,2,19:31.6,1,38,999,999,423,0,\N,19:32.0
K010,3,19:31.6,1,39,94,0,0,169,\N,19:32.0
K010,4,19:31.6,1,40,0,0,57,0,\N,19:32.0
K015,1,19:31.7,1,57,117,55,0,101,\N,19:32.0
K015,4,19:31.7,1,60,75,0,131,56,\N,19:32.0
K009,3,19:31.8,1,35,232,94,999,999,\N,19:32.0
K009,4,19:31.8,1,36,53,0,63,0,\N,19:32.0
K014,4,19:31.8,1,56,140,273,0,0,\N,19:32.0
K010,1,19:31.9,1,37,75,0,82,108,\N,19:32.0
K010,2,19:31.9,1,38,566,999,999,999,\N,19:32.0
K010,3,19:31.9,1,39,397,902,0,51,\N,19:32.0
K015,1,19:32.0,1,57,118,57,0,103,\N,19:32.0
K015,4,19:32.0,1,60,87,0,119,60,\N,19:32.0
K014,4,19:32.1,1,56,140,273,0,0,\N,19:32.4
K010,4,19:31.9,1,40,0,0,57,69,\N,19:32.4
K009,3,19:32.1,1,35,0,98,999,999,\N,19:32.4
K009,4,19:32.1,1,36,52,0,64,0,\N,19:32.4
K010,1,19:32.3,1,37,72,0,84,102,\N,19:32.4
K010,2,19:32.3,1,38,999,999,999,999,\N,19:32.4
K010,3,19:32.3,1,39,857,999,123,61,\N,19:32.4
K010,4,19:32.3,1,40,0,0,57,65,\N,19:32.4
K015,1,19:32.3,1,57,118,55,0,103,\N,19:32.4
K015,4,19:32.3,1,60,78,0,123,55,\N,19:32.4
K014,4,19:32.4,1,56,140,273,0,0,\N,19:32.4
K009,3,19:32.4,1,35,0,140,999,999,\N,19:32.4
K009,4,19:32.4,1,36,0,0,64,0,\N,19:32.4
K010,1,19:32.5,1,37,80,79,111,79,\N,19:32.8
K010,2,19:32.5,1,38,999,999,999,879,\N,19:32.8
K010,3,19:32.5,1,39,947,999,124,104,\N,19:32.8
K010,4,19:32.5,1,40,0,0,56,62,\N,19:32.8
K015,1,19:32.6,1,57,118,56,0,104,\N,19:32.8
K015,4,19:32.6,1,60,78,0,124,57,\N,19:32.8
K014,4,19:32.7,1,56,140,274,0,0,\N,19:32.8
K009,3,19:32.8,1,35,81,130,999,999,\N,19:32.8
K009,4,19:32.8,1,36,0,0,60,0,\N,19:32.8
K010,1,19:32.8,1,37,69,0,79,107,\N,19:32.8
K010,2,19:32.8,1,38,999,999,999,999,\N,19:32.8
K010,3,19:32.8,1,39,617,999,124,131,\N,19:32.8
K010,4,19:32.8,1,40,0,0,56,63,\N,19:33.2
K015,1,19:32.9,1,57,118,57,0,103,\N,19:33.2
K015,4,19:32.9,1,60,77,0,125,58,\N,19:33.2
K014,4,19:33.0,1,56,140,274,0,0,\N,19:33.2
K009,3,19:33.0,1,35,86,189,999,999,\N,19:33.2
K009,4,19:33.0,1,36,0,0,61,0,\N,19:33.2
K010,1,19:33.1,1,37,69,0,79,107,\N,19:33.2
K010,2,19:33.1,1,38,999,999,999,999,\N,19:33.2
K010,3,19:33.1,1,39,326,623,90,164,\N,19:33.2
K010,4,19:33.1,1,40,0,0,55,58,\N,19:33.2
K015,1,19:33.2,1,57,119,56,0,102,\N,19:33.2
K015,4,19:33.2,1,60,77,0,125,58,\N,19:33.2
K014,4,19:33.3,1,56,140,274,0,0,\N,19:33.7
K009,3,19:33.3,1,35,67,206,999,999,\N,19:33.7
K009,4,19:33.3,1,36,0,0,61,0,\N,19:33.7
K010,1,19:33.4,1,37,69,0,78,108,\N,19:33.7
K010,2,19:33.4,1,38,944,999,999,999,\N,19:33.7
K010,3,19:33.4,1,39,210,441,76,166,\N,19:33.7
K010,4,19:33.4,1,40,0,0,55,57,\N,19:33.7
K015,1,19:33.5,1,57,119,57,0,102,\N,19:33.7
K015,4,19:33.5,1,60,75,0,128,59,\N,19:33.7
K014,4,19:33.6,1,56,140,274,0,0,\N,19:33.7
K009,3,19:33.6,1,35,84,266,999,999,\N,19:33.7
K009,4,19:33.6,1,36,0,0,61,0,\N,19:33.7
K010,1,19:33.7,1,37,69,0,78,107,\N,19:34.0
K010,2,19:33.7,1,38,721,999,999,999,\N,19:34.0
K010,3,19:33.7,1,39,218,488,66,149,\N,19:34.0
K010,4,19:33.7,1,40,0,0,55,56,\N,19:34.0
K015,1,19:33.8,1,57,119,57,0,103,\N,19:34.0
K015,4,19:33.8,1,60,76,0,129,59,\N,19:34.0
K014,4,19:33.9,1,56,140,274,0,0,\N,19:34.0
K009,3,19:34.0,1,35,97,307,999,999,\N,19:34.0
K009,4,19:34.0,1,36,0,0,61,0,\N,19:34.0
K010,1,19:34.0,1,37,68,0,78,107,\N,19:34.4
K010,2,19:34.0,1,38,554,999,999,999,\N,19:34.4
K010,3,19:34.0,1,39,265,656,0,118,\N,19:34.4
K010,4,19:34.0,1,40,0,0,54,57,\N,19:34.4
K015,1,19:34.1,1,57,119,57,0,104,\N,19:34.4
K015,4,19:34.1,1,60,79,0,129,60,\N,19:34.4
K014,4,19:34.2,1,56,140,275,0,0,\N,19:34.4
K009,3,19:34.3,1,35,0,395,999,999,\N,19:34.4
K010,1,19:34.3,1,37,76,87,126,82,\N,19:34.4
K010,2,19:34.3,1,38,999,999,734,527,\N,19:34.4
K015,1,19:34.4,1,57,118,57,0,104,\N,19:34.4
K015,4,19:34.4,1,60,73,0,130,58,\N,19:34.4
K009,4,19:34.3,1,36,0,0,63,0,\N,19:34.4
K010,3,19:34.3,1,39,891,999,90,53,\N,19:34.9
K010,4,19:34.3,1,40,0,0,55,54,\N,19:34.9
K014,4,19:34.5,1,56,140,275,0,0,\N,19:34.9
K009,3,19:34.6,1,35,0,182,999,999,\N,19:34.9
K009,4,19:34.6,1,36,53,0,65,0,\N,19:34.9
K010,1,19:34.7,1,37,68,0,78,110,\N,19:34.9
K010,2,19:34.7,1,38,999,999,999,999,\N,19:34.9
K010,3,19:34.7,1,39,206,148,62,152,\N,19:34.9
K010,4,19:34.7,1,40,0,0,55,51,\N,19:34.9
K015,1,19:34.7,1,57,120,55,0,100,\N,19:34.9
K015,4,19:34.7,1,60,73,0,129,56,\N,19:34.9
K014,4,19:34.8,1,56,140,275,0,0,\N,19:34.9
K009,3,19:34.9,1,35,0,255,999,999,\N,19:34.9
K009,4,19:34.9,1,36,52,0,65,0,\N,19:35.3
K010,1,19:35.0,1,37,70,65,94,99,\N,19:35.3
K010,2,19:35.0,1,38,947,999,999,999,\N,19:35.3
K010,3,19:35.0,1,39,404,999,0,0,\N,19:35.3
K015,1,19:35.0,1,57,120,56,0,104,\N,19:35.3
K015,4,19:35.0,1,60,79,0,124,57,\N,19:35.3
K014,4,19:35.1,1,56,141,275,0,0,\N,19:35.3
K010,4,19:35.0,1,40,0,0,51,51,\N,19:35.3
K009,3,19:35.2,1,35,57,462,999,999,\N,19:35.3
K009,4,19:35.2,1,36,0,0,62,0,\N,19:35.3
K010,1,19:35.3,1,37,70,52,90,98,\N,19:35.6
K010,2,19:35.3,1,38,600,813,999,999,\N,19:35.6
K015,1,19:35.3,1,57,117,55,0,103,\N,19:35.6
K015,4,19:35.3,1,60,71,0,129,58,\N,19:35.6
K010,3,19:35.3,1,39,883,999,86,0,\N,19:35.6
K010,4,19:35.3,1,40,0,0,54,54,\N,19:35.6
K014,4,19:35.5,1,56,141,275,0,0,\N,19:35.6
K009,3,19:35.6,1,35,0,478,999,999,\N,19:35.6
K009,4,19:35.6,1,36,0,0,60,0,\N,19:35.6
K010,1,19:35.6,1,37,69,0,80,109,\N,19:35.6
K010,2,19:35.6,1,38,493,999,999,999,\N,19:35.6
K010,3,19:35.6,1,39,512,764,79,0,\N,19:35.6
K010,4,19:35.6,1,40,0,0,55,57,\N,19:35.6
K015,1,19:35.6,1,57,116,52,0,96,\N,19:35.6
K015,4,19:35.6,1,60,59,0,139,56,\N,19:35.6
K014,4,19:35.8,1,56,141,275,0,0,\N,19:36.1
K009,3,19:35.9,1,35,0,402,999,999,\N,19:36.1
K009,4,19:35.9,1,36,0,0,60,0,\N,19:36.1
K010,1,19:35.9,1,37,68,0,79,108,\N,19:36.1
K010,2,19:35.9,1,38,620,999,999,999,\N,19:36.1
K010,3,19:35.9,1,39,519,804,79,0,\N,19:36.1
K010,4,19:35.9,1,40,0,0,55,55,\N,19:36.1
K015,1,19:36.0,1,57,119,53,0,103,\N,19:36.1
K015,4,19:36.0,1,60,66,0,133,58,\N,19:36.1
K014,4,19:36.1,1,56,141,275,0,0,\N,19:36.1
K009,3,19:36.2,1,35,0,321,999,999,\N,19:36.5
K009,4,19:36.2,1,36,0,0,60,0,\N,19:36.5
K010,1,19:36.2,1,37,68,0,79,108,\N,19:36.5
K010,2,19:36.2,1,38,643,999,999,999,\N,19:36.5
K010,3,19:36.2,1,39,499,764,82,0,\N,19:36.5
K010,4,19:36.2,1,40,0,0,55,55,\N,19:36.5
K015,1,19:36.3,1,57,116,53,0,100,\N,19:36.5
K015,4,19:36.3,1,60,63,0,134,57,\N,19:36.5
K014,4,19:36.4,1,56,141,275,0,0,\N,19:36.5
K009,3,19:36.5,1,35,0,352,999,999,\N,19:36.5
K009,4,19:36.5,1,36,0,0,60,0,\N,19:36.9
K010,1,19:36.5,1,37,68,0,79,109,\N,19:36.9
K010,2,19:36.5,1,38,608,999,999,999,\N,19:36.9
K010,3,19:36.5,1,39,402,489,82,0,\N,19:36.9
K010,4,19:36.5,1,40,0,0,55,57,\N,19:36.9
K015,1,19:36.6,1,57,118,0,0,96,\N,19:36.9
K015,4,19:36.6,1,60,0,0,143,56,\N,19:36.9
K014,4,19:36.7,1,56,141,276,0,0,\N,19:36.9
K009,3,19:36.8,1,35,0,471,999,999,\N,19:36.9
K009,4,19:36.8,1,36,56,0,63,0,\N,19:36.9
K010,1,19:36.8,1,37,69,0,79,108,\N,19:36.9
K010,2,19:36.8,1,38,793,999,999,999,\N,19:36.9
K010,3,19:36.8,1,39,327,659,71,0,\N,19:36.9
K010,4,19:36.8,1,40,0,0,55,53,\N,19:36.9
K015,1,19:36.9,1,57,118,58,0,107,\N,19:36.9
K015,4,19:36.9,1,60,67,0,132,66,\N,19:36.9
K014,4,19:37.0,1,56,141,275,0,0,\N,19:37.3
K009,3,19:37.1,1,35,100,106,677,320,\N,19:37.3
K009,4,19:37.1,1,36,0,0,61,0,\N,19:37.3
K010,1,19:37.1,1,37,70,0,77,108,\N,19:37.3
K010,2,19:37.1,1,38,302,999,999,999,\N,19:37.3
K010,3,19:37.1,1,39,524,935,119,0,\N,19:37.3
K010,4,19:37.1,1,40,0,0,55,68,\N,19:37.3
K015,1,19:37.2,1,57,119,56,0,106,\N,19:37.3
K015,4,19:37.2,1,60,70,0,127,64,\N,19:37.3
K014,4,19:37.3,1,56,141,276,0,0,\N,19:37.3
K009,3,19:37.4,1,35,0,158,999,999,\N,19:37.7
K010,1,19:37.4,1,37,70,0,83,107,\N,19:37.7
K010,2,19:37.4,1,38,999,999,999,999,\N,19:37.7
K015,1,19:37.5,1,57,116,0,0,96,\N,19:37.7
K015,4,19:37.5,1,60,62,0,133,63,\N,19:37.7
K014,4,19:37.6,1,56,141,276,0,0,\N,19:37.7
K009,4,19:37.4,1,36,0,0,59,0,\N,19:37.7
K010,3,19:37.4,1,39,514,636,123,117,\N,19:37.7
K010,4,19:37.4,1,40,0,0,55,57,\N,19:37.7
K009,3,19:37.8,1,35,0,201,999,999,\N,19:38.1
K009,4,19:37.8,1,36,0,0,59,0,\N,19:38.1
K015,1,19:37.8,1,57,118,0,0,95,\N,19:38.1
K015,4,19:37.8,1,60,60,0,136,63,\N,19:38.1
K010,1,19:37.8,1,37,70,0,84,107,\N,19:38.1
K010,2,19:37.8,1,38,876,999,999,999,\N,19:38.1
K010,3,19:37.8,1,39,352,533,123,116,\N,19:38.1
K010,4,19:37.8,1,40,0,0,54,55,\N,19:38.1
K014,4,19:37.9,1,56,141,276,0,0,\N,19:38.1
K009,3,19:38.1,1,35,0,172,999,999,\N,19:38.1
K010,1,19:38.1,1,37,70,0,84,107,\N,19:38.1
K010,2,19:38.1,1,38,999,999,999,999,\N,19:38.1
K009,4,19:38.1,1,36,0,0,59,0,\N,19:38.1
K010,3,19:38.1,1,39,423,641,123,99,\N,19:38.1
K015,1,19:38.1,1,57,119,54,0,104,\N,19:38.1
K015,4,19:38.1,1,60,62,0,131,64,\N,19:38.1
K014,4,19:38.2,1,56,141,276,0,0,\N,19:38.6
K009,3,19:38.4,1,35,0,144,999,999,\N,19:38.6
K009,4,19:38.4,1,36,0,0,59,0,\N,19:38.6
K010,4,19:38.1,1,40,0,0,54,54,\N,19:38.6
K015,1,19:38.4,1,57,118,54,0,102,\N,19:38.6
K015,4,19:38.4,1,60,61,0,134,64,\N,19:38.6
K014,4,19:38.5,1,56,141,277,0,0,\N,19:38.6
K010,1,19:38.5,1,37,70,0,84,107,\N,19:38.6
K010,2,19:38.5,1,38,999,999,999,999,\N,19:38.6
K010,3,19:38.5,1,39,439,672,123,101,\N,19:38.6
K010,4,19:38.5,1,40,0,0,54,54,\N,19:38.6
K009,3,19:38.7,1,35,0,136,999,999,\N,19:38.9
K009,4,19:38.7,1,36,0,0,59,0,\N,19:38.9
K015,1,19:38.8,1,57,119,54,0,104,\N,19:38.9
K015,4,19:38.8,1,60,64,0,131,64,\N,19:38.9
K014,4,19:38.8,1,56,141,277,0,0,\N,19:38.9
K010,1,19:38.9,1,37,70,0,84,107,\N,19:38.9
K010,2,19:38.9,1,38,999,999,999,999,\N,19:38.9
K010,3,19:38.9,1,39,411,647,123,105,\N,19:38.9
K010,4,19:38.9,1,40,0,0,54,54,\N,19:38.9
K009,3,19:39.0,1,35,0,118,999,999,\N,19:39.3
K009,4,19:39.0,1,36,0,0,59,0,\N,19:39.3
K015,1,19:39.1,1,57,120,56,0,106,\N,19:39.3
K015,4,19:39.1,1,60,67,0,129,65,\N,19:39.3
K014,4,19:39.1,1,56,141,277,0,0,\N,19:39.3
K010,1,19:39.1,1,37,70,0,83,107,\N,19:39.3
K010,2,19:39.1,1,38,999,999,999,999,\N,19:39.3
K010,3,19:39.1,1,39,470,741,123,89,\N,19:39.3
K010,4,19:39.1,1,40,0,0,53,53,\N,19:39.3
K009,3,19:39.3,1,35,0,136,999,999,\N,19:39.3
K010,1,19:39.3,1,37,69,0,84,107,\N,19:39.3
K010,2,19:39.3,1,38,999,999,999,999,\N,19:39.3
K009,4,19:39.3,1,36,0,0,59,0,\N,19:39.7
K010,3,19:39.3,1,39,495,755,123,89,\N,19:39.7
K010,4,19:39.3,1,40,0,0,54,53,\N,19:39.7
K015,1,19:39.4,1,57,121,56,0,107,\N,19:39.7
K015,4,19:39.4,1,60,67,0,129,65,\N,19:39.7
K014,4,19:39.4,1,56,141,277,0,0,\N,19:39.7
K009,3,19:39.6,1,35,0,154,999,999,\N,19:39.7
K009,4,19:39.6,1,36,0,0,59,0,\N,19:39.7
K010,1,19:39.7,1,37,69,0,84,107,\N,19:39.7
K010,2,19:39.7,1,38,999,999,999,999,\N,19:39.7
K015,1,19:39.7,1,57,120,56,0,106,\N,19:39.7
K015,4,19:39.7,1,60,65,0,131,65,\N,19:39.7
K010,3,19:39.7,1,39,496,746,123,96,\N,19:39.7
K010,4,19:39.7,1,40,0,0,54,54,\N,19:39.7
K014,4,19:39.7,1,56,142,277,0,0,\N,19:39.7
K009,3,19:39.9,1,35,0,167,999,999,\N,19:40.1
K009,4,19:39.9,1,36,0,0,59,0,\N,19:40.1
K015,1,19:40.0,1,57,119,56,0,106,\N,19:40.1
K015,4,19:40.0,1,60,64,0,132,65,\N,19:40.1
K010,1,19:40.0,1,37,69,0,83,107,\N,19:40.1
K010,2,19:40.0,1,38,999,999,999,999,\N,19:40.1
K010,3,19:40.0,1,39,491,747,123,97,\N,19:40.1
K010,4,19:40.0,1,40,0,0,54,54,\N,19:40.1
K014,4,19:40.0,1,56,142,277,0,0,\N,19:40.1
K009,3,19:40.3,1,35,0,153,999,999,\N,19:40.6
K009,4,19:40.3,1,36,0,0,59,0,\N,19:40.6
K015,1,19:40.3,1,57,119,57,0,107,\N,19:40.6
K015,4,19:40.3,1,60,69,0,128,66,\N,19:40.6
K010,1,19:40.3,1,37,69,0,84,106,\N,19:40.6
K010,2,19:40.3,1,38,999,999,999,999,\N,19:40.6
K010,3,19:40.3,1,39,539,813,123,88,\N,19:40.6
K010,4,19:40.3,1,40,0,0,54,54,\N,19:40.6
K014,4,19:40.3,1,56,142,277,0,0,\N,19:40.6
K009,3,19:40.6,1,35,0,161,999,999,\N,19:41.0
K015,1,19:40.6,1,57,119,56,0,105,\N,19:41.0
K015,4,19:40.6,1,60,67,0,130,66,\N,19:41.0
K010,1,19:40.6,1,37,69,0,83,107,\N,19:41.0
K010,2,19:40.6,1,38,999,999,999,999,\N,19:41.0
K014,4,19:40.6,1,56,142,278,0,0,\N,19:41.0
K009,4,19:40.6,1,36,0,0,59,0,\N,19:41.0
K010,3,19:40.6,1,39,503,772,123,93,\N,19:41.0
K010,4,19:40.6,1,40,0,0,54,54,\N,19:41.0
K015,1,19:40.9,1,57,119,56,0,105,\N,19:41.0
K015,4,19:40.9,1,60,67,0,130,66,\N,19:41.0
K014,4,19:40.9,1,56,142,278,0,0,\N,19:41.0
K009,3,19:41.0,1,35,0,167,999,999,\N,19:41.3
K009,4,19:41.0,1,36,0,0,59,0,\N,19:41.3
K010,1,19:41.1,1,37,69,0,83,106,\N,19:41.3
K010,2,19:41.1,1,38,999,999,999,999,\N,19:41.3
K010,3,19:41.1,1,39,508,780,122,91,\N,19:41.3
K015,1,19:41.2,1,57,120,56,0,106,\N,19:41.3
K015,4,19:41.2,1,60,68,0,130,66,\N,19:41.3
K014,4,19:41.3,1,56,142,278,0,0,\N,19:41.3
K010,4,19:41.1,1,40,0,0,53,54,\N,19:41.3
K009,3,19:41.3,1,35,0,158,999,999,\N,19:41.3
K009,4,19:41.3,1,36,0,0,59,0,\N,19:41.3
K010,1,19:41.5,1,37,69,0,83,106,\N,19:41.7
K010,2,19:41.5,1,38,999,999,999,999,\N,19:41.7
K010,3,19:41.5,1,39,505,784,122,88,\N,19:41.7
K010,4,19:41.5,1,40,0,0,53,54,\N,19:41.7
K015,1,19:41.5,1,57,118,55,0,104,\N,19:41.7
K015,4,19:41.5,1,60,66,0,131,65,\N,19:41.7
K009,3,19:41.5,1,35,0,169,999,999,\N,19:41.7
K009,4,19:41.5,1,36,0,0,59,0,\N,19:41.7
K014,4,19:41.6,1,56,142,278,0,0,\N,19:41.7
K010,1,19:41.6,1,37,69,0,82,106,\N,19:41.7
K010,2,19:41.6,1,38,999,999,999,999,\N,19:41.7
K010,3,19:41.6,1,39,480,723,122,100,\N,19:41.7
K010,4,19:41.6,1,40,0,0,54,54,\N,19:41.7
K015,1,19:41.8,1,57,118,54,0,103,\N,19:42.1
K015,4,19:41.8,1,60,64,0,132,65,\N,19:42.1
K009,3,19:41.8,1,35,0,177,999,999,\N,19:42.1
K009,4,19:41.8,1,36,0,0,59,0,\N,19:42.1
K014,4,19:41.9,1,56,142,278,0,0,\N,19:42.1
K010,1,19:41.9,1,37,69,0,83,106,\N,19:42.1
K010,2,19:41.9,1,38,999,999,999,999,\N,19:42.1
K010,3,19:41.9,1,39,500,740,122,97,\N,19:42.1
K010,4,19:41.9,1,40,0,0,53,54,\N,19:42.1
K015,1,19:42.1,1,57,118,52,0,100,\N,19:42.1
K015,4,19:42.1,1,60,59,0,133,64,\N,19:42.1
K009,3,19:42.1,1,35,0,184,999,999,\N,19:42.1
K009,4,19:42.1,1,36,0,0,58,0,\N,19:42.1
K014,4,19:42.2,1,56,142,278,0,0,\N,19:42.6
K010,1,19:42.2,1,37,73,64,101,94,\N,19:42.6
K010,2,19:42.2,1,38,999,999,999,999,\N,19:42.6
K010,3,19:42.2,1,39,244,371,88,136,\N,19:42.6
K010,4,19:42.2,1,40,0,0,54,0,\N,19:42.6
K015,1,19:42.4,1,57,121,57,0,107,\N,19:42.6
K015,4,19:42.4,1,60,58,0,140,63,\N,19:42.6
K014,4,19:42.5,1,56,142,278,0,0,\N,19:42.6
K009,3,19:42.5,1,35,0,109,619,999,\N,19:42.6
K009,4,19:42.5,1,36,52,0,59,0,\N,19:42.6
K010,1,19:42.6,1,37,69,0,85,101,\N,19:42.9
K010,2,19:42.6,1,38,999,999,999,999,\N,19:42.9
K010,3,19:42.6,1,39,201,456,53,0,\N,19:42.9
K010,4,19:42.6,1,40,0,0,52,0,\N,19:42.9
K015,1,19:42.7,1,57,120,58,0,107,\N,19:42.9
K015,4,19:42.7,1,60,76,0,123,64,\N,19:42.9
K009,3,19:42.7,1,35,121,58,56,0,\N,19:42.9
K009,4,19:42.7,1,36,0,0,58,0,\N,19:42.9
K014,4,19:42.8,1,56,142,279,0,0,\N,19:42.9
K010,1,19:42.9,1,37,77,52,121,94,\N,19:42.9
K010,2,19:42.9,1,38,80,191,999,999,\N,19:42.9
K010,3,19:42.9,1,39,999,999,119,161,\N,19:42.9
K015,1,19:43.0,1,57,118,53,0,109,\N,19:43.3
K015,4,19:43.0,1,60,75,0,125,63,\N,19:43.3
K009,3,19:43.0,1,35,90,0,0,0,\N,19:43.3
K009,4,19:43.0,1,36,0,0,60,0,\N,19:43.3
K014,4,19:43.1,1,56,142,279,0,0,\N,19:43.3
K010,1,19:43.2,1,37,73,0,92,97,\N,19:43.3
K010,2,19:43.2,1,38,78,0,200,0,\N,19:43.3
K010,3,19:43.2,1,39,999,999,123,284,\N,19:43.3
K015,1,19:43.3,1,57,108,0,0,87,\N,19:43.3
K015,4,19:43.3,1,60,0,0,141,0,\N,19:43.3
K009,3,19:43.3,1,35,89,51,0,0,\N,19:43.8
K009,4,19:43.3,1,36,0,0,55,0,\N,19:43.8
Break,,,,,,,,,,
K009,3,19:48.2,1,35,88,68,66,0,\N,19:48.5
K009,4,19:48.2,1,36,0,0,55,0,\N,19:48.5
K014,4,19:48.3,1,56,131,306,0,0,\N,19:48.5
K015,1,19:48.3,1,57,518,0,999,999,\N,19:48.5
K010,1,19:48.4,1,37,80,0,94,119,\N,19:48.5
K010,2,19:48.4,1,38,0,0,204,106,\N,19:48.5
K010,3,19:48.4,1,39,0,88,0,195,\N,19:48.5
K010,4,19:48.4,1,40,0,0,56,0,\N,19:48.5
K015,4,19:48.3,1,60,999,999,67,302,\N,19:48.5
K009,3,19:48.5,1,35,105,70,71,0,\N,19:48.9
K009,4,19:48.5,1,36,0,0,54,0,\N,19:48.9
K015,1,19:48.6,1,57,270,0,999,999,\N,19:48.9
K015,4,19:48.6,1,60,999,999,61,276,\N,19:48.9
K014,4,19:48.6,1,56,135,291,0,0,\N,19:48.9
K010,1,19:48.7,1,37,79,52,95,108,\N,19:48.9
K010,2,19:48.7,1,38,119,145,999,999,\N,19:48.9
K015,1,19:48.8,1,57,125,133,701,629,\N,19:48.9
K009,3,19:48.8,1,35,107,77,76,0,\N,19:48.9
K009,4,19:48.8,1,36,0,0,54,0,\N,19:48.9
K015,4,19:48.8,1,60,468,379,96,155,\N,19:48.9
K010,3,19:48.7,1,39,999,999,66,437,\N,19:48.9
K014,4,19:48.9,1,56,139,291,0,0,\N,19:48.9
K015,1,19:49.1,1,57,214,54,999,999,\N,19:49.3
K009,3,19:49.1,1,35,106,77,76,0,\N,19:49.3
K009,4,19:49.1,1,36,0,0,54,0,\N,19:49.3
K015,4,19:49.1,1,60,936,999,202,265,\N,19:49.3
K014,4,19:49.2,1,56,138,290,0,0,\N,19:49.3
K010,1,19:49.3,1,37,78,0,91,117,\N,19:49.7
K010,2,19:49.3,1,38,65,178,999,999,\N,19:49.7
K010,3,19:49.3,1,39,999,999,0,241,\N,19:49.7
K010,4,19:49.3,1,40,0,0,57,52,\N,19:49.7
K009,3,19:49.4,1,35,99,70,68,0,\N,19:49.7
K009,4,19:49.4,1,36,0,0,54,0,\N,19:49.7
K015,1,19:49.5,1,57,218,77,999,999,\N,19:49.7
K015,4,19:49.5,1,60,999,999,279,339,\N,19:49.7
K014,4,19:49.5,1,56,137,290,0,0,\N,19:49.7
K010,1,19:49.6,1,37,78,0,87,119,\N,19:49.7
K010,2,19:49.6,1,38,0,245,999,999,\N,19:49.7
K010,3,19:49.6,1,39,66,252,0,100,\N,19:49.7
K010,4,19:49.6,1,40,0,0,57,56,\N,19:49.7
K009,3,19:49.7,1,35,105,75,75,0,\N,19:50.1
K009,4,19:49.7,1,36,0,0,56,0,\N,19:50.1
K014,4,19:49.8,1,56,138,290,0,0,\N,19:50.1
K010,1,19:49.8,1,37,74,0,83,115,\N,19:50.1
K010,2,19:49.8,1,38,0,85,999,999,\N,19:50.1
K010,3,19:49.8,1,39,714,999,0,101,\N,19:50.1
K010,4,19:49.8,1,40,0,0,56,0,\N,19:50.1
K015,1,19:49.8,1,57,177,133,999,998,\N,19:50.1
K015,4,19:49.8,1,60,892,999,139,227,\N,19:50.1
K010,1,19:50.0,1,37,74,0,86,110,\N,19:50.1
K010,2,19:50.0,1,38,0,59,999,999,\N,19:50.1
K010,3,19:50.0,1,39,919,999,0,146,\N,19:50.1
K010,4,19:50.0,1,40,0,0,55,0,\N,19:50.1
K009,3,19:50.1,1,35,105,75,75,0,\N,19:50.1
K009,4,19:50.1,1,36,0,0,55,0,\N,19:50.1
K014,4,19:50.1,1,56,137,290,0,0,\N,19:50.1
K015,1,19:50.2,1,57,178,139,999,968,\N,19:50.5
K015,4,19:50.2,1,60,920,999,140,233,\N,19:50.5
K010,1,19:50.3,1,37,76,0,89,113,\N,19:50.5
K010,2,19:50.3,1,38,0,52,999,999,\N,19:50.5
K010,3,19:50.3,1,39,892,999,0,123,\N,19:50.5
K010,4,19:50.3,1,40,0,0,56,51,\N,19:50.5
K009,3,19:50.4,1,35,104,75,75,0,\N,19:50.5
K009,4,19:50.4,1,36,0,0,55,0,\N,19:50.5
K014,4,19:50.4,1,56,137,290,0,0,\N,19:50.5
K015,1,19:50.5,1,57,199,133,999,995,\N,19:50.5
K015,4,19:50.5,1,60,999,999,207,303,\N,19:50.5
K010,1,19:50.6,1,37,73,0,83,114,\N,19:50.8
K010,2,19:50.6,1,38,0,80,999,999,\N,19:50.8
K010,3,19:50.6,1,39,698,999,0,55,\N,19:50.8
K010,4,19:50.6,1,40,0,0,55,52,\N,19:50.8
K009,3,19:50.7,1,35,103,75,75,0,\N,19:50.8
K009,4,19:50.7,1,36,0,0,55,0,\N,19:50.8
K014,4,19:50.7,1,56,137,290,0,0,\N,19:50.8
K015,1,19:50.7,1,57,215,81,999,999,\N,19:50.8
K015,4,19:50.7,1,60,999,999,170,288,\N,19:50.8
K010,1,19:50.9,1,37,73,0,82,114,\N,19:51.3
K010,2,19:50.9,1,38,0,84,999,999,\N,19:51.3
K010,3,19:50.9,1,39,706,999,0,66,\N,19:51.3
K010,4,19:50.9,1,40,0,0,55,51,\N,19:51.3
K009,3,19:51.0,1,35,103,75,76,0,\N,19:51.3
K009,4,19:51.0,1,36,0,0,55,0,\N,19:51.3
K015,1,19:51.1,1,57,218,68,999,999,\N,19:51.3
K014,4,19:51.1,1,56,137,289,0,0,\N,19:51.3
K015,4,19:51.1,1,60,969,999,155,281,\N,19:51.3
K010,1,19:51.2,1,37,73,0,82,114,\N,19:51.3
K010,2,19:51.2,1,38,0,88,999,999,\N,19:51.3
K010,3,19:51.2,1,39,708,999,0,73,\N,19:51.3
K010,4,19:51.2,1,40,0,0,55,0,\N,19:51.3
K009,3,19:51.3,1,35,103,76,76,0,\N,19:51.3
K009,4,19:51.3,1,36,0,0,55,0,\N,19:51.3
K014,4,19:51.4,1,56,137,289,0,0,\N,19:51.7
K015,1,19:51.4,1,57,223,0,999,999,\N,19:51.7
K010,1,19:51.5,1,37,73,0,84,112,\N,19:51.7
K010,2,19:51.5,1,38,0,57,999,999,\N,19:51.7
K010,3,19:51.5,1,39,828,999,0,118,\N,19:51.7
K010,4,19:51.5,1,40,0,0,55,0,\N,19:51.7
K015,4,19:51.4,1,60,759,999,110,246,\N,19:51.7
K009,3,19:51.6,1,35,103,76,76,0,\N,19:51.7
K009,4,19:51.6,1,36,0,0,55,0,\N,19:51.7
K014,4,19:51.7,1,56,137,290,0,0,\N,19:51.7
K015,1,19:51.7,1,57,197,85,999,999,\N,19:52.1
K015,4,19:51.7,1,60,816,999,133,260,\N,19:52.1
K010,1,19:51.8,1,37,73,0,86,112,\N,19:52.1
K010,2,19:51.8,1,38,0,0,999,999,\N,19:52.1
K009,3,19:51.9,1,35,102,75,75,0,\N,19:52.1
K009,4,19:51.9,1,36,0,0,55,0,\N,19:52.1
K015,1,19:52.0,1,57,187,107,999,999,\N,19:52.1
K014,4,19:52.0,1,56,137,290,0,0,\N,19:52.1
K015,4,19:52.0,1,60,999,999,172,299,\N,19:52.1
K010,3,19:51.8,1,39,921,999,0,132,\N,19:52.1
K009,3,19:52.2,1,35,102,75,75,0,\N,19:52.6
K009,4,19:52.2,1,36,0,0,56,0,\N,19:52.6
K014,4,19:52.3,1,56,137,290,0,0,\N,19:52.6
K015,1,19:52.3,1,57,175,135,999,906,\N,19:52.6
K015,4,19:52.3,1,60,999,999,202,328,\N,19:52.6
K010,4,19:51.8,1,40,0,0,54,0,\N,19:52.6
K009,3,19:52.5,1,35,102,75,75,0,\N,19:52.6
K009,4,19:52.5,1,36,0,0,56,0,\N,19:52.6
K010,1,19:52.5,1,37,73,0,87,112,\N,19:52.6
K010,2,19:52.5,1,38,0,0,999,999,\N,19:52.6
K010,3,19:52.5,1,39,999,999,0,153,\N,19:52.6
K010,4,19:52.5,1,40,0,0,54,0,\N,19:52.6
K014,4,19:52.6,1,56,137,290,0,0,\N,19:52.6
K015,1,19:52.6,1,57,173,141,999,873,\N,19:52.9
K015,4,19:52.6,1,60,999,999,205,325,\N,19:52.9
K010,1,19:52.7,1,37,73,0,87,111,\N,19:52.9
K010,2,19:52.7,1,38,0,0,999,999,\N,19:52.9
K010,3,19:52.7,1,39,999,999,0,161,\N,19:52.9
K010,4,19:52.7,1,40,0,0,54,0,\N,19:52.9
K009,3,19:52.8,1,35,102,75,75,0,\N,19:52.9
K009,4,19:52.8,1,36,0,0,56,0,\N,19:52.9
K014,4,19:52.9,1,56,137,291,0,0,\N,19:52.9
K015,1,19:52.9,1,57,180,138,999,879,\N,19:52.9
K015,4,19:52.9,1,60,999,999,206,324,\N,19:52.9
K010,1,19:52.9,1,37,74,0,88,111,\N,19:52.9
K010,2,19:52.9,1,38,0,0,999,999,\N,19:52.9
K010,3,19:52.9,1,39,999,999,0,167,\N,19:52.9
K010,4,19:52.9,1,40,0,0,54,0,\N,19:53.3
K009,3,19:53.1,1,35,102,75,75,0,\N,19:53.3
K009,4,19:53.1,1,36,0,0,56,0,\N,19:53.3
K010,1,19:53.2,1,37,73,0,88,111,\N,19:53.3
K010,2,19:53.2,1,38,0,0,999,999,\N,19:53.3
K010,3,19:53.2,1,39,999,999,0,157,\N,19:53.3
K014,4,19:53.2,1,56,137,290,0,0,\N,19:53.3
K010,4,19:53.2,1,40,0,0,55,0,\N,19:53.3
K015,1,19:53.2,1,57,176,144,999,833,\N,19:53.3
K015,4,19:53.2,1,60,999,999,219,342,\N,19:53.3
K010,1,19:53.4,1,37,73,0,86,111,\N,19:53.7
K010,2,19:53.4,1,38,0,0,999,999,\N,19:53.7
K010,3,19:53.4,1,39,999,999,0,147,\N,19:53.7
K010,4,19:53.4,1,40,0,0,55,0,\N,19:53.7
K009,3,19:53.4,1,35,102,75,75,0,\N,19:53.7
K009,4,19:53.4,1,36,0,0,55,0,\N,19:53.7
K014,4,19:53.5,1,56,137,290,0,0,\N,19:53.7
K015,1,19:53.5,1,57,184,130,999,877,\N,19:53.7
K015,4,19:53.5,1,60,999,999,205,325,\N,19:53.7
K010,1,19:53.7,1,37,72,0,84,110,\N,19:53.7
K010,2,19:53.7,1,38,0,0,999,999,\N,19:53.7
K009,3,19:53.7,1,35,102,76,76,0,\N,19:53.7
K009,4,19:53.7,1,36,0,0,55,0,\N,19:53.7
K010,3,19:53.7,1,39,971,999,0,126,\N,19:54.2
K010,4,19:53.7,1,40,0,0,55,51,\N,19:54.2
K014,4,19:53.8,1,56,137,290,0,0,\N,19:54.2
K015,1,19:53.9,1,57,196,116,999,916,\N,19:54.2
K015,4,19:53.9,1,60,999,999,182,319,\N,19:54.2
K009,3,19:54.0,1,35,101,76,76,0,\N,19:54.2
K009,4,19:54.0,1,36,0,0,55,0,\N,19:54.2
K010,1,19:54.1,1,37,72,0,84,111,\N,19:54.2
K010,2,19:54.1,1,38,0,54,999,999,\N,19:54.2
K010,3,19:54.1,1,39,944,999,0,124,\N,19:54.2
K010,4,19:54.1,1,40,0,0,55,51,\N,19:54.2
K014,4,19:54.1,1,56,137,290,0,0,\N,19:54.2
K015,1,19:54.2,1,57,198,113,999,932,\N,19:54.6
K015,4,19:54.2,1,60,999,999,179,318,\N,19:54.6
K009,3,19:54.3,1,35,101,76,76,0,\N,19:54.6
K009,4,19:54.3,1,36,0,0,55,0,\N,19:54.6
K010,1,19:54.4,1,37,72,0,84,111,\N,19:54.6
K010,2,19:54.4,1,38,0,53,999,999,\N,19:54.6
K010,3,19:54.4,1,39,948,999,0,125,\N,19:54.6
K010,4,19:54.4,1,40,0,0,55,51,\N,19:54.6
K014,4,19:54.4,1,56,137,290,0,0,\N,19:54.6
K015,1,19:54.6,1,57,194,122,999,910,\N,19:54.6
K009,3,19:54.6,1,35,101,76,76,0,\N,19:54.9
K009,4,19:54.6,1,36,0,0,55,0,\N,19:54.9
K014,4,19:54.7,1,56,137,290,0,0,\N,19:54.9
K010,1,19:54.7,1,37,72,0,83,111,\N,19:54.9
K010,2,19:54.7,1,38,0,57,999,999,\N,19:54.9
K015,4,19:54.6,1,60,999,999,195,328,\N,19:54.9
K010,3,19:54.7,1,39,929,999,0,117,\N,19:54.9
K010,4,19:54.7,1,40,0,0,55,51,\N,19:54.9
K015,1,19:54.9,1,57,200,114,999,936,\N,19:54.9
K015,4,19:54.9,1,60,999,999,186,324,\N,19:54.9
K009,3,19:54.9,1,35,101,76,77,0,\N,19:54.9
K009,4,19:54.9,1,36,0,0,55,0,\N,19:54.9
K014,4,19:55.0,1,56,137,290,0,0,\N,19:55.4
K010,1,19:55.0,1,37,72,0,83,111,\N,19:55.4
K010,2,19:55.0,1,38,0,59,999,999,\N,19:55.4
K015,1,19:55.1,1,57,202,102,999,999,\N,19:55.4
K015,4,19:55.1,1,60,999,999,161,305,\N,19:55.4
K009,3,19:55.3,1,35,101,76,77,0,\N,19:55.4
K009,4,19:55.3,1,36,0,0,55,0,\N,19:55.4
K010,3,19:55.0,1,39,904,999,0,113,\N,19:55.4
K014,4,19:55.3,1,56,137,289,0,0,\N,19:55.4
K015,1,19:55.4,1,57,223,79,999,999,\N,19:55.8
K015,4,19:55.4,1,60,999,999,145,295,\N,19:55.8
K010,4,19:55.0,1,40,0,0,55,51,\N,19:55.8
K009,3,19:55.6,1,35,101,77,77,0,\N,19:55.8
K009,4,19:55.6,1,36,0,0,55,0,\N,19:55.8
K014,4,19:55.6,1,56,137,289,0,0,\N,19:55.8
K010,1,19:55.7,1,37,72,0,82,112,\N,19:55.8
K010,2,19:55.7,1,38,0,74,999,999,\N,19:55.8
K010,3,19:55.7,1,39,815,999,0,89,\N,19:55.8
K010,4,19:55.7,1,40,0,0,55,51,\N,19:55.8
K015,1,19:55.7,1,57,208,102,999,999,\N,19:55.8
K015,4,19:55.7,1,60,999,999,162,304,\N,19:55.8
K010,1,19:55.8,1,37,72,0,82,113,\N,19:56.2
K010,2,19:55.8,1,38,0,85,999,999,\N,19:56.2
K010,3,19:55.8,1,39,781,999,0,91,\N,19:56.2
K010,4,19:55.8,1,40,0,0,55,0,\N,19:56.2
K009,3,19:55.9,1,35,101,76,77,0,\N,19:56.2
K009,4,19:55.9,1,36,0,0,55,0,\N,19:56.2
K014,4,19:55.9,1,56,137,290,0,0,\N,19:56.2
K010,1,19:56.0,1,37,72,0,81,113,\N,19:56.2
K010,2,19:56.0,1,38,0,85,999,999,\N,19:56.2
K010,3,19:56.0,1,39,793,999,0,106,\N,19:56.2
K010,4,19:56.0,1,40,0,0,55,0,\N,19:56.2
K015,1,19:56.1,1,57,211,95,999,999,\N,19:56.2
K015,4,19:56.1,1,60,999,999,170,309,\N,19:56.2
K009,3,19:56.2,1,35,101,77,77,0,\N,19:56.6
K009,4,19:56.2,1,36,0,0,55,0,\N,19:56.6
K014,4,19:56.2,1,56,137,289,0,0,\N,19:56.6
K010,1,19:56.3,1,37,72,0,82,112,\N,19:56.6
K010,2,19:56.3,1,38,0,76,999,999,\N,19:56.6
K010,3,19:56.3,1,39,744,999,0,78,\N,19:56.6
K010,4,19:56.3,1,40,0,0,54,51,\N,19:56.6
K009,3,19:56.5,1,35,101,77,77,0,\N,19:56.6
K009,4,19:56.5,1,36,0,0,55,0,\N,19:56.6
K015,1,19:56.5,1,57,218,84,999,999,\N,19:56.6
K014,4,19:56.5,1,56,137,290,0,0,\N,19:56.6
K015,4,19:56.5,1,60,999,999,155,304,\N,19:56.6
K010,1,19:56.6,1,37,72,0,83,111,\N,19:56.9
K010,2,19:56.6,1,38,0,69,999,999,\N,19:56.9
K010,3,19:56.6,1,39,821,999,0,114,\N,19:56.9
K010,4,19:56.6,1,40,0,0,54,0,\N,19:56.9
K015,1,19:56.7,1,57,202,115,999,999,\N,19:56.9
K015,4,19:56.7,1,60,999,999,169,310,\N,19:56.9
K009,3,19:56.8,1,35,101,77,77,0,\N,19:56.9
K009,4,19:56.8,1,36,0,0,55,0,\N,19:56.9
K014,4,19:56.9,1,56,137,290,0,0,\N,19:56.9
K010,1,19:56.9,1,37,72,0,81,113,\N,19:56.9
K010,2,19:56.9,1,38,0,83,999,999,\N,19:56.9
K010,3,19:56.9,1,39,739,999,0,71,\N,19:56.9
K010,4,19:56.9,1,40,0,0,54,52,\N,19:56.9
K015,1,19:57.0,1,57,227,83,999,999,\N,19:57.4
K015,4,19:57.0,1,60,999,999,167,314,\N,19:57.4
K009,3,19:57.1,1,35,100,77,77,0,\N,19:57.4
K009,4,19:57.1,1,36,0,0,55,0,\N,19:57.4
K014,4,19:57.2,1,56,137,290,0,0,\N,19:57.4
K010,1,19:57.2,1,37,72,0,84,111,\N,19:57.4
K010,2,19:57.2,1,38,0,60,999,999,\N,19:57.4
K010,3,19:57.2,1,39,764,999,0,77,\N,19:57.4
K010,4,19:57.2,1,40,0,0,54,51,\N,19:57.4
K015,1,19:57.3,1,57,212,103,999,999,\N,19:57.4
K015,4,19:57.3,1,60,999,999,185,321,\N,19:57.4
K009,3,19:57.4,1,35,100,77,77,0,\N,19:57.8
K009,4,19:57.4,1,36,0,0,55,0,\N,19:57.8
K014,4,19:57.5,1,56,137,290,0,0,\N,19:57.8
K010,1,19:57.5,1,37,72,0,83,110,\N,19:57.8
K010,2,19:57.5,1,38,0,64,999,999,\N,19:57.8
K010,3,19:57.5,1,39,809,999,0,103,\N,19:57.8
K010,4,19:57.5,1,40,0,0,53,0,\N,19:57.8
K015,1,19:57.7,1,57,204,104,999,999,\N,19:57.8
K009,3,19:57.7,1,35,101,77,77,0,\N,19:57.8
K009,4,19:57.7,1,36,0,0,55,0,\N,19:57.8
K014,4,19:57.8,1,56,137,290,0,0,\N,19:57.8
K010,1,19:57.8,1,37,72,0,82,111,\N,19:58.2
K010,2,19:57.8,1,38,0,83,999,999,\N,19:58.2
K010,3,19:57.8,1,39,809,999,0,105,\N,19:58.2
K010,4,19:57.8,1,40,0,0,54,0,\N,19:58.2
K015,4,19:57.7,1,60,999,999,166,303,\N,19:58.2
K009,3,19:58.0,1,35,100,77,78,0,\N,19:58.2
K009,4,19:58.0,1,36,0,0,55,0,\N,19:58.2
K014,4,19:58.1,1,56,137,290,0,0,\N,19:58.2
K010,1,19:58.2,1,37,72,0,82,112,\N,19:58.2
K010,2,19:58.2,1,38,0,81,999,999,\N,19:58.2
K015,1,19:58.2,1,57,201,111,999,999,\N,19:58.7
K015,4,19:58.2,1,60,999,999,173,304,\N,19:58.7
K009,3,19:58.3,1,35,100,77,77,0,\N,19:58.7
K009,4,19:58.3,1,36,0,0,55,0,\N,19:58.7
K014,4,19:58.4,1,56,137,290,0,0,\N,19:58.7
K010,3,19:58.2,1,39,797,999,0,95,\N,19:58.7
K015,1,19:58.5,1,57,201,114,999,999,\N,19:58.7
K015,4,19:58.5,1,60,999,999,192,319,\N,19:58.7
K010,4,19:58.2,1,40,0,0,54,0,\N,19:58.7
K009,3,19:58.6,1,35,100,77,77,0,\N,19:58.7
K009,4,19:58.6,1,36,0,0,55,0,\N,19:58.7
K014,4,19:58.7,1,56,137,290,0,0,\N,19:58.7
K015,1,19:58.8,1,57,185,127,999,964,\N,19:59.1
K015,4,19:58.8,1,60,999,999,201,316,\N,19:59.1
K010,1,19:58.8,1,37,73,0,84,111,\N,19:59.1
K010,2,19:58.8,1,38,0,55,999,999,\N,19:59.1
K010,3,19:58.8,1,39,891,999,0,126,\N,19:59.1
K010,4,19:58.8,1,40,0,0,53,0,\N,19:59.1
K009,3,19:58.9,1,35,101,77,77,0,\N,19:59.1
K009,4,19:58.9,1,36,0,0,55,0,\N,19:59.1
K014,4,19:59.0,1,56,137,290,0,0,\N,19:59.1
K010,1,19:59.1,1,37,73,0,85,108,\N,19:59.4
K010,2,19:59.1,1,38,0,51,999,999,\N,19:59.4
K015,1,19:59.1,1,57,173,135,999,921,\N,19:59.4
K010,3,19:59.1,1,39,977,999,0,149,\N,19:59.4
K010,4,19:59.1,1,40,0,0,54,0,\N,19:59.4
K015,4,19:59.1,1,60,999,999,180,287,\N,19:59.4
K009,3,19:59.2,1,35,100,77,77,0,\N,19:59.4
K009,4,19:59.2,1,36,0,0,55,0,\N,19:59.4
K015,1,19:59.3,1,57,176,149,999,817,\N,19:59.4
K010,1,19:59.3,1,37,74,0,87,109,\N,19:59.4
K010,2,19:59.3,1,38,0,0,999,999,\N,19:59.4
K010,3,19:59.3,1,39,976,999,0,133,\N,19:59.4
K010,4,19:59.3,1,40,0,0,54,0,\N,19:59.4
K015,4,19:59.3,1,60,999,999,226,326,\N,19:59.4
K014,4,19:59.3,1,56,137,290,0,0,\N,19:59.4
K009,3,19:59.5,1,35,101,77,78,0,\N,19:59.9
K009,4,19:59.5,1,36,0,0,56,0,\N,19:59.9
K014,4,19:59.6,1,56,138,290,0,0,\N,19:59.9
K010,1,19:59.7,1,37,74,0,84,107,\N,19:59.9
K010,2,19:59.7,1,38,51,107,999,999,\N,19:59.9
K010,3,19:59.7,1,39,924,999,0,127,\N,19:59.9
K010,4,19:59.7,1,40,0,0,54,0,\N,19:59.9
K009,3,19:59.8,1,35,61,0,0,53,\N,19:59.9
K009,4,19:59.8,1,36,0,0,55,0,\N,19:59.9
K014,4,19:59.9,1,56,136,291,0,0,\N,19:59.9
K015,1,19:59.9,1,57,125,171,815,688,\N,20:00.3
K015,4,19:59.9,1,60,866,999,182,215,\N,20:00.3
K010,1,20:00.0,1,37,77,62,96,100,\N,20:00.3
K010,2,20:00.0,1,38,0,250,999,999,\N,20:00.3
K010,3,20:00.0,1,39,0,186,54,69,\N,20:00.3
K010,4,20:00.0,1,40,0,0,54,52,\N,20:00.3
K009,3,20:00.1,1,35,84,65,65,0,\N,20:00.3
K009,4,20:00.1,1,36,0,0,56,0,\N,20:00.3
K014,4,20:00.2,1,56,135,292,0,0,\N,20:00.3
K015,1,20:00.3,1,57,307,87,999,976,\N,20:00.3
K015,4,20:00.3,1,60,999,999,239,539,\N,20:00.3
K010,1,20:00.3,1,37,73,0,87,112,\N,20:00.6
K010,2,20:00.3,1,38,0,0,180,0,\N,20:00.6
K010,3,20:00.3,1,39,85,0,0,188,\N,20:00.6
K010,4,20:00.3,1,40,0,0,54,52,\N,20:00.6
K015,1,20:00.4,1,57,283,95,999,999,\N,20:00.6
K009,3,20:00.5,1,35,85,64,66,0,\N,20:00.6
K009,4,20:00.5,1,36,0,0,55,0,\N,20:00.6
K015,4,20:00.4,1,60,999,999,348,592,\N,20:00.6
K010,1,20:00.5,1,37,73,0,87,113,\N,20:00.6
K010,2,20:00.5,1,38,0,0,172,0,\N,20:00.6
K010,3,20:00.5,1,39,89,0,0,147,\N,20:00.6
K010,4,20:00.5,1,40,0,0,53,57,\N,20:00.6
K014,4,20:00.5,1,56,136,309,0,0,\N,20:00.6
K015,1,20:00.7,1,57,278,142,758,376,\N,20:01.1
K009,3,20:00.8,1,35,89,68,67,0,\N,20:01.1
K009,4,20:00.8,1,36,0,0,54,0,\N,20:01.1
K010,1,20:00.8,1,37,78,0,92,117,\N,20:01.1
K010,2,20:00.8,1,38,0,0,185,0,\N,20:01.1
K010,3,20:00.8,1,39,93,0,0,153,\N,20:01.1
K010,4,20:00.8,1,40,0,0,55,58,\N,20:01.1
K014,4,20:00.8,1,56,138,309,0,0,\N,20:01.1
K015,4,20:00.7,1,60,999,999,224,406,\N,20:01.1
Break,,,,,,,,,,
K014,4,20:04.2,1,56,140,300,0,0,\N,20:04.2
K015,1,20:04.4,1,57,385,163,999,999,\N,20:04.6
K010,1,20:04.5,1,37,79,0,92,118,\N,20:04.6
K010,2,20:04.5,1,38,0,0,198,0,\N,20:04.6
K010,3,20:04.5,1,39,88,0,0,150,\N,20:04.6
K010,4,20:04.5,1,40,0,0,55,0,\N,20:04.6
K009,3,20:04.5,1,35,86,70,70,0,\N,20:04.6
K009,4,20:04.5,1,36,0,0,56,0,\N,20:04.6
K015,4,20:04.4,1,60,999,999,413,538,\N,20:04.6
K014,4,20:04.5,1,56,133,304,0,0,\N,20:04.6
K010,1,20:04.8,1,37,79,0,91,118,\N,20:05.0
K010,2,20:04.8,1,38,0,0,218,80,\N,20:05.0
K010,3,20:04.8,1,39,93,0,0,162,\N,20:05.0
K010,4,20:04.8,1,40,0,0,55,0,\N,20:05.0
K009,3,20:04.8,1,35,90,71,72,0,\N,20:05.0
K009,4,20:04.8,1,36,0,0,55,0,\N,20:05.0
K014,4,20:04.8,1,56,135,291,0,0,\N,20:05.0
K015,1,20:04.9,1,57,464,294,999,999,\N,20:05.0
K015,4,20:04.9,1,60,999,999,0,465,\N,20:05.0
K010,1,20:05.1,1,37,78,0,86,120,\N,20:05.4
K010,2,20:05.1,1,38,0,0,168,61,\N,20:05.4
K010,3,20:05.1,1,39,106,0,0,180,\N,20:05.4
K010,4,20:05.1,1,40,0,0,56,0,\N,20:05.4
K009,3,20:05.1,1,35,94,71,72,0,\N,20:05.4
K009,4,20:05.1,1,36,0,0,55,0,\N,20:05.4
K014,4,20:05.1,1,56,131,627,999,999,\N,20:05.4
K015,1,20:05.1,1,57,787,741,999,999,\N,20:05.4
K015,4,20:05.1,1,60,999,999,106,441,\N,20:05.4
K010,1,20:05.4,1,37,77,0,86,120,\N,20:05.4
K010,2,20:05.4,1,38,0,0,173,62,\N,20:05.4
K010,3,20:05.4,1,39,105,0,0,180,\N,20:05.4
K010,4,20:05.4,1,40,0,0,56,0,\N,20:05.4
K009,3,20:05.4,1,35,96,71,71,0,\N,20:05.4
K009,4,20:05.4,1,36,0,0,55,0,\N,20:05.4
K015,1,20:05.4,1,57,999,999,348,319,\N,20:05.8
K015,4,20:05.4,1,60,101,0,98,81,\N,20:05.8
K014,4,20:05.6,1,56,0,512,999,999,\N,20:05.8
K015,1,20:05.7,1,57,999,996,999,999,\N,20:05.8
K010,1,20:05.7,1,37,77,0,86,120,\N,20:05.8
K010,2,20:05.7,1,38,0,0,199,86,\N,20:05.8
K010,3,20:05.7,1,39,100,0,0,175,\N,20:05.8
K010,4,20:05.7,1,40,0,0,56,0,\N,20:05.8
K009,3,20:05.7,1,35,96,74,72,0,\N,20:05.8
K009,4,20:05.7,1,36,0,0,55,0,\N,20:05.8
K015,4,20:05.7,1,60,999,999,170,197,\N,20:05.8
K014,4,20:05.8,1,56,182,314,999,999,\N,20:06.2
K015,1,20:06.0,1,57,999,798,999,999,\N,20:06.2
K015,4,20:06.0,1,60,999,999,156,197,\N,20:06.2
K010,1,20:06.0,1,37,77,0,87,120,\N,20:06.2
K010,2,20:06.0,1,38,0,0,217,91,\N,20:06.2
K010,3,20:06.0,1,39,96,0,0,175,\N,20:06.2
K010,4,20:06.0,1,40,0,0,56,0,\N,20:06.2
K009,3,20:06.0,1,35,94,74,71,0,\N,20:06.2
K009,4,20:06.0,1,36,0,0,55,0,\N,20:06.2
K014,4,20:06.1,1,56,179,356,999,999,\N,20:06.2
K010,1,20:06.3,1,37,78,0,89,120,\N,20:06.6
K010,2,20:06.3,1,38,0,0,204,71,\N,20:06.6
K010,3,20:06.3,1,39,98,0,0,179,\N,20:06.6
K010,4,20:06.3,1,40,0,0,56,0,\N,20:06.6
K009,3,20:06.3,1,35,86,71,68,0,\N,20:06.6
K009,4,20:06.3,1,36,0,0,55,0,\N,20:06.6
K015,1,20:06.3,1,57,999,999,999,999,\N,20:06.6
K015,4,20:06.3,1,60,999,999,121,173,\N,20:06.6
K014,4,20:06.3,1,56,179,392,999,999,\N,20:06.6
K010,1,20:06.6,1,37,79,0,90,120,\N,20:06.6
K010,2,20:06.6,1,38,0,0,190,60,\N,20:06.6
K010,3,20:06.6,1,39,100,0,0,180,\N,20:06.6
K010,4,20:06.6,1,40,0,0,56,0,\N,20:06.6
K009,3,20:06.6,1,35,88,70,68,0,\N,20:06.6
K009,4,20:06.6,1,36,0,0,55,0,\N,20:06.6
K015,1,20:06.6,1,57,999,999,999,999,\N,20:06.6
K015,4,20:06.6,1,60,999,999,111,165,\N,20:06.6
K014,4,20:06.6,1,56,179,388,999,999,\N,20:07.0
K010,1,20:06.9,1,37,78,0,89,120,\N,20:07.0
K010,2,20:06.9,1,38,0,0,194,62,\N,20:07.0
K010,3,20:06.9,1,39,99,0,0,180,\N,20:07.0
K010,4,20:06.9,1,40,0,0,57,0,\N,20:07.0
K009,3,20:06.9,1,35,88,71,68,0,\N,20:07.0
K009,4,20:06.9,1,36,0,0,55,0,\N,20:07.0
K015,1,20:06.9,1,57,999,999,999,999,\N,20:07.0
K014,4,20:06.9,1,56,178,357,999,999,\N,20:07.0
K015,4,20:06.9,1,60,999,999,116,167,\N,20:07.0
K010,1,20:07.2,1,37,79,0,90,120,\N,20:07.4
K010,2,20:07.2,1,38,0,0,188,54,\N,20:07.4
K010,3,20:07.2,1,39,100,0,0,181,\N,20:07.4
K010,4,20:07.2,1,40,0,0,57,0,\N,20:07.4
K009,3,20:07.2,1,35,86,71,68,0,\N,20:07.4
K009,4,20:07.2,1,36,0,0,55,0,\N,20:07.4
K015,1,20:07.3,1,57,999,999,999,999,\N,20:07.4
K014,4,20:07.3,1,56,178,359,999,999,\N,20:07.4
K015,4,20:07.3,1,60,999,999,127,165,\N,20:07.4
K010,1,20:07.5,1,37,79,0,90,120,\N,20:07.9
K010,2,20:07.5,1,38,0,0,191,57,\N,20:07.9
K010,3,20:07.5,1,39,100,0,0,181,\N,20:07.9
K010,4,20:07.5,1,40,0,0,57,0,\N,20:07.9
K009,3,20:07.5,1,35,87,71,68,0,\N,20:07.9
K009,4,20:07.5,1,36,0,0,56,0,\N,20:07.9
K014,4,20:07.6,1,56,178,351,999,994,\N,20:07.9
K015,1,20:07.6,1,57,999,999,999,999,\N,20:07.9
K010,1,20:07.8,1,37,79,0,90,120,\N,20:07.9
K010,2,20:07.8,1,38,0,0,187,54,\N,20:07.9
K010,3,20:07.8,1,39,100,0,0,181,\N,20:07.9
K010,4,20:07.8,1,40,0,0,57,0,\N,20:07.9
K009,3,20:07.8,1,35,87,71,68,0,\N,20:07.9
K009,4,20:07.8,1,36,0,0,56,0,\N,20:07.9
K014,4,20:07.9,1,56,178,337,967,940,\N,20:07.9
K015,4,20:07.6,1,60,999,999,118,160,\N,20:07.9
K010,1,20:08.1,1,37,79,0,90,120,\N,20:08.3
K010,2,20:08.1,1,38,0,0,171,52,\N,20:08.3
K010,3,20:08.1,1,39,103,0,0,183,\N,20:08.3
K010,4,20:08.1,1,40,0,0,57,0,\N,20:08.3
K009,3,20:08.1,1,35,86,71,69,0,\N,20:08.3
K009,4,20:08.1,1,36,0,0,56,0,\N,20:08.3
K014,4,20:08.2,1,56,177,334,901,833,\N,20:08.3
K015,1,20:08.4,1,57,999,999,999,999,\N,20:08.8
K015,4,20:08.4,1,60,999,999,132,162,\N,20:08.8
K010,1,20:08.4,1,37,79,0,89,120,\N,20:08.8
K010,2,20:08.4,1,38,0,0,183,63,\N,20:08.8
K010,3,20:08.4,1,39,102,0,0,181,\N,20:08.8
K010,4,20:08.4,1,40,0,0,57,0,\N,20:08.8
K009,3,20:08.4,1,35,89,72,70,0,\N,20:08.8
K009,4,20:08.4,1,36,0,0,56,0,\N,20:08.8
K014,4,20:08.7,1,56,177,352,961,938,\N,20:08.8
K010,1,20:08.7,1,37,78,0,89,120,\N,20:08.8
K010,2,20:08.7,1,38,0,0,194,69,\N,20:08.8
K010,3,20:08.7,1,39,101,0,0,180,\N,20:08.8
K010,4,20:08.7,1,40,0,0,57,0,\N,20:08.8
K009,3,20:08.7,1,35,91,72,70,0,\N,20:08.8
K009,4,20:08.7,1,36,0,0,56,0,\N,20:08.8
K014,4,20:08.9,1,56,177,345,976,965,\N,20:09.3
K009,3,20:09.0,1,35,93,72,71,0,\N,20:09.3
K009,4,20:09.0,1,36,0,0,55,0,\N,20:09.3
K010,1,20:09.0,1,37,79,0,90,120,\N,20:09.3
K010,2,20:09.0,1,38,0,0,205,63,\N,20:09.3
K010,3,20:09.0,1,39,100,0,0,180,\N,20:09.3
K010,4,20:09.0,1,40,0,0,57,0,\N,20:09.3
K014,4,20:09.2,1,56,177,343,999,999,\N,20:09.3
K009,3,20:09.3,1,35,91,72,69,0,\N,20:09.3
K009,4,20:09.3,1,36,0,0,56,0,\N,20:09.3
K010,1,20:09.3,1,37,80,0,94,118,\N,20:09.3
K010,2,20:09.3,1,38,0,0,187,83,\N,20:09.3
K010,3,20:09.3,1,39,105,0,0,181,\N,20:09.3
K010,4,20:09.3,1,40,0,0,57,0,\N,20:09.3
K015,1,20:09.4,1,57,999,999,999,999,\N,20:09.9
K015,4,20:09.4,1,60,999,999,130,160,\N,20:09.9
K014,4,20:09.5,1,56,172,424,745,826,\N,20:09.9
K009,3,20:09.6,1,35,95,69,73,0,\N,20:09.9
K009,4,20:09.6,1,36,0,0,56,0,\N,20:09.9
K015,1,20:09.7,1,57,999,999,999,999,\N,20:09.9
K015,4,20:09.7,1,60,999,999,113,163,\N,20:09.9
K014,4,20:09.8,1,56,177,470,999,999,\N,20:09.9
K015,1,20:09.9,1,57,999,999,999,999,\N,20:09.9
K009,3,20:09.9,1,35,95,69,73,0,\N,20:09.9
K009,4,20:09.9,1,36,0,0,56,0,\N,20:09.9
K015,4,20:09.9,1,60,903,999,91,164,\N,20:11.0
K014,4,20:10.1,1,56,177,412,955,999,\N,20:11.0
K015,1,20:10.6,1,57,999,999,999,999,\N,20:11.0
K015,4,20:10.6,1,60,931,999,105,196,\N,20:11.0
K014,4,20:10.7,1,56,177,400,920,999,\N,20:11.0
K010,1,20:11.0,1,37,79,0,90,120,\N,20:11.1
K010,2,20:11.0,1,38,0,0,183,57,\N,20:11.1
K010,3,20:11.0,1,39,106,0,0,184,\N,20:11.1
K010,4,20:11.0,1,40,0,0,57,0,\N,20:11.1
K010,1,20:11.0,1,37,79,0,90,121,\N,20:11.1
K010,2,20:11.0,1,38,0,0,183,57,\N,20:11.1
K010,3,20:11.0,1,39,104,0,0,183,\N,20:11.1
K010,4,20:11.0,1,40,0,0,57,0,\N,20:11.1
K010,1,20:11.0,1,37,79,0,90,120,\N,20:11.1
K010,2,20:11.0,1,38,0,0,184,58,\N,20:11.1
K010,3,20:11.0,1,39,104,0,0,183,\N,20:11.1
K010,4,20:11.0,1,40,0,0,57,0,\N,20:11.1
K010,1,20:11.0,1,37,79,0,90,121,\N,20:11.1
K010,2,20:11.0,1,38,0,0,184,58,\N,20:11.1
K010,3,20:11.0,1,39,104,0,0,182,\N,20:11.1
K010,4,20:11.0,1,40,0,0,57,0,\N,20:11.1
K010,1,20:11.0,1,37,79,0,90,121,\N,20:11.1
K010,2,20:11.0,1,38,0,0,185,58,\N,20:11.1
K010,3,20:11.0,1,39,104,0,0,182,\N,20:11.1
K010,4,20:11.0,1,40,0,0,57,0,\N,20:11.1
K014,4,20:11.0,1,56,176,405,947,999,\N,20:11.1
K015,1,20:11.0,1,57,768,689,999,999,\N,20:11.1
K010,1,20:11.2,1,37,79,0,90,121,\N,20:11.3
K010,2,20:11.2,1,38,0,0,185,58,\N,20:11.3
K010,3,20:11.2,1,39,104,0,0,182,\N,20:11.3
K010,4,20:11.2,1,40,0,0,57,0,\N,20:11.3
K015,4,20:11.0,1,60,999,999,85,184,\N,20:11.6
K010,1,20:11.5,1,37,79,0,90,121,\N,20:11.6
K010,2,20:11.5,1,38,0,0,189,63,\N,20:11.6
K010,3,20:11.5,1,39,104,0,0,182,\N,20:11.6
K010,4,20:11.5,1,40,0,0,57,0,\N,20:11.6
K009,3,20:11.6,1,35,95,69,72,0,\N,20:11.6
K009,4,20:11.6,1,36,0,0,56,0,\N,20:11.6
K015,1,20:11.6,1,57,999,999,999,999,\N,20:11.9
K015,4,20:11.6,1,60,657,999,0,120,\N,20:11.9
K010,1,20:11.8,1,37,79,0,90,121,\N,20:11.9
K010,2,20:11.8,1,38,0,0,186,59,\N,20:11.9
K010,3,20:11.8,1,39,104,0,0,183,\N,20:11.9
K010,4,20:11.8,1,40,0,0,57,0,\N,20:11.9
K009,3,20:11.8,1,35,95,68,72,0,\N,20:11.9
K009,4,20:11.8,1,36,0,0,56,0,\N,20:11.9
K009,3,20:11.8,1,35,95,68,71,0,\N,20:11.9
K009,4,20:11.8,1,36,0,0,56,0,\N,20:11.9
K009,3,20:11.8,1,35,95,68,71,0,\N,20:11.9
K009,4,20:11.8,1,36,0,0,56,0,\N,20:11.9
K009,3,20:11.8,1,35,96,68,72,0,\N,20:11.9
K009,4,20:11.8,1,36,0,0,56,0,\N,20:11.9
K009,3,20:11.8,1,35,95,69,72,0,\N,20:11.9
K009,4,20:11.8,1,36,0,0,56,0,\N,20:11.9
K015,1,20:11.9,1,57,999,999,999,999,\N,20:11.9
K015,4,20:11.9,1,60,802,999,0,153,\N,20:11.9
K014,4,20:12.0,1,56,177,419,992,999,\N,20:12.3
K010,1,20:12.1,1,37,79,0,90,121,\N,20:12.3
K010,2,20:12.1,1,38,0,0,191,63,\N,20:12.3
K010,3,20:12.1,1,39,104,0,0,182,\N,20:12.3
K010,4,20:12.1,1,40,0,0,57,0,\N,20:12.3
K009,3,20:12.1,1,35,96,69,72,0,\N,20:12.3
K009,4,20:12.1,1,36,0,0,56,0,\N,20:12.3
K015,1,20:12.3,1,57,999,999,999,999,\N,20:12.3
K015,4,20:12.3,1,60,883,999,60,158,\N,20:12.3
K014,4,20:12.4,1,56,176,423,999,999,\N,20:12.7
K010,1,20:12.4,1,37,79,0,90,121,\N,20:12.7
K010,2,20:12.4,1,38,0,0,192,65,\N,20:12.7
K010,3,20:12.4,1,39,104,0,0,182,\N,20:12.7
K010,4,20:12.4,1,40,0,0,57,0,\N,20:12.7
K009,3,20:12.4,1,35,96,69,72,0,\N,20:12.7
K009,4,20:12.4,1,36,0,0,56,0,\N,20:12.7
K014,4,20:12.6,1,56,176,409,991,999,\N,20:12.7
K015,1,20:12.6,1,57,999,999,999,999,\N,20:12.7
K015,4,20:12.6,1,60,871,999,52,160,\N,20:12.7
K010,1,20:12.7,1,37,79,0,90,121,\N,20:13.1
K010,2,20:12.7,1,38,0,0,186,57,\N,20:13.1
K010,3,20:12.7,1,39,104,0,0,183,\N,20:13.1
K010,4,20:12.7,1,40,0,0,57,0,\N,20:13.1
K014,4,20:12.7,1,56,176,403,966,999,\N,20:13.1
K009,3,20:12.7,1,35,95,69,72,0,\N,20:13.1
K009,4,20:12.7,1,36,0,0,56,0,\N,20:13.1
K015,1,20:12.8,1,57,999,999,999,999,\N,20:13.1
K015,4,20:12.8,1,60,818,999,0,159,\N,20:13.1
K014,4,20:12.9,1,56,176,416,994,999,\N,20:13.1
K010,1,20:13.0,1,37,79,0,90,122,\N,20:13.1
K010,2,20:13.0,1,38,0,0,187,58,\N,20:13.1
K010,3,20:13.0,1,39,104,0,0,183,\N,20:13.1
K010,4,20:13.0,1,40,0,0,57,0,\N,20:13.1
K009,3,20:13.0,1,35,95,70,73,0,\N,20:13.1
K009,4,20:13.0,1,36,0,0,56,0,\N,20:13.1
K015,1,20:13.1,1,57,999,999,999,999,\N,20:13.1
K015,4,20:13.1,1,60,807,999,0,160,\N,20:13.5
K014,4,20:13.1,1,56,176,411,950,998,\N,20:13.5
K010,1,20:13.3,1,37,79,0,90,121,\N,20:13.5
K010,2,20:13.3,1,38,0,0,191,63,\N,20:13.5
K010,3,20:13.3,1,39,104,0,0,183,\N,20:13.5
K010,4,20:13.3,1,40,0,0,57,0,\N,20:13.5
K009,3,20:13.3,1,35,96,69,72,0,\N,20:13.5
K009,4,20:13.3,1,36,0,0,56,0,\N,20:13.5
K015,1,20:13.4,1,57,999,999,999,999,\N,20:13.5
K014,4,20:13.4,1,56,176,399,882,921,\N,20:13.5
K015,4,20:13.4,1,60,768,999,0,157,\N,20:13.5
K014,4,20:13.5,1,56,176,424,951,999,\N,20:13.9
K010,1,20:13.6,1,37,79,0,90,121,\N,20:13.9
K010,2,20:13.6,1,38,0,0,199,74,\N,20:13.9
K010,3,20:13.6,1,39,104,0,0,181,\N,20:13.9
K010,4,20:13.6,1,40,0,0,57,0,\N,20:13.9
K009,3,20:13.7,1,35,97,70,73,0,\N,20:13.9
K009,4,20:13.7,1,36,0,0,56,0,\N,20:13.9
K015,1,20:13.7,1,57,999,999,999,999,\N,20:13.9
K015,4,20:13.7,1,60,738,999,0,156,\N,20:13.9
K014,4,20:13.8,1,56,175,432,996,999,\N,20:13.9
K015,1,20:13.8,1,57,999,999,999,999,\N,20:13.9
K015,4,20:13.8,1,60,720,999,0,160,\N,20:14.3
K014,4,20:13.9,1,56,175,424,988,999,\N,20:14.3
K010,1,20:13.9,1,37,79,0,90,121,\N,20:14.3
K010,2,20:13.9,1,38,0,0,200,74,\N,20:14.3
K010,3,20:13.9,1,39,104,0,0,181,\N,20:14.3
K010,4,20:13.9,1,40,0,0,58,0,\N,20:14.3
K009,3,20:14.0,1,35,97,70,73,0,\N,20:14.3
K009,4,20:14.0,1,36,0,0,56,0,\N,20:14.3
K015,1,20:14.1,1,57,999,999,999,999,\N,20:14.3
K014,4,20:14.1,1,56,175,417,978,999,\N,20:14.3
K010,1,20:14.2,1,37,79,0,91,122,\N,20:14.3
K010,2,20:14.2,1,38,0,0,193,70,\N,20:14.3
K010,3,20:14.2,1,39,104,0,0,182,\N,20:14.3
K010,4,20:14.2,1,40,0,0,58,0,\N,20:14.3
K009,3,20:14.3,1,35,95,70,72,0,\N,20:14.7
K009,4,20:14.3,1,36,0,0,56,0,\N,20:14.7
K015,4,20:14.1,1,60,745,999,0,160,\N,20:14.7
K014,4,20:14.5,1,56,175,407,942,999,\N,20:14.7
K009,3,20:14.6,1,35,94,70,72,0,\N,20:14.7
K009,4,20:14.6,1,36,0,0,56,0,\N,20:14.7
K010,1,20:14.6,1,37,79,0,92,122,\N,20:14.7
K010,2,20:14.6,1,38,0,0,183,57,\N,20:14.7
K010,3,20:14.6,1,39,105,0,0,184,\N,20:14.7
K010,4,20:14.6,1,40,0,0,57,0,\N,20:14.7
K014,4,20:14.8,1,56,175,410,904,950,\N,20:15.1
K015,1,20:14.8,1,57,999,999,999,999,\N,20:15.1
K010,1,20:14.9,1,37,79,0,91,122,\N,20:15.1
K010,2,20:14.9,1,38,0,0,187,58,\N,20:15.1
K010,3,20:14.9,1,39,104,0,0,184,\N,20:15.1
K010,4,20:14.9,1,40,0,0,58,0,\N,20:15.1
K015,4,20:14.8,1,60,756,999,0,160,\N,20:15.1
K009,3,20:14.9,1,35,95,70,73,0,\N,20:15.1
K009,4,20:14.9,1,36,0,0,56,0,\N,20:15.1
K014,4,20:15.1,1,56,175,402,874,890,\N,20:15.5
K015,1,20:15.1,1,57,999,999,999,999,\N,20:15.5
K015,4,20:15.1,1,60,730,999,0,162,\N,20:15.5
K010,1,20:15.2,1,37,79,0,91,122,\N,20:15.5
K010,2,20:15.2,1,38,0,0,187,58,\N,20:15.5
K010,3,20:15.2,1,39,104,0,0,184,\N,20:15.5
K010,4,20:15.2,1,40,0,0,58,0,\N,20:15.5
K009,3,20:15.2,1,35,95,70,73,0,\N,20:15.5
K009,4,20:15.2,1,36,0,0,56,0,\N,20:15.5
K015,1,20:15.4,1,57,999,999,999,999,\N,20:15.5
K015,4,20:15.4,1,60,684,999,0,165,\N,20:15.5
K010,1,20:15.5,1,37,79,0,91,122,\N,20:15.5
K010,2,20:15.5,1,38,0,0,188,58,\N,20:15.5
K010,3,20:15.5,1,39,104,0,0,184,\N,20:15.5
K010,4,20:15.5,1,40,0,0,58,0,\N,20:15.5
K009,3,20:15.5,1,35,95,70,73,0,\N,20:15.5
K009,4,20:15.5,1,36,0,0,56,0,\N,20:15.5
K014,4,20:15.5,1,56,175,408,888,908,\N,20:15.9
K015,1,20:15.6,1,57,999,999,999,999,\N,20:15.9
K015,4,20:15.6,1,60,638,999,0,162,\N,20:15.9
K015,1,20:15.8,1,57,999,999,999,999,\N,20:15.9
K014,4,20:15.8,1,56,175,405,884,898,\N,20:15.9
K015,4,20:15.8,1,60,645,999,0,161,\N,20:15.9
K010,1,20:15.8,1,37,79,0,91,122,\N,20:15.9
K010,2,20:15.8,1,38,0,0,188,58,\N,20:15.9
K010,3,20:15.8,1,39,104,0,0,184,\N,20:15.9
K010,4,20:15.8,1,40,0,0,58,0,\N,20:15.9
K009,3,20:15.8,1,35,95,70,73,0,\N,20:15.9
K009,4,20:15.8,1,36,0,0,56,0,\N,20:15.9
K014,4,20:16.0,1,56,175,400,890,910,\N,20:16.3
K015,1,20:16.0,1,57,999,999,999,999,\N,20:16.3
K015,4,20:16.0,1,60,671,999,0,157,\N,20:16.3
K010,1,20:16.1,1,37,79,0,91,123,\N,20:16.3
K010,2,20:16.1,1,38,0,0,188,58,\N,20:16.3
K010,3,20:16.1,1,39,104,0,0,184,\N,20:16.3
K010,4,20:16.1,1,40,0,0,58,0,\N,20:16.3
K009,3,20:16.1,1,35,95,71,73,0,\N,20:16.3
K009,4,20:16.1,1,36,0,0,56,0,\N,20:16.3
K015,1,20:16.2,1,57,999,999,999,999,\N,20:16.3
K015,4,20:16.2,1,60,762,999,0,157,\N,20:16.3
K014,4,20:16.3,1,56,175,428,943,999,\N,20:16.7
K010,1,20:16.4,1,37,79,0,91,122,\N,20:16.7
K010,2,20:16.4,1,38,0,0,188,58,\N,20:16.7
K010,3,20:16.4,1,39,105,0,0,185,\N,20:16.7
K010,4,20:16.4,1,40,0,0,58,0,\N,20:16.7
K009,3,20:16.4,1,35,95,71,74,0,\N,20:16.7
K009,4,20:16.4,1,36,0,0,56,0,\N,20:16.7
K015,1,20:16.4,1,57,999,999,999,999,\N,20:16.7
K015,4,20:16.4,1,60,780,999,0,156,\N,20:16.7
K015,1,20:16.6,1,57,999,999,999,999,\N,20:16.7
K015,4,20:16.6,1,60,774,999,0,152,\N,20:16.7
K014,4,20:16.7,1,56,0,606,999,999,\N,20:16.7
K010,1,20:16.7,1,37,80,0,91,122,\N,20:17.1
K010,2,20:16.7,1,38,0,0,187,58,\N,20:17.1
K010,3,20:16.7,1,39,105,0,0,185,\N,20:17.1
K010,4,20:16.7,1,40,0,0,58,0,\N,20:17.1
K009,3,20:16.7,1,35,96,71,74,0,\N,20:17.1
K009,4,20:16.7,1,36,0,0,56,0,\N,20:17.1
K015,1,20:16.8,1,57,999,999,999,999,\N,20:17.1
K015,4,20:16.8,1,60,784,999,0,156,\N,20:17.1
K014,4,20:17.0,1,56,126,274,79,388,\N,20:17.1
K010,1,20:17.0,1,37,85,69,115,99,\N,20:17.1
K010,2,20:17.0,1,38,0,0,244,107,\N,20:17.1
K010,3,20:17.0,1,39,100,0,0,194,\N,20:17.1
K010,4,20:17.0,1,40,0,0,58,0,\N,20:17.1
K009,3,20:17.0,1,35,95,75,70,0,\N,20:17.1
K009,4,20:17.0,1,36,0,0,58,0,\N,20:17.1
K015,1,20:17.1,1,57,999,999,999,999,\N,20:17.1
K015,4,20:17.1,1,60,784,999,0,149,\N,20:17.5
K015,1,20:17.3,1,57,999,999,999,999,\N,20:17.5
K014,4,20:17.3,1,56,140,277,0,0,\N,20:17.5
K010,1,20:17.3,1,37,80,0,96,117,\N,20:17.5
K010,2,20:17.3,1,38,0,52,169,58,\N,20:17.5
K010,3,20:17.3,1,39,105,0,0,196,\N,20:17.5
K010,4,20:17.3,1,40,0,0,57,0,\N,20:17.5
K009,3,20:17.3,1,35,100,64,71,52,\N,20:17.5
K009,4,20:17.3,1,36,0,0,57,0,\N,20:17.5
K015,4,20:17.3,1,60,561,999,0,114,\N,20:17.5
K014,4,20:17.6,1,56,139,279,0,0,\N,20:17.9
K010,1,20:17.6,1,37,80,0,96,120,\N,20:17.9
K010,2,20:17.6,1,38,0,0,201,0,\N,20:17.9
K010,3,20:17.6,1,39,88,0,0,196,\N,20:17.9
K010,4,20:17.6,1,40,0,0,59,57,\N,20:17.9
K009,3,20:17.6,1,35,96,67,70,52,\N,20:17.9
K009,4,20:17.6,1,36,0,0,57,0,\N,20:17.9
K015,1,20:17.7,1,57,647,545,999,999,\N,20:17.9
K015,4,20:17.7,1,60,801,999,62,132,\N,20:17.9
K015,1,20:17.8,1,57,402,279,999,999,\N,20:17.9
K015,4,20:17.8,1,60,999,999,76,139,\N,20:17.9
K014,4,20:17.9,1,56,143,278,0,0,\N,20:18.2
K010,1,20:17.9,1,37,80,0,94,121,\N,20:18.2
K010,2,20:17.9,1,38,0,52,186,55,\N,20:18.2
K010,3,20:17.9,1,39,101,0,0,199,\N,20:18.2
K010,4,20:17.9,1,40,0,0,58,61,\N,20:18.2
K009,3,20:17.9,1,35,100,68,73,51,\N,20:18.2
K009,4,20:17.9,1,36,0,0,57,0,\N,20:18.2
K015,1,20:18.0,1,57,370,167,999,999,\N,20:18.2
K015,4,20:18.0,1,60,999,999,0,69,\N,20:18.2
K014,4,20:18.2,1,56,143,278,0,0,\N,20:18.2
K010,1,20:18.2,1,37,80,0,94,121,\N,20:18.2
K010,2,20:18.2,1,38,0,52,186,56,\N,20:18.2
K010,3,20:18.2,1,39,101,0,0,198,\N,20:18.2
K010,4,20:18.2,1,40,0,0,58,62,\N,20:18.2
K009,3,20:18.2,1,35,100,68,73,51,\N,20:18.2
K009,4,20:18.2,1,36,0,0,57,0,\N,20:18.2
K015,1,20:18.2,1,57,75,63,0,142,\N,20:18.2
K015,4,20:18.2,1,60,60,0,86,0,\N,20:18.2
Break,,,,,,,,,,
K010,1,20:26.8,1,37,82,54,83,85,\N,20:26.8
K010,2,20:26.8,1,38,117,159,999,999,\N,20:26.8
K014,4,20:26.8,1,56,145,286,0,0,\N,20:26.8
K009,3,20:26.8,1,35,81,0,0,93,\N,20:27.2
K009,4,20:26.8,1,36,0,0,58,0,\N,20:27.2
K015,1,20:26.9,1,57,97,57,0,123,\N,20:27.2
K015,4,20:26.9,1,60,52,0,114,56,\N,20:27.2
K010,3,20:26.8,1,39,999,999,80,955,\N,20:27.2
K014,4,20:27.1,1,56,145,291,115,206,\N,20:27.2
K009,3,20:27.1,1,35,108,0,0,90,\N,20:27.2
K009,4,20:27.1,1,36,0,0,60,0,\N,20:27.2
K015,1,20:27.2,1,57,999,999,145,185,\N,20:27.6
K010,1,20:27.3,1,37,77,87,100,96,\N,20:27.6
K010,2,20:27.3,1,38,0,0,999,999,\N,20:27.6
K010,3,20:27.3,1,39,999,999,203,856,\N,20:27.6
K014,4,20:27.4,1,56,180,635,999,999,\N,20:27.6
K009,3,20:27.4,1,35,79,53,0,0,\N,20:27.6
K009,4,20:27.4,1,36,0,0,57,0,\N,20:27.6
K015,4,20:27.2,1,60,0,0,115,53,\N,20:27.6
K010,1,20:27.6,1,37,80,0,113,123,\N,20:27.6
K010,2,20:27.6,1,38,60,0,304,330,\N,20:27.6
K010,3,20:27.6,1,39,61,0,0,211,\N,20:27.6
K010,4,20:27.6,1,40,55,0,59,0,\N,20:27.6
K015,1,20:27.6,1,57,999,999,285,219,\N,20:27.6
K015,4,20:27.6,1,60,0,0,120,57,\N,20:27.6
K009,3,20:27.7,1,35,113,78,78,0,\N,20:28.1
K009,4,20:27.7,1,36,51,0,58,0,\N,20:28.1
K010,1,20:27.7,1,37,77,52,100,102,\N,20:28.1
K010,2,20:27.7,1,38,0,0,903,840,\N,20:28.1
K010,3,20:27.7,1,39,678,999,177,203,\N,20:28.1
K014,4,20:27.8,1,56,148,528,999,999,\N,20:28.1
K009,3,20:28.0,1,35,115,78,75,0,\N,20:28.1
K009,4,20:28.0,1,36,0,0,58,0,\N,20:28.1
K014,4,20:28.1,1,56,166,423,208,310,\N,20:28.1
K010,1,20:28.1,1,37,82,54,105,113,\N,20:28.1
K010,2,20:28.1,1,38,79,0,999,999,\N,20:28.1
K010,3,20:28.1,1,39,999,999,174,216,\N,20:28.5
K010,4,20:28.1,1,40,0,0,55,0,\N,20:28.5
K015,1,20:28.2,1,57,414,999,0,87,\N,20:28.5
K015,4,20:28.2,1,60,67,0,122,54,\N,20:28.5
K009,3,20:28.3,1,35,113,76,75,0,\N,20:28.5
K009,4,20:28.3,1,36,0,0,56,0,\N,20:28.5
K015,1,20:28.4,1,57,999,999,0,65,\N,20:28.5
K015,4,20:28.4,1,60,67,0,122,0,\N,20:28.5
K010,1,20:28.4,1,37,77,51,99,104,\N,20:28.5
K010,2,20:28.4,1,38,70,0,999,999,\N,20:28.5
K010,3,20:28.4,1,39,636,999,62,0,\N,20:28.5
K010,4,20:28.4,1,40,0,0,56,0,\N,20:28.5
K014,4,20:28.5,1,56,157,659,999,999,\N,20:28.5
K015,1,20:28.5,1,57,999,999,0,63,\N,20:28.8
K015,4,20:28.5,1,60,67,0,120,0,\N,20:28.8
K009,3,20:28.6,1,35,113,76,75,0,\N,20:28.8
K009,4,20:28.6,1,36,0,0,58,0,\N,20:28.8
K010,1,20:28.7,1,37,77,57,103,101,\N,20:28.8
K010,2,20:28.7,1,38,77,0,999,999,\N,20:28.8
K010,3,20:28.7,1,39,870,999,115,84,\N,20:28.8
K010,4,20:28.7,1,40,0,0,53,0,\N,20:28.8
K015,1,20:28.8,1,57,999,999,0,55,\N,20:28.8
K014,4,20:28.8,1,56,155,604,963,999,\N,20:28.8
K015,4,20:28.8,1,60,69,0,120,0,\N,20:28.8
K009,3,20:28.9,1,35,113,76,75,0,\N,20:29.3
K009,4,20:28.9,1,36,0,0,57,0,\N,20:29.3
K014,4,20:29.0,1,56,149,605,944,999,\N,20:29.3
K010,1,20:29.0,1,37,75,0,93,114,\N,20:29.3
K010,2,20:29.0,1,38,83,0,999,999,\N,20:29.3
K010,3,20:29.0,1,39,772,999,0,116,\N,20:29.3
K010,4,20:29.0,1,40,0,0,56,0,\N,20:29.3
K015,1,20:29.1,1,57,999,999,0,61,\N,20:29.3
K015,4,20:29.1,1,60,67,0,119,0,\N,20:29.3
K014,4,20:29.2,1,56,165,579,888,999,\N,20:29.3
K009,3,20:29.2,1,35,113,76,75,0,\N,20:29.3
K009,4,20:29.2,1,36,0,0,57,0,\N,20:29.3
K010,1,20:29.3,1,37,76,0,96,104,\N,20:29.7
K010,2,20:29.3,1,38,91,0,999,999,\N,20:29.7
K010,3,20:29.3,1,39,794,999,73,93,\N,20:29.7
K010,4,20:29.3,1,40,0,0,57,0,\N,20:29.7
K015,1,20:29.4,1,57,999,999,0,71,\N,20:29.7
K015,4,20:29.4,1,60,66,0,118,0,\N,20:29.7
K014,4,20:29.5,1,56,170,577,887,999,\N,20:29.7
K009,3,20:29.5,1,35,113,76,75,0,\N,20:29.7
K009,4,20:29.5,1,36,0,0,57,0,\N,20:29.7
K010,1,20:29.6,1,37,77,0,96,100,\N,20:29.7
K010,2,20:29.6,1,38,98,0,999,999,\N,20:29.7
K010,3,20:29.6,1,39,772,999,69,85,\N,20:29.7
K010,4,20:29.6,1,40,0,0,57,0,\N,20:29.7
K015,1,20:29.7,1,57,999,999,0,68,\N,20:30.1
K015,4,20:29.7,1,60,66,0,118,0,\N,20:30.1
K014,4,20:29.8,1,56,169,572,875,999,\N,20:30.1
K009,3,20:29.8,1,35,112,76,75,0,\N,20:30.1
K009,4,20:29.8,1,36,0,0,58,0,\N,20:30.1
K010,1,20:29.9,1,37,78,0,102,108,\N,20:30.1
K010,2,20:29.9,1,38,100,0,999,999,\N,20:30.1
K015,1,20:30.0,1,57,999,999,0,69,\N,20:30.1
K015,4,20:30.0,1,60,66,0,117,0,\N,20:30.1
K014,4,20:30.1,1,56,175,564,861,999,\N,20:30.6
K009,3,20:30.1,1,35,112,76,75,0,\N,20:30.6
K009,4,20:30.1,1,36,0,0,58,0,\N,20:30.6
K010,3,20:29.9,1,39,775,999,83,68,\N,20:30.6
K015,1,20:30.4,1,57,999,999,0,70,\N,20:30.6
K009,3,20:30.4,1,35,113,76,75,0,\N,20:30.6
K009,4,20:30.4,1,36,0,0,57,0,\N,20:30.6
K010,4,20:29.9,1,40,0,0,57,0,\N,20:30.6
K014,4,20:30.5,1,56,133,613,986,999,\N,20:30.6
K015,4,20:30.4,1,60,64,0,117,0,\N,20:30.6
K010,1,20:30.6,1,37,77,0,101,104,\N,20:31.0
K010,2,20:30.6,1,38,96,0,999,999,\N,20:31.0
K010,3,20:30.6,1,39,764,999,86,65,\N,20:31.0
K010,4,20:30.6,1,40,0,0,58,0,\N,20:31.0
K009,3,20:30.8,1,35,113,75,74,0,\N,20:31.0
K009,4,20:30.8,1,36,0,0,58,0,\N,20:31.0
K010,1,20:30.8,1,37,77,58,97,94,\N,20:31.0
K010,2,20:30.8,1,38,108,0,999,999,\N,20:31.0
K010,3,20:30.8,1,39,698,999,0,62,\N,20:31.0
K010,4,20:30.8,1,40,0,0,57,0,\N,20:31.0
K014,4,20:31.0,1,56,119,626,999,999,\N,20:31.0
K010,1,20:31.0,1,37,77,58,97,94,\N,20:31.0
K010,2,20:31.0,1,38,114,0,999,999,\N,20:31.0
K015,1,20:31.0,1,57,999,999,0,67,\N,20:31.0
K010,3,20:31.0,1,39,676,999,0,62,\N,20:31.4
K010,4,20:31.0,1,40,0,0,57,0,\N,20:31.4
K015,4,20:31.0,1,60,64,0,117,0,\N,20:31.4
K009,3,20:31.1,1,35,112,75,74,0,\N,20:31.4
K009,4,20:31.1,1,36,0,0,58,0,\N,20:31.4
K014,4,20:31.2,1,56,132,612,986,999,\N,20:31.4
K010,1,20:31.3,1,37,76,55,95,94,\N,20:31.4
K010,2,20:31.3,1,38,116,0,999,999,\N,20:31.4
K015,1,20:31.3,1,57,999,999,0,69,\N,20:31.4
K010,3,20:31.3,1,39,656,999,0,67,\N,20:31.4
K010,4,20:31.3,1,40,0,0,56,0,\N,20:31.4
K015,4,20:31.3,1,60,64,0,117,0,\N,20:31.4
K009,3,20:31.4,1,35,113,75,74,0,\N,20:31.4
K009,4,20:31.4,1,36,0,0,58,0,\N,20:31.4
K014,4,20:31.5,1,56,111,637,999,999,\N,20:31.8
K010,1,20:31.5,1,37,77,54,93,92,\N,20:31.8
K010,2,20:31.5,1,38,123,0,999,999,\N,20:31.8
K015,1,20:31.5,1,57,999,999,0,70,\N,20:31.8
K010,3,20:31.5,1,39,575,999,0,53,\N,20:31.8
K010,4,20:31.5,1,40,0,0,57,0,\N,20:31.8
K015,4,20:31.5,1,60,64,0,116,0,\N,20:31.8
K009,3,20:31.7,1,35,113,75,74,0,\N,20:31.8
K009,4,20:31.7,1,36,0,0,58,0,\N,20:31.8
K014,4,20:31.7,1,56,95,646,999,999,\N,20:31.8
K015,1,20:31.8,1,57,999,999,0,70,\N,20:31.8
K010,1,20:31.8,1,37,77,53,92,92,\N,20:32.2
K010,2,20:31.8,1,38,130,0,999,999,\N,20:32.2
K015,4,20:31.8,1,60,63,0,116,0,\N,20:32.2
K010,3,20:31.8,1,39,516,999,0,53,\N,20:32.2
K010,4,20:31.8,1,40,0,0,57,0,\N,20:32.2
K015,1,20:32.0,1,57,999,999,0,68,\N,20:32.2
K015,4,20:32.0,1,60,63,0,116,0,\N,20:32.2
K009,3,20:32.0,1,35,113,75,74,0,\N,20:32.2
K009,4,20:32.0,1,36,0,0,57,0,\N,20:32.2
K014,4,20:32.0,1,56,100,639,999,999,\N,20:32.2
K010,1,20:32.1,1,37,77,53,92,92,\N,20:32.2
K010,2,20:32.1,1,38,132,0,999,999,\N,20:32.2
K010,3,20:32.1,1,39,532,999,0,61,\N,20:32.2
K010,4,20:32.1,1,40,0,0,56,0,\N,20:32.2
K015,1,20:32.2,1,57,999,999,0,68,\N,20:32.6
K015,4,20:32.2,1,60,63,0,116,0,\N,20:32.6
K009,3,20:32.3,1,35,113,75,74,0,\N,20:32.6
K009,4,20:32.3,1,36,0,0,58,0,\N,20:32.6
K014,4,20:32.3,1,56,89,653,999,999,\N,20:32.6
K010,1,20:32.4,1,37,77,53,92,91,\N,20:32.6
K010,2,20:32.4,1,38,133,0,999,999,\N,20:32.6
K010,3,20:32.4,1,39,504,999,0,52,\N,20:32.6
K010,4,20:32.4,1,40,0,0,57,0,\N,20:32.6
K015,1,20:32.6,1,57,999,999,0,68,\N,20:32.6
K015,4,20:32.6,1,60,63,0,115,0,\N,20:32.6
K009,3,20:32.6,1,35,112,75,73,0,\N,20:32.6
K009,4,20:32.6,1,36,0,0,58,0,\N,20:32.6
K014,4,20:32.6,1,56,94,641,999,999,\N,20:33.0
K010,1,20:32.7,1,37,77,52,93,94,\N,20:33.0
K010,2,20:32.7,1,38,133,0,999,999,\N,20:33.0
K010,3,20:32.7,1,39,534,999,0,60,\N,20:33.0
K010,4,20:32.7,1,40,0,0,57,0,\N,20:33.0
K015,1,20:32.9,1,57,999,999,0,67,\N,20:33.0
K015,4,20:32.9,1,60,64,0,115,0,\N,20:33.0
K014,4,20:33.0,1,56,109,629,999,999,\N,20:33.0
K009,3,20:33.0,1,35,112,75,73,0,\N,20:33.0
K009,4,20:33.0,1,36,51,0,58,0,\N,20:33.0
K010,1,20:33.1,1,37,78,0,99,100,\N,20:33.5
K010,2,20:33.1,1,38,136,0,999,999,\N,20:33.5
K015,1,20:33.3,1,57,999,999,0,67,\N,20:33.5
K015,4,20:33.3,1,60,64,0,115,0,\N,20:33.5
K009,3,20:33.3,1,35,112,75,74,0,\N,20:33.5
K009,4,20:33.3,1,36,51,0,58,0,\N,20:33.5
K014,4,20:33.3,1,56,112,627,999,999,\N,20:33.5
K010,3,20:33.1,1,39,589,999,0,68,\N,20:33.5
K010,4,20:33.1,1,40,0,0,56,0,\N,20:33.5
K015,1,20:33.6,1,57,999,999,0,68,\N,20:33.9
K009,3,20:33.6,1,35,112,75,73,0,\N,20:33.9
K009,4,20:33.6,1,36,0,0,57,0,\N,20:33.9
K014,4,20:33.6,1,56,107,632,999,999,\N,20:33.9
K015,4,20:33.6,1,60,64,0,115,0,\N,20:33.9
K009,3,20:33.9,1,35,112,75,73,0,\N,20:33.9
K009,4,20:33.9,1,36,51,0,58,0,\N,20:33.9
K015,1,20:33.9,1,57,999,999,0,68,\N,20:33.9
K010,1,20:33.9,1,37,78,0,100,98,\N,20:33.9
K010,2,20:33.9,1,38,135,0,999,999,\N,20:33.9
K010,3,20:33.9,1,39,595,999,0,69,\N,20:33.9
K010,4,20:33.9,1,40,0,0,56,0,\N,20:33.9
K015,4,20:33.9,1,60,64,0,115,0,\N,20:34.3
K014,4,20:34.0,1,56,99,637,999,999,\N,20:34.3
K015,1,20:34.2,1,57,999,999,0,67,\N,20:34.3
K009,3,20:34.2,1,35,112,75,73,0,\N,20:34.3
K009,4,20:34.2,1,36,51,0,58,0,\N,20:34.3
K014,4,20:34.2,1,56,108,627,999,999,\N,20:34.3
K015,4,20:34.2,1,60,64,0,114,0,\N,20:34.3
K010,1,20:34.3,1,37,78,52,99,95,\N,20:34.3
K010,2,20:34.3,1,38,135,0,999,999,\N,20:34.3
K010,3,20:34.3,1,39,583,999,0,65,\N,20:34.3
K010,4,20:34.3,1,40,0,0,56,0,\N,20:34.3
K010,1,20:34.5,1,37,78,54,102,97,\N,20:34.7
K010,2,20:34.5,1,38,137,0,999,999,\N,20:34.7
K010,3,20:34.5,1,39,601,999,0,67,\N,20:34.7
K010,4,20:34.5,1,40,0,0,57,0,\N,20:34.7
K009,3,20:34.5,1,35,111,75,73,0,\N,20:34.7
K009,4,20:34.5,1,36,51,0,58,0,\N,20:34.7
K014,4,20:34.5,1,56,111,623,999,999,\N,20:34.7
K015,1,20:34.6,1,57,999,999,0,68,\N,20:34.7
K015,4,20:34.6,1,60,64,0,114,0,\N,20:34.7
K010,1,20:34.6,1,37,78,52,103,98,\N,20:34.7
K010,2,20:34.6,1,38,136,0,999,999,\N,20:34.7
K010,3,20:34.6,1,39,620,999,0,70,\N,20:34.7
K010,4,20:34.6,1,40,0,0,56,0,\N,20:34.7
K009,3,20:34.8,1,35,111,75,73,0,\N,20:35.1
K009,4,20:34.8,1,36,51,0,58,0,\N,20:35.1
K014,4,20:34.8,1,56,112,620,999,999,\N,20:35.1
K010,1,20:34.9,1,37,78,52,103,98,\N,20:35.1
K010,2,20:34.9,1,38,135,0,999,999,\N,20:35.1
K010,3,20:34.9,1,39,637,999,0,75,\N,20:35.1
K010,4,20:34.9,1,40,0,0,56,0,\N,20:35.1
K015,1,20:34.9,1,57,999,999,0,68,\N,20:35.1
K015,4,20:34.9,1,60,64,0,114,0,\N,20:35.1
K010,1,20:35.0,1,37,79,52,103,98,\N,20:35.1
K010,2,20:35.0,1,38,134,0,999,999,\N,20:35.1
K010,3,20:35.0,1,39,638,999,0,75,\N,20:35.1
K010,4,20:35.0,1,40,0,0,55,0,\N,20:35.1
K009,3,20:35.1,1,35,111,75,73,0,\N,20:35.1
K009,4,20:35.1,1,36,51,0,58,0,\N,20:35.1
K014,4,20:35.1,1,56,109,623,999,999,\N,20:35.5
K015,1,20:35.2,1,57,999,999,0,67,\N,20:35.5
K015,4,20:35.2,1,60,64,0,114,0,\N,20:35.5
K010,1,20:35.3,1,37,78,52,103,98,\N,20:35.5
K010,2,20:35.3,1,38,134,0,999,999,\N,20:35.5
K010,3,20:35.3,1,39,635,999,0,74,\N,20:35.5
K010,4,20:35.3,1,40,0,0,56,0,\N,20:35.5
K009,3,20:35.4,1,35,111,74,73,0,\N,20:35.5
K009,4,20:35.4,1,36,0,0,58,0,\N,20:35.5
K014,4,20:35.4,1,56,104,627,999,999,\N,20:35.5
K015,1,20:35.6,1,57,999,999,0,68,\N,20:35.9
K015,4,20:35.6,1,60,64,0,114,0,\N,20:35.9
K010,1,20:35.7,1,37,79,51,104,99,\N,20:35.9
K010,2,20:35.7,1,38,134,0,999,999,\N,20:35.9
K010,3,20:35.7,1,39,653,999,0,77,\N,20:35.9
K010,4,20:35.7,1,40,0,0,56,0,\N,20:35.9
K009,3,20:35.7,1,35,111,74,73,0,\N,20:35.9
K009,4,20:35.7,1,36,51,0,58,0,\N,20:35.9
K014,4,20:35.7,1,56,108,622,999,999,\N,20:35.9
K015,1,20:35.9,1,57,999,999,0,67,\N,20:35.9
K015,4,20:35.9,1,60,64,0,113,0,\N,20:35.9
K010,1,20:36.0,1,37,78,0,103,101,\N,20:36.3
K010,2,20:36.0,1,38,128,0,999,999,\N,20:36.3
K010,3,20:36.0,1,39,675,999,0,81,\N,20:36.3
K010,4,20:36.0,1,40,0,0,55,0,\N,20:36.3
K009,3,20:36.0,1,35,111,75,73,0,\N,20:36.3
K009,4,20:36.0,1,36,51,0,57,0,\N,20:36.3
K014,4,20:36.0,1,56,115,613,999,999,\N,20:36.3
K010,1,20:36.3,1,37,78,0,102,102,\N,20:36.3
K010,2,20:36.3,1,38,126,0,999,999,\N,20:36.3
K015,1,20:36.3,1,57,999,999,0,68,\N,20:36.3
K015,4,20:36.3,1,60,64,0,113,0,\N,20:36.3
K009,3,20:36.3,1,35,111,74,73,0,\N,20:36.3
K009,4,20:36.3,1,36,51,0,57,0,\N,20:36.3
K014,4,20:36.3,1,56,117,613,995,999,\N,20:36.3
K009,3,20:36.6,1,35,111,74,73,0,\N,20:36.9
K009,4,20:36.6,1,36,0,0,57,0,\N,20:36.9
K010,3,20:36.3,1,39,679,999,0,82,\N,20:36.9
K014,4,20:36.8,1,56,114,617,999,999,\N,20:36.9
K015,1,20:36.8,1,57,999,999,0,68,\N,20:36.9
K010,4,20:36.3,1,40,0,0,55,0,\N,20:37.3
K009,3,20:36.9,1,35,111,74,74,0,\N,20:37.3
K009,4,20:36.9,1,36,51,0,58,0,\N,20:37.3
K015,4,20:36.8,1,60,64,0,113,0,\N,20:37.3
K010,1,20:37.1,1,37,77,0,101,102,\N,20:37.3
K010,2,20:37.1,1,38,121,0,999,999,\N,20:37.3
K010,3,20:37.1,1,39,665,999,0,75,\N,20:37.3
K010,4,20:37.1,1,40,0,0,56,0,\N,20:37.3
K015,1,20:37.2,1,57,999,999,0,68,\N,20:37.3
K014,4,20:37.2,1,56,113,615,999,999,\N,20:37.3
K015,4,20:37.2,1,60,64,0,113,0,\N,20:37.3
K009,3,20:37.3,1,35,111,74,73,0,\N,20:37.3
K009,4,20:37.3,1,36,51,0,57,0,\N,20:37.3
K010,1,20:37.3,1,37,77,0,101,102,\N,20:37.6
K010,2,20:37.3,1,38,122,0,999,999,\N,20:37.6
K010,3,20:37.3,1,39,663,999,0,76,\N,20:37.6
K010,4,20:37.3,1,40,0,0,56,0,\N,20:37.6
K014,4,20:37.4,1,56,115,618,999,999,\N,20:37.6
K015,1,20:37.4,1,57,999,999,0,69,\N,20:37.6
K015,4,20:37.4,1,60,64,0,113,0,\N,20:37.6
K009,3,20:37.6,1,35,111,74,73,0,\N,20:37.6
K009,4,20:37.6,1,36,51,0,57,0,\N,20:37.6
K015,1,20:37.6,1,57,999,999,0,68,\N,20:37.6
K010,1,20:37.6,1,37,77,0,101,103,\N,20:37.6
K010,2,20:37.6,1,38,122,0,999,999,\N,20:37.6
K010,3,20:37.6,1,39,670,999,0,76,\N,20:37.6
K010,4,20:37.6,1,40,0,0,56,0,\N,20:37.6
K015,4,20:37.6,1,60,64,0,113,0,\N,20:37.6
K014,4,20:37.7,1,56,118,611,990,999,\N,20:38.0
K010,1,20:37.7,1,37,77,0,101,101,\N,20:38.0
K010,2,20:37.7,1,38,119,0,999,999,\N,20:38.0
K010,3,20:37.7,1,39,690,999,52,79,\N,20:38.0
K010,4,20:37.7,1,40,0,0,55,0,\N,20:38.0
K015,1,20:37.8,1,57,999,999,0,68,\N,20:38.0
K015,4,20:37.8,1,60,64,0,113,0,\N,20:38.0
K009,3,20:37.9,1,35,111,74,74,0,\N,20:38.0
K009,4,20:37.9,1,36,51,0,57,0,\N,20:38.0
K014,4,20:38.0,1,56,114,616,999,999,\N,20:38.0
K010,1,20:38.0,1,37,77,0,102,102,\N,20:38.0
K010,2,20:38.0,1,38,120,0,999,999,\N,20:38.0
K010,3,20:38.0,1,39,687,999,52,78,\N,20:38.0
K010,4,20:38.0,1,40,0,0,56,0,\N,20:38.0
K015,1,20:38.1,1,57,999,999,0,68,\N,20:38.4
K015,4,20:38.1,1,60,64,0,113,0,\N,20:38.4
K009,3,20:38.2,1,35,111,74,74,0,\N,20:38.4
K009,4,20:38.2,1,36,0,0,57,0,\N,20:38.4
K014,4,20:38.3,1,56,114,613,999,999,\N,20:38.4
K010,1,20:38.4,1,37,77,0,102,102,\N,20:38.4
K010,2,20:38.4,1,38,120,0,999,999,\N,20:38.4
K010,3,20:38.4,1,39,687,999,52,78,\N,20:38.4
K010,4,20:38.4,1,40,0,0,55,0,\N,20:38.4
K015,1,20:38.4,1,57,999,999,0,68,\N,20:38.4
K015,4,20:38.4,1,60,64,0,112,0,\N,20:38.4
K009,3,20:38.5,1,35,111,74,74,0,\N,20:38.9
K009,4,20:38.5,1,36,51,0,57,0,\N,20:38.9
K010,1,20:38.6,1,37,76,0,98,100,\N,20:38.9
K010,2,20:38.6,1,38,117,0,999,999,\N,20:38.9
K010,3,20:38.6,1,39,678,999,0,87,\N,20:38.9
K010,4,20:38.6,1,40,0,0,55,0,\N,20:38.9
K014,4,20:38.6,1,56,109,632,999,999,\N,20:38.9
K009,3,20:38.8,1,35,110,74,73,0,\N,20:38.9
K009,4,20:38.8,1,36,0,0,57,0,\N,20:38.9
K010,1,20:38.8,1,37,76,0,103,107,\N,20:38.9
K010,2,20:38.8,1,38,100,0,999,999,\N,20:38.9
K010,3,20:38.8,1,39,615,999,70,0,\N,20:38.9
K010,4,20:38.8,1,40,0,0,56,0,\N,20:38.9
K015,1,20:38.9,1,57,999,999,0,69,\N,20:39.3
K015,4,20:38.9,1,60,62,0,113,0,\N,20:39.3
K014,4,20:38.9,1,56,0,748,999,999,\N,20:39.3
K009,3,20:39.1,1,35,109,73,74,0,\N,20:39.3
K009,4,20:39.1,1,36,51,0,56,0,\N,20:39.3
K015,1,20:39.1,1,57,999,999,52,52,\N,20:39.3
K015,4,20:39.1,1,60,58,0,118,0,\N,20:39.3
K014,4,20:39.2,1,56,619,842,999,999,\N,20:39.3
K010,1,20:39.3,1,37,71,0,85,102,\N,20:39.7
K010,2,20:39.3,1,38,68,0,852,999,\N,20:39.7
K009,3,20:39.4,1,35,109,75,72,0,\N,20:39.7
K009,4,20:39.4,1,36,0,0,59,0,\N,20:39.7
K015,1,20:39.4,1,57,111,0,0,99,\N,20:39.7
K015,4,20:39.4,1,60,64,0,115,0,\N,20:39.7
K014,4,20:39.5,1,56,152,275,0,0,\N,20:39.7
K010,3,20:39.3,1,39,320,791,0,85,\N,20:39.7
K015,1,20:39.6,1,57,109,56,0,103,\N,20:39.7
K015,4,20:39.6,1,60,62,0,118,0,\N,20:39.7
K010,4,20:39.3,1,40,0,0,55,0,\N,20:39.7
K009,3,20:39.7,1,35,106,73,75,0,\N,20:39.7
K009,4,20:39.7,1,36,0,0,55,0,\N,20:39.7
K014,4,20:39.8,1,56,148,281,0,0,\N,20:40.1
K010,1,20:39.8,1,37,79,0,107,106,\N,20:40.1
K010,2,20:39.8,1,38,0,0,999,999,\N,20:40.1
K010,3,20:39.8,1,39,999,999,91,201,\N,20:40.1
K010,4,20:39.8,1,40,0,0,52,0,\N,20:40.1
K015,1,20:39.9,1,57,109,61,0,105,\N,20:40.1
K015,4,20:39.9,1,60,0,0,125,66,\N,20:40.1
K009,3,20:40.0,1,35,80,0,59,0,\N,20:40.1
K009,4,20:40.0,1,36,51,0,56,0,\N,20:40.1
K010,1,20:40.1,1,37,74,0,89,116,\N,20:40.1
K010,2,20:40.1,1,38,121,178,999,999,\N,20:40.1
K010,3,20:40.1,1,39,999,999,105,280,\N,20:40.1
K014,4,20:40.1,1,56,149,282,0,0,\N,20:40.5
K015,1,20:40.2,1,57,111,61,0,106,\N,20:40.5
K015,4,20:40.2,1,60,0,0,128,67,\N,20:40.5
Break,,,,,,,,,,
K010,1,20:45.3,1,37,82,0,103,120,\N,20:45.4
K010,2,20:45.3,1,38,0,0,197,56,\N,20:45.4
K010,3,20:45.3,1,39,105,0,0,167,\N,20:45.4
K010,4,20:45.3,1,40,54,0,0,0,\N,20:45.4
K014,4,20:45.3,1,56,147,287,0,0,\N,20:45.4
K015,1,20:45.4,1,57,397,0,971,999,\N,20:45.8
K009,3,20:45.5,1,35,95,69,70,0,\N,20:45.8
K009,4,20:45.5,1,36,0,0,56,0,\N,20:45.8
K010,1,20:45.6,1,37,81,0,96,121,\N,20:45.8
K010,2,20:45.6,1,38,0,0,186,58,\N,20:45.8
K010,3,20:45.6,1,39,95,0,0,244,\N,20:45.8
K010,4,20:45.6,1,40,0,0,58,105,\N,20:45.8
K015,4,20:45.4,1,60,999,999,122,254,\N,20:45.8
K014,4,20:45.6,1,56,141,286,0,0,\N,20:45.8
K009,3,20:45.8,1,35,90,67,76,0,\N,20:45.8
K009,4,20:45.8,1,36,0,0,56,0,\N,20:45.8
K015,1,20:45.8,1,57,369,78,999,999,\N,20:45.8
K015,4,20:45.8,1,60,999,999,208,325,\N,20:46.2
K010,1,20:45.9,1,37,85,0,104,121,\N,20:46.2
K010,2,20:45.9,1,38,397,410,206,96,\N,20:46.2
K014,4,20:45.9,1,56,145,286,0,0,\N,20:46.2
K010,3,20:45.9,1,39,101,0,0,239,\N,20:46.2
K010,4,20:45.9,1,40,0,0,58,105,\N,20:46.2
K015,1,20:46.1,1,57,112,107,534,646,\N,20:46.2
K015,4,20:46.1,1,60,382,127,0,152,\N,20:46.2
K009,3,20:46.1,1,35,262,80,999,999,\N,20:46.2
K010,1,20:46.2,1,37,80,0,92,132,\N,20:46.2
K010,2,20:46.2,1,38,999,999,236,277,\N,20:46.2
K010,3,20:46.2,1,39,105,0,0,227,\N,20:46.2
K010,4,20:46.2,1,40,0,0,58,101,\N,20:46.2
K014,4,20:46.2,1,56,147,286,0,0,\N,20:46.6
K009,4,20:46.1,1,36,0,0,54,0,\N,20:46.6
K015,1,20:46.4,1,57,87,166,999,791,\N,20:46.6
K015,4,20:46.4,1,60,999,999,75,430,\N,20:46.6
K010,1,20:46.5,1,37,82,60,106,101,\N,20:46.6
K010,2,20:46.5,1,38,958,553,142,143,\N,20:46.6
K010,3,20:46.5,1,39,110,56,0,221,\N,20:46.6
K010,4,20:46.5,1,40,0,0,57,103,\N,20:46.6
K014,4,20:46.5,1,56,150,285,0,0,\N,20:46.6
K009,3,20:46.5,1,35,0,171,999,999,\N,20:46.6
K009,4,20:46.5,1,36,0,0,60,0,\N,20:46.6
K015,1,20:46.7,1,57,96,72,999,999,\N,20:47.1
K015,4,20:46.7,1,60,498,680,0,213,\N,20:47.1
K009,3,20:46.8,1,35,103,106,342,294,\N,20:47.1
K009,4,20:46.8,1,36,0,0,53,0,\N,20:47.1
K010,1,20:46.8,1,37,101,0,100,105,\N,20:47.1
K010,2,20:46.8,1,38,999,999,210,603,\N,20:47.1
K010,3,20:46.8,1,39,143,56,0,197,\N,20:47.1
K010,4,20:46.8,1,40,0,0,57,100,\N,20:47.1
K014,4,20:46.8,1,56,149,283,0,0,\N,20:47.1
K015,1,20:47.0,1,57,0,80,999,999,\N,20:47.1
K015,4,20:47.0,1,60,404,767,0,220,\N,20:47.1
K009,3,20:47.1,1,35,203,89,999,999,\N,20:47.4
K009,4,20:47.1,1,36,0,0,57,0,\N,20:47.4
K010,1,20:47.1,1,37,73,0,95,118,\N,20:47.4
K010,2,20:47.1,1,38,999,985,149,248,\N,20:47.4
K010,3,20:47.1,1,39,123,67,0,220,\N,20:47.4
K010,4,20:47.1,1,40,0,0,57,102,\N,20:47.4
K014,4,20:47.1,1,56,150,284,0,0,\N,20:47.4
K015,1,20:47.3,1,57,0,0,999,999,\N,20:47.4
K015,4,20:47.3,1,60,456,728,0,212,\N,20:47.4
K009,3,20:47.4,1,35,184,67,999,999,\N,20:47.4
K009,4,20:47.4,1,36,0,0,59,0,\N,20:47.4
K010,1,20:47.4,1,37,70,54,95,112,\N,20:47.4
K010,2,20:47.4,1,38,999,743,150,198,\N,20:47.4
K010,3,20:47.4,1,39,118,65,0,222,\N,20:47.4
K010,4,20:47.4,1,40,0,0,57,102,\N,20:47.4
K014,4,20:47.4,1,56,150,285,0,0,\N,20:47.8
K015,1,20:47.6,1,57,0,101,999,999,\N,20:47.8
K015,4,20:47.6,1,60,595,853,0,242,\N,20:47.8
K009,3,20:47.7,1,35,160,0,999,999,\N,20:47.8
K009,4,20:47.7,1,36,0,0,60,0,\N,20:47.8
K014,4,20:47.8,1,56,150,285,0,0,\N,20:47.8
K010,1,20:47.8,1,37,71,51,96,112,\N,20:47.8
K010,2,20:47.8,1,38,999,805,164,222,\N,20:47.8
K010,3,20:47.8,1,39,115,58,0,219,\N,20:47.8
K010,4,20:47.8,1,40,0,0,57,102,\N,20:47.8
K015,1,20:47.9,1,57,0,116,999,999,\N,20:48.3
K015,4,20:47.9,1,60,622,862,0,246,\N,20:48.3
K010,1,20:48.0,1,37,72,0,97,115,\N,20:48.3
K010,2,20:48.0,1,38,999,864,175,235,\N,20:48.3
K010,3,20:48.0,1,39,115,54,0,218,\N,20:48.3
K010,4,20:48.0,1,40,0,0,57,101,\N,20:48.3
K009,3,20:48.0,1,35,175,0,999,999,\N,20:48.3
K009,4,20:48.0,1,36,0,0,60,0,\N,20:48.3
K014,4,20:48.1,1,56,150,285,0,0,\N,20:48.3
K015,1,20:48.2,1,57,0,130,999,999,\N,20:48.3
K015,4,20:48.2,1,60,767,959,0,268,\N,20:48.3
K010,1,20:48.3,1,37,76,0,104,122,\N,20:48.7
K010,2,20:48.3,1,38,999,999,186,262,\N,20:48.7
K010,3,20:48.3,1,39,114,52,0,215,\N,20:48.7
K010,4,20:48.3,1,40,0,0,57,101,\N,20:48.7
K009,3,20:48.3,1,35,142,0,999,999,\N,20:48.7
K009,4,20:48.3,1,36,0,0,59,0,\N,20:48.7
K014,4,20:48.4,1,56,150,285,0,0,\N,20:48.7
K015,1,20:48.6,1,57,0,168,999,999,\N,20:48.7
K010,1,20:48.6,1,37,78,0,110,120,\N,20:48.7
K010,2,20:48.6,1,38,999,999,188,292,\N,20:48.7
K010,3,20:48.6,1,39,115,52,0,214,\N,20:48.7
K010,4,20:48.6,1,40,0,0,57,100,\N,20:48.7
K014,4,20:48.7,1,56,150,285,0,0,\N,20:48.7
K009,3,20:48.7,1,35,157,0,999,999,\N,20:49.1
K015,4,20:48.6,1,60,900,999,52,279,\N,20:49.1
K009,4,20:48.7,1,36,0,0,59,0,\N,20:49.1
K010,1,20:48.9,1,37,78,0,111,120,\N,20:49.1
K010,2,20:48.9,1,38,999,999,190,300,\N,20:49.1
K014,4,20:49.0,1,56,150,285,0,0,\N,20:49.1
K009,3,20:49.0,1,35,140,0,999,999,\N,20:49.1
K009,4,20:49.0,1,36,0,0,59,0,\N,20:49.1
K010,3,20:48.9,1,39,115,52,0,214,\N,20:49.5
K010,4,20:48.9,1,40,0,0,57,101,\N,20:49.5
K015,1,20:49.3,1,57,0,163,999,999,\N,20:49.5
K014,4,20:49.3,1,56,150,285,0,0,\N,20:49.5
K015,4,20:49.3,1,60,889,999,0,276,\N,20:49.5
K009,3,20:49.4,1,35,131,53,999,999,\N,20:49.5
K010,1,20:49.4,1,37,79,0,112,120,\N,20:49.5
K010,2,20:49.4,1,38,999,999,186,294,\N,20:49.5
K010,3,20:49.4,1,39,115,53,0,215,\N,20:49.5
K010,4,20:49.4,1,40,0,0,57,101,\N,20:49.5
K015,1,20:49.4,1,57,0,163,999,999,\N,20:49.5
K015,4,20:49.4,1,60,911,999,53,283,\N,20:49.5
K009,4,20:49.4,1,36,0,0,59,0,\N,20:49.5
K010,1,20:49.6,1,37,77,0,111,122,\N,20:49.9
K010,2,20:49.6,1,38,999,999,164,248,\N,20:49.9
K014,4,20:49.6,1,56,150,285,0,0,\N,20:49.9
K010,3,20:49.6,1,39,113,60,0,220,\N,20:49.9
K010,4,20:49.6,1,40,0,0,57,101,\N,20:49.9
K015,1,20:49.7,1,57,0,124,999,999,\N,20:49.9
K015,4,20:49.7,1,60,830,999,0,268,\N,20:49.9
K009,3,20:49.7,1,35,171,0,999,999,\N,20:49.9
K009,4,20:49.7,1,36,0,0,58,0,\N,20:49.9
K015,1,20:49.9,1,57,0,95,999,999,\N,20:49.9
K014,4,20:49.9,1,56,150,285,0,0,\N,20:49.9
K010,1,20:49.9,1,37,75,0,108,121,\N,20:49.9
K010,2,20:49.9,1,38,999,999,165,228,\N,20:49.9
K010,3,20:49.9,1,39,113,60,0,221,\N,20:49.9
K010,4,20:49.9,1,40,0,0,57,101,\N,20:49.9
K015,4,20:49.9,1,60,794,993,0,257,\N,20:49.9
K009,3,20:50.0,1,35,181,0,999,999,\N,20:50.3
K009,4,20:50.0,1,36,0,0,59,0,\N,20:50.3
K014,4,20:50.2,1,56,150,285,0,0,\N,20:50.3
K010,1,20:50.2,1,37,74,0,106,121,\N,20:50.3
K010,2,20:50.2,1,38,999,999,163,219,\N,20:50.3
K010,3,20:50.2,1,39,112,61,0,221,\N,20:50.3
K010,4,20:50.2,1,40,0,0,56,100,\N,20:50.3
K015,1,20:50.2,1,57,0,95,999,999,\N,20:50.3
K009,3,20:50.2,1,35,197,0,999,999,\N,20:50.3
K009,4,20:50.2,1,36,0,0,59,0,\N,20:50.3
K015,4,20:50.2,1,60,788,996,0,257,\N,20:50.3
K015,1,20:50.4,1,57,0,115,999,999,\N,20:50.7
K015,4,20:50.4,1,60,804,996,0,260,\N,20:50.7
K014,4,20:50.5,1,56,150,285,0,0,\N,20:50.7
K010,1,20:50.5,1,37,76,0,106,120,\N,20:50.7
K010,2,20:50.5,1,38,999,999,169,250,\N,20:50.7
K010,3,20:50.5,1,39,114,59,0,218,\N,20:50.7
K010,4,20:50.5,1,40,0,0,56,100,\N,20:50.7
K009,3,20:50.5,1,35,183,0,999,999,\N,20:50.7
K009,4,20:50.5,1,36,0,0,59,0,\N,20:50.7
K015,1,20:50.7,1,57,0,137,999,999,\N,20:51.2
K015,4,20:50.7,1,60,866,999,0,277,\N,20:51.2
K014,4,20:50.8,1,56,150,285,0,0,\N,20:51.2
K010,1,20:50.8,1,37,77,0,107,119,\N,20:51.2
K010,2,20:50.8,1,38,999,999,178,266,\N,20:51.2
K010,3,20:50.8,1,39,114,57,0,217,\N,20:51.2
K010,4,20:50.8,1,40,0,0,56,100,\N,20:51.2
K009,3,20:50.8,1,35,162,0,999,999,\N,20:51.2
K009,4,20:50.8,1,36,0,0,58,0,\N,20:51.2
K015,1,20:51.0,1,57,52,156,999,999,\N,20:51.2
K015,4,20:51.0,1,60,944,999,53,290,\N,20:51.2
K014,4,20:51.1,1,56,150,285,0,0,\N,20:51.2
K010,1,20:51.1,1,37,77,0,107,119,\N,20:51.2
K010,2,20:51.1,1,38,999,999,185,277,\N,20:51.2
K010,3,20:51.1,1,39,113,54,0,216,\N,20:51.2
K010,4,20:51.1,1,40,0,0,56,100,\N,20:51.2
K009,3,20:51.1,1,35,126,54,995,999,\N,20:51.2
K009,4,20:51.1,1,36,0,0,59,0,\N,20:51.5
K015,1,20:51.4,1,57,79,85,999,999,\N,20:51.5
K015,4,20:51.4,1,60,751,873,0,236,\N,20:51.5
K014,4,20:51.4,1,56,150,285,0,0,\N,20:51.5
K010,1,20:51.4,1,37,78,0,105,116,\N,20:51.5
K010,2,20:51.4,1,38,999,999,200,304,\N,20:51.5
K010,3,20:51.4,1,39,113,0,0,213,\N,20:51.5
K010,4,20:51.4,1,40,0,0,56,100,\N,20:51.5
K009,3,20:51.4,1,35,68,0,965,851,\N,20:51.5
K009,4,20:51.4,1,36,0,0,58,0,\N,20:51.5
K015,1,20:51.7,1,57,98,107,999,999,\N,20:52.0
K014,4,20:51.7,1,56,149,284,0,0,\N,20:52.0
K010,1,20:51.7,1,37,87,0,114,100,\N,20:52.0
K010,2,20:51.7,1,38,999,999,208,468,\N,20:52.0
K010,3,20:51.7,1,39,123,0,0,205,\N,20:52.0
K010,4,20:51.7,1,40,0,0,56,98,\N,20:52.0
K009,3,20:51.8,1,35,92,0,359,233,\N,20:52.0
K009,4,20:51.8,1,36,0,0,56,0,\N,20:52.0
K015,4,20:51.7,1,60,810,919,0,265,\N,20:52.0
K014,4,20:52.0,1,56,150,285,0,0,\N,20:52.4
K010,1,20:52.0,1,37,82,0,110,113,\N,20:52.4
K010,2,20:52.0,1,38,999,999,185,306,\N,20:52.4
K009,3,20:52.1,1,35,0,70,999,856,\N,20:52.4
K009,4,20:52.1,1,36,0,0,56,0,\N,20:52.4
K010,3,20:52.0,1,39,115,55,0,216,\N,20:52.4
K010,4,20:52.0,1,40,0,0,56,99,\N,20:52.4
K014,4,20:52.3,1,56,150,285,0,0,\N,20:52.4
K015,1,20:52.4,1,57,78,115,999,999,\N,20:52.4
K009,3,20:52.4,1,35,0,62,999,877,\N,20:52.4
K015,4,20:52.4,1,60,709,846,0,233,\N,20:52.4
K010,1,20:52.4,1,37,81,0,107,113,\N,20:52.8
K010,2,20:52.4,1,38,999,999,181,274,\N,20:52.8
K010,3,20:52.4,1,39,114,57,0,218,\N,20:52.8
K010,4,20:52.4,1,40,0,0,56,99,\N,20:52.8
K009,4,20:52.4,1,36,0,0,56,0,\N,20:52.8
K014,4,20:52.6,1,56,150,286,0,0,\N,20:52.8
K010,1,20:52.7,1,37,81,0,108,112,\N,20:52.8
K010,2,20:52.7,1,38,999,999,175,283,\N,20:52.8
K010,3,20:52.7,1,39,115,59,0,217,\N,20:52.8
K010,4,20:52.7,1,40,0,0,56,99,\N,20:52.8
K009,3,20:52.7,1,35,59,66,999,892,\N,20:52.8
K009,4,20:52.7,1,36,0,0,57,0,\N,20:52.8
K015,1,20:52.8,1,57,76,119,999,999,\N,20:52.8
K015,4,20:52.8,1,60,751,900,0,246,\N,20:52.8
K014,4,20:52.9,1,56,150,286,0,0,\N,20:53.3
K010,1,20:52.9,1,37,81,0,107,111,\N,20:53.3
K010,2,20:52.9,1,38,999,999,175,292,\N,20:53.3
K010,3,20:52.9,1,39,115,59,0,216,\N,20:53.3
K010,4,20:52.9,1,40,0,0,56,99,\N,20:53.3
K009,3,20:53.0,1,35,0,52,999,853,\N,20:53.3
K009,4,20:53.0,1,36,0,0,57,0,\N,20:53.3
K014,4,20:53.2,1,56,150,287,0,0,\N,20:53.3
K010,1,20:53.3,1,37,82,0,108,111,\N,20:53.3
K010,2,20:53.3,1,38,999,999,177,299,\N,20:53.3
K010,3,20:53.3,1,39,115,59,0,216,\N,20:53.3
K010,4,20:53.3,1,40,0,0,56,98,\N,20:53.3
K015,1,20:53.3,1,57,77,147,999,999,\N,20:53.3
K015,4,20:53.3,1,60,820,993,0,264,\N,20:53.6
K009,3,20:53.3,1,35,0,54,999,867,\N,20:53.6
K009,4,20:53.3,1,36,0,0,57,0,\N,20:53.6
K015,1,20:53.5,1,57,81,179,999,999,\N,20:53.6
K015,4,20:53.5,1,60,992,999,0,292,\N,20:53.6
K014,4,20:53.5,1,56,150,287,0,0,\N,20:53.6
K010,1,20:53.6,1,37,82,0,108,112,\N,20:53.6
K010,2,20:53.6,1,38,999,999,176,294,\N,20:53.6
K010,3,20:53.6,1,39,115,59,0,216,\N,20:53.6
K010,4,20:53.6,1,40,0,0,56,98,\N,20:53.6
K009,3,20:53.6,1,35,56,63,999,880,\N,20:53.6
K009,4,20:53.6,1,36,0,0,57,0,\N,20:53.6
K015,1,20:53.8,1,57,90,190,999,999,\N,20:54.1
K015,4,20:53.8,1,60,999,999,51,300,\N,20:54.1
K014,4,20:53.9,1,56,150,287,0,0,\N,20:54.1
K010,1,20:53.9,1,37,81,0,109,112,\N,20:54.1
K010,2,20:53.9,1,38,999,999,171,276,\N,20:54.1
K010,3,20:53.9,1,39,114,61,0,218,\N,20:54.1
K010,4,20:53.9,1,40,0,0,56,98,\N,20:54.1
K015,1,20:54.0,1,57,88,180,999,999,\N,20:54.1
K015,4,20:54.0,1,60,999,999,0,293,\N,20:54.1
K009,3,20:54.0,1,35,60,65,999,885,\N,20:54.1
K009,4,20:54.0,1,36,0,0,57,0,\N,20:54.1
K014,4,20:54.2,1,56,150,287,0,0,\N,20:54.5
K010,1,20:54.2,1,37,81,0,109,112,\N,20:54.5
K010,2,20:54.2,1,38,999,999,169,267,\N,20:54.5
K010,3,20:54.2,1,39,113,61,0,218,\N,20:54.5
K010,4,20:54.2,1,40,0,0,56,98,\N,20:54.5
K015,1,20:54.3,1,57,85,167,999,999,\N,20:54.5
K015,4,20:54.3,1,60,999,999,0,293,\N,20:54.5
K014,4,20:54.5,1,56,150,287,0,0,\N,20:54.5
K009,3,20:54.5,1,35,64,74,999,911,\N,20:54.5
K010,1,20:54.5,1,37,80,0,107,110,\N,20:54.5
K010,2,20:54.5,1,38,999,999,170,260,\N,20:54.5
K009,4,20:54.5,1,36,0,0,57,0,\N,20:54.9
K010,3,20:54.5,1,39,113,60,0,218,\N,20:54.9
K010,4,20:54.5,1,40,0,0,56,98,\N,20:54.9
K015,1,20:54.5,1,57,80,174,999,999,\N,20:54.9
K015,4,20:54.5,1,60,999,999,57,299,\N,20:54.9
K009,3,20:54.6,1,35,70,85,999,948,\N,20:54.9
K009,4,20:54.6,1,36,0,0,57,0,\N,20:54.9
K015,1,20:54.7,1,57,76,161,999,999,\N,20:54.9
K014,4,20:54.8,1,56,150,287,0,0,\N,20:54.9
K010,1,20:54.8,1,37,79,0,106,109,\N,20:54.9
K010,2,20:54.8,1,38,999,999,168,259,\N,20:54.9
K010,3,20:54.8,1,39,113,61,0,218,\N,20:54.9
K010,4,20:54.8,1,40,0,0,56,98,\N,20:54.9
K009,3,20:54.9,1,35,79,86,999,999,\N,20:54.9
K009,4,20:54.9,1,36,0,0,57,0,\N,20:55.3
K015,4,20:54.7,1,60,999,999,0,291,\N,20:55.3
K014,4,20:55.1,1,56,150,287,0,0,\N,20:55.3
K010,1,20:55.1,1,37,79,0,105,110,\N,20:55.3
K010,2,20:55.1,1,38,999,999,167,261,\N,20:55.3
K009,3,20:55.3,1,35,80,79,999,998,\N,20:55.3
K009,4,20:55.3,1,36,0,0,57,0,\N,20:55.3
K010,3,20:55.1,1,39,114,61,0,218,\N,20:55.3
K010,4,20:55.1,1,40,0,0,56,99,\N,20:55.3
K014,4,20:55.4,1,56,150,288,0,0,\N,20:55.7
K015,1,20:55.4,1,57,66,145,999,999,\N,20:55.7
K015,4,20:55.4,1,60,990,999,0,280,\N,20:55.7
K010,1,20:55.5,1,37,79,0,106,111,\N,20:55.7
K010,2,20:55.5,1,38,999,999,166,261,\N,20:55.7
K010,3,20:55.5,1,39,114,62,0,218,\N,20:55.7
K010,4,20:55.5,1,40,0,0,56,98,\N,20:55.7
K015,1,20:55.6,1,57,59,130,999,999,\N,20:55.7
K009,3,20:55.6,1,35,82,79,999,996,\N,20:55.7
K015,4,20:55.6,1,60,971,999,0,273,\N,20:55.7
K014,4,20:55.7,1,56,150,288,0,0,\N,20:55.7
K010,1,20:55.8,1,37,79,0,106,110,\N,20:56.2
K010,2,20:55.8,1,38,999,999,165,261,\N,20:56.2
K010,3,20:55.8,1,39,114,62,0,218,\N,20:56.2
K010,4,20:55.8,1,40,0,0,56,98,\N,20:56.2
K009,4,20:55.6,1,36,0,0,57,0,\N,20:56.2
K015,1,20:55.8,1,57,61,146,999,999,\N,20:56.2
K015,4,20:55.8,1,60,994,999,0,284,\N,20:56.2
K014,4,20:56.0,1,56,150,288,0,0,\N,20:56.2
K010,1,20:56.1,1,37,79,0,106,110,\N,20:56.2
K010,2,20:56.1,1,38,999,999,164,256,\N,20:56.2
K009,3,20:56.1,1,35,80,78,999,990,\N,20:56.2
K015,1,20:56.1,1,57,62,152,999,999,\N,20:56.2
K009,4,20:56.1,1,36,0,0,57,0,\N,20:56.2
K010,3,20:56.1,1,39,114,62,0,218,\N,20:56.2
K010,4,20:56.1,1,40,0,0,55,98,\N,20:56.2
K015,4,20:56.1,1,60,999,999,0,288,\N,20:56.2
K009,3,20:56.3,1,35,84,80,999,995,\N,20:56.5
K015,1,20:56.3,1,57,63,148,999,999,\N,20:56.5
K014,4,20:56.3,1,56,150,288,0,0,\N,20:56.5
K009,4,20:56.3,1,36,0,0,57,0,\N,20:56.5
K015,4,20:56.3,1,60,999,999,0,287,\N,20:56.5
K010,1,20:56.3,1,37,79,0,107,110,\N,20:56.5
K010,2,20:56.3,1,38,999,999,165,258,\N,20:56.5
K010,3,20:56.3,1,39,114,62,0,218,\N,20:56.5
K010,4,20:56.3,1,40,0,0,55,98,\N,20:56.5
K015,1,20:56.5,1,57,59,138,999,999,\N,20:57.0
K009,3,20:56.5,1,35,90,87,999,999,\N,20:57.0
K009,4,20:56.5,1,36,0,0,57,0,\N,20:57.0
K015,4,20:56.5,1,60,982,999,0,280,\N,20:57.0
K014,4,20:56.6,1,56,150,288,0,0,\N,20:57.0
K010,1,20:56.6,1,37,78,0,106,110,\N,20:57.0
K010,2,20:56.6,1,38,999,999,165,252,\N,20:57.0
K010,3,20:56.6,1,39,113,61,0,219,\N,20:57.0
K010,4,20:56.6,1,40,0,0,56,98,\N,20:57.0
K015,1,20:56.7,1,57,0,110,999,999,\N,20:57.0
K015,4,20:56.7,1,60,918,999,0,268,\N,20:57.0
K009,3,20:56.9,1,35,90,90,999,999,\N,20:57.0
K009,4,20:56.9,1,36,0,0,57,0,\N,20:57.0
K014,4,20:56.9,1,56,150,288,0,0,\N,20:57.0
K010,1,20:56.9,1,37,78,0,104,109,\N,20:57.0
K010,2,20:56.9,1,38,999,999,166,248,\N,20:57.0
K010,3,20:56.9,1,39,113,60,0,218,\N,20:57.4
K010,4,20:56.9,1,40,0,0,56,98,\N,20:57.4
K015,1,20:57.0,1,57,0,103,999,999,\N,20:57.4
K015,4,20:57.0,1,60,895,999,0,263,\N,20:57.4
K009,3,20:57.2,1,35,89,89,999,999,\N,20:57.4
K009,4,20:57.2,1,36,0,0,57,0,\N,20:57.4
K014,4,20:57.2,1,56,151,288,0,0,\N,20:57.4
K010,1,20:57.2,1,37,77,0,103,111,\N,20:57.4
K010,2,20:57.2,1,38,999,999,162,237,\N,20:57.4
K010,3,20:57.2,1,39,113,61,0,219,\N,20:57.4
K010,4,20:57.2,1,40,0,0,55,99,\N,20:57.4
K015,1,20:57.4,1,57,0,99,999,999,\N,20:57.4
K015,4,20:57.4,1,60,912,999,0,271,\N,20:57.4
K009,3,20:57.5,1,35,96,107,999,999,\N,20:57.8
K009,4,20:57.5,1,36,0,0,57,0,\N,20:57.8
K014,4,20:57.5,1,56,151,288,0,0,\N,20:57.8
K010,1,20:57.6,1,37,74,0,98,112,\N,20:57.8
K010,2,20:57.6,1,38,999,974,161,219,\N,20:57.8
K010,3,20:57.6,1,39,112,61,0,220,\N,20:57.8
K010,4,20:57.6,1,40,0,0,55,99,\N,20:57.8
K015,1,20:57.8,1,57,0,83,999,999,\N,20:57.8
K009,3,20:57.8,1,35,147,153,999,999,\N,20:57.8
K009,4,20:57.8,1,36,0,0,58,0,\N,20:57.8
K014,4,20:57.8,1,56,151,288,0,0,\N,20:58.3
K010,1,20:57.9,1,37,68,52,94,110,\N,20:58.3
K010,2,20:57.9,1,38,999,726,157,153,\N,20:58.3
K010,3,20:57.9,1,39,106,56,0,223,\N,20:58.3
K010,4,20:57.9,1,40,0,0,55,100,\N,20:58.3
K015,4,20:57.8,1,60,800,939,0,245,\N,20:58.3
K014,4,20:58.1,1,56,151,289,0,0,\N,20:58.3
K010,1,20:58.2,1,37,76,0,115,103,\N,20:58.3
K010,2,20:58.2,1,38,999,982,168,205,\N,20:58.3
K009,3,20:58.3,1,35,230,158,999,999,\N,20:58.7
K009,4,20:58.3,1,36,0,0,59,0,\N,20:58.7
K010,3,20:58.2,1,39,108,55,0,221,\N,20:58.7
K010,4,20:58.2,1,40,0,0,55,98,\N,20:58.7
K014,4,20:58.4,1,56,150,289,0,0,\N,20:58.7
K015,1,20:58.5,1,57,0,72,999,999,\N,20:58.7
K015,4,20:58.5,1,60,741,822,0,227,\N,20:58.7
K010,1,20:58.6,1,37,66,59,84,101,\N,20:58.7
K010,2,20:58.6,1,38,60,174,145,0,\N,20:58.7
K010,3,20:58.6,1,39,98,0,0,226,\N,20:58.7
K010,4,20:58.6,1,40,0,0,55,102,\N,20:58.7
K009,3,20:58.6,1,35,492,155,999,999,\N,20:58.7
K015,1,20:58.7,1,57,93,209,910,664,\N,20:59.0
K015,4,20:58.7,1,60,896,768,0,224,\N,20:59.0
K014,4,20:58.7,1,56,151,286,0,0,\N,20:59.0
K010,1,20:58.8,1,37,68,57,78,103,\N,20:59.0
K010,2,20:58.8,1,38,53,0,169,0,\N,20:59.0
K010,3,20:58.8,1,39,99,0,0,218,\N,20:59.0
K010,4,20:58.8,1,40,0,0,56,107,\N,20:59.0
K009,4,20:58.6,1,36,51,0,60,0,\N,20:59.0
K015,1,20:58.9,1,57,0,124,999,999,\N,20:59.0
K015,4,20:58.9,1,60,979,999,0,242,\N,20:59.0
K009,3,20:59.0,1,35,122,65,65,0,\N,20:59.0
K009,4,20:59.0,1,36,53,0,57,0,\N,20:59.0
K014,4,20:59.0,1,56,151,286,0,0,\N,20:59.0
K009,3,20:59.0,1,35,112,55,55,0,\N,20:59.4
K009,4,20:59.0,1,36,53,0,57,0,\N,20:59.4
K010,1,20:59.1,1,37,78,72,99,88,\N,20:59.4
K010,2,20:59.1,1,38,65,0,105,0,\N,20:59.4
K010,3,20:59.1,1,39,87,0,0,172,\N,20:59.4
K010,4,20:59.1,1,40,0,0,56,98,\N,20:59.4
K015,1,20:59.2,1,57,0,0,999,999,\N,20:59.4
K015,4,20:59.2,1,60,276,609,121,271,\N,20:59.4
K014,4,20:59.4,1,56,148,282,0,0,\N,20:59.4
K009,3,20:59.4,1,35,117,66,67,0,\N,20:59.4
K009,4,20:59.4,1,36,52,0,55,0,\N,20:59.4
K010,1,20:59.4,1,37,74,57,81,110,\N,20:59.4
K010,2,20:59.4,1,38,0,56,169,0,\N,20:59.4
K010,3,20:59.4,1,39,89,0,0,176,\N,20:59.4
K010,4,20:59.4,1,40,0,0,56,97,\N,20:59.4
Break,,,,,,,,,,
