"no","user_no","board_id","block_id","major","minor","rssi","reg_dt"
"1","1","B003","1","1","9","-64","2021-06-15 02:49:51.129000"
"2","1","B003","3","1","11","-69","2021-06-15 02:49:51.129000"
"3","1","B003","1","1","9","-64","2021-06-15 02:49:51.132000"
"4","1","B003","4","1","12","-77","2021-06-15 02:49:51.129000"
"5","1","B003","1","1","9","-64","2021-06-15 02:49:51.265000"
"6","1","B003","3","1","11","-69","2021-06-15 02:49:51.265000"
"7","1","B003","4","1","12","-75","2021-06-15 02:49:51.265000"
"8","1","B003","1","1","9","-61","2021-06-15 02:49:51.341000"
"9","1","B003","3","1","11","-69","2021-06-15 02:49:51.341000"
"10","1","B003","4","1","12","-76","2021-06-15 02:49:51.341000"
"11","1","B003","1","1","9","-61","2021-06-15 02:49:51.415000"
"12","1","B003","3","1","11","-69","2021-06-15 02:49:51.415000"
"13","1","B003","4","1","12","-76","2021-06-15 02:49:51.415000"
"14","1","B003","1","1","9","-61","2021-06-15 02:49:51.518000"
"15","1","B003","3","1","11","-69","2021-06-15 02:49:51.518000"
"16","1","B003","4","1","12","-76","2021-06-15 02:49:51.518000"
"17","1","B003","1","1","9","-61","2021-06-15 02:49:51.626000"
"18","1","B003","3","1","11","-69","2021-06-15 02:49:51.626000"
"19","1","B003","4","1","12","-76","2021-06-15 02:49:51.626000"
"20","1","B003","1","1","9","-61","2021-06-15 02:49:51.732000"
"21","1","B003","3","1","11","-69","2021-06-15 02:49:51.732000"
"22","1","B003","4","1","12","-76","2021-06-15 02:49:51.732000"
"23","1","B003","1","1","9","-61","2021-06-15 02:49:51.940000"
"24","1","B003","3","1","11","-69","2021-06-15 02:49:51.940000"
"25","1","B003","4","1","12","-76","2021-06-15 02:49:51.940000"
"26","1","B003","1","1","9","-61","2021-06-15 02:49:51.965000"
"27","1","B003","3","1","11","-69","2021-06-15 02:49:51.965000"
"28","1","B003","4","1","12","-76","2021-06-15 02:49:51.965000"
"29","1","B003","1","1","9","-61","2021-06-15 02:49:52.153000"
"30","1","B003","3","1","11","-69","2021-06-15 02:49:52.153000"
"31","1","B003","1","1","9","-61","2021-06-15 02:49:52.172000"
"32","1","B003","4","1","12","-84","2021-06-15 02:49:52.153000"
"33","1","B003","3","1","11","-69","2021-06-15 02:49:52.172000"
"34","1","B003","2","1","10","-59","2021-06-15 02:49:52.153000"
"35","1","B003","4","1","12","-84","2021-06-15 02:49:52.172000"
"36","1","B003","2","1","10","-59","2021-06-15 02:49:52.172000"
"37","1","B003","1","1","9","-62","2021-06-15 02:49:52.321000"
"38","1","B003","3","1","11","-69","2021-06-15 02:49:52.321000"
"39","1","B003","4","1","12","-84","2021-06-15 02:49:52.321000"
"40","1","B003","2","1","10","-59","2021-06-15 02:49:52.321000"
"41","1","B003","1","1","9","-62","2021-06-15 02:49:52.378000"
"42","1","B003","3","1","11","-69","2021-06-15 02:49:52.378000"
"43","1","B003","4","1","12","-84","2021-06-15 02:49:52.378000"
"44","1","B003","2","1","10","-59","2021-06-15 02:49:52.378000"
"45","1","B003","1","1","9","-62","2021-06-15 02:49:52.483000"
"46","1","B003","3","1","11","-69","2021-06-15 02:49:52.483000"
"47","1","B003","4","1","12","-84","2021-06-15 02:49:52.483000"
"48","1","B003","2","1","10","-59","2021-06-15 02:49:52.483000"
"49","1","B003","1","1","9","-62","2021-06-15 02:49:52.683000"
"50","1","B003","3","1","11","-69","2021-06-15 02:49:52.683000"
"51","1","B003","4","1","12","-84","2021-06-15 02:49:52.683000"
"52","1","B003","2","1","10","-59","2021-06-15 02:49:52.683000"
"53","1","B003","1","1","9","-62","2021-06-15 02:49:52.765000"
"54","1","B003","3","1","11","-69","2021-06-15 02:49:52.765000"
"55","1","B003","4","1","12","-84","2021-06-15 02:49:52.765000"
"56","1","B003","2","1","10","-59","2021-06-15 02:49:52.765000"
"57","1","B003","1","1","9","-62","2021-06-15 02:49:52.838000"
"58","1","B003","3","1","11","-69","2021-06-15 02:49:52.838000"
"59","1","B003","4","1","12","-84","2021-06-15 02:49:52.838000"
"60","1","B003","2","1","10","-59","2021-06-15 02:49:52.838000"
"61","1","B003","1","1","9","-66","2021-06-15 02:49:53.020000"
"62","1","B003","1","1","9","-66","2021-06-15 02:49:53.027000"
"63","1","B003","3","1","11","-69","2021-06-15 02:49:53.027000"
"64","1","B003","3","1","11","-69","2021-06-15 02:49:53.020000"
"65","1","B003","4","1","12","-85","2021-06-15 02:49:53.027000"
"66","1","B003","4","1","12","-85","2021-06-15 02:49:53.020000"
"67","1","B003","2","1","10","-58","2021-06-15 02:49:53.027000"
"68","1","B003","2","1","10","-58","2021-06-15 02:49:53.020000"
"69","1","B003","1","1","9","-66","2021-06-15 02:49:53.143000"
"70","1","B003","3","1","11","-69","2021-06-15 02:49:53.143000"
"71","1","B003","4","1","12","-85","2021-06-15 02:49:53.143000"
"72","1","B003","2","1","10","-58","2021-06-15 02:49:53.143000"
"73","1","B003","1","1","9","-66","2021-06-15 02:49:53.282000"
"74","1","B003","3","1","11","-69","2021-06-15 02:49:53.282000"
"75","1","B003","4","1","12","-85","2021-06-15 02:49:53.282000"
"76","1","B003","2","1","10","-58","2021-06-15 02:49:53.282000"
"77","1","B003","1","1","9","-66","2021-06-15 02:49:53.376000"
"78","1","B003","3","1","11","-69","2021-06-15 02:49:53.376000"
"79","1","B003","4","1","12","-85","2021-06-15 02:49:53.376000"
"80","1","B003","2","1","10","-58","2021-06-15 02:49:53.376000"
"81","1","B003","1","1","9","-66","2021-06-15 02:49:53.538000"
"82","1","B003","3","1","11","-69","2021-06-15 02:49:53.538000"
"83","1","B003","4","1","12","-85","2021-06-15 02:49:53.538000"
"84","1","B003","2","1","10","-58","2021-06-15 02:49:53.538000"
"85","1","B003","1","1","9","-66","2021-06-15 02:49:53.624000"
"86","1","B003","3","1","11","-69","2021-06-15 02:49:53.624000"
"87","1","B003","4","1","12","-85","2021-06-15 02:49:53.624000"
"88","1","B003","2","1","10","-58","2021-06-15 02:49:53.624000"
"89","1","B003","1","1","9","-66","2021-06-15 02:49:53.677000"
"90","1","B003","3","1","11","-69","2021-06-15 02:49:53.677000"
"91","1","B003","4","1","12","-85","2021-06-15 02:49:53.677000"
"92","1","B003","2","1","10","-58","2021-06-15 02:49:53.677000"
"93","1","B003","1","1","9","-66","2021-06-15 02:49:53.796000"
"94","1","B003","3","1","11","-69","2021-06-15 02:49:53.796000"
"95","1","B003","4","1","12","-85","2021-06-15 02:49:53.796000"
"96","1","B003","2","1","10","-58","2021-06-15 02:49:53.796000"
"97","1","B003","1","1","9","-88","2021-06-15 02:49:54.062000"
"98","1","B003","1","1","9","-88","2021-06-15 02:49:54.062000"
"99","1","B003","3","1","11","-91","2021-06-15 02:49:54.062000"
"100","1","B003","3","1","11","-91","2021-06-15 02:49:54.062000"
"101","1","B003","4","1","12","-85","2021-06-15 02:49:54.062000"
"102","1","B003","2","1","10","-78","2021-06-15 02:49:54.062000"
"103","1","B003","4","1","12","-85","2021-06-15 02:49:54.062000"
"104","1","B003","2","1","10","-78","2021-06-15 02:49:54.062000"
"105","1","B003","1","1","9","-86","2021-06-15 02:49:54.474000"
"106","1","B003","1","1","9","-86","2021-06-15 02:49:54.478000"
"107","1","B003","3","1","11","-90","2021-06-15 02:49:54.474000"
"108","1","B003","3","1","11","-90","2021-06-15 02:49:54.478000"
"109","1","B003","4","1","12","-100","2021-06-15 02:49:54.474000"
"110","1","B003","4","1","12","-100","2021-06-15 02:49:54.478000"
"111","1","B003","2","1","10","-84","2021-06-15 02:49:54.474000"
"112","1","B003","2","1","10","-84","2021-06-15 02:49:54.478000"
"113","1","B003","1","1","9","-66","2021-06-15 02:49:54.607000"
"114","1","B003","3","1","11","-67","2021-06-15 02:49:54.607000"
"115","1","B003","4","1","12","-100","2021-06-15 02:49:54.607000"
"116","1","B003","2","1","10","-64","2021-06-15 02:49:54.607000"
"117","1","B003","1","1","9","-61","2021-06-15 02:49:54.662000"
"118","1","B003","3","1","11","-67","2021-06-15 02:49:54.662000"
"119","1","B003","4","1","12","-100","2021-06-15 02:49:54.662000"
"120","1","B003","2","1","10","-64","2021-06-15 02:49:54.662000"
"121","1","B003","1","1","9","-85","2021-06-15 02:49:54.902000"
"122","1","B003","1","1","9","-85","2021-06-15 02:49:54.904000"
"123","1","B003","3","1","11","-91","2021-06-15 02:49:54.902000"
"124","1","B003","4","1","12","-100","2021-06-15 02:49:54.902000"
"125","1","B003","3","1","11","-91","2021-06-15 02:49:54.904000"
"126","1","B003","2","1","10","-84","2021-06-15 02:49:54.902000"
"127","1","B003","4","1","12","-100","2021-06-15 02:49:54.904000"
"128","1","B003","2","1","10","-84","2021-06-15 02:49:54.904000"
"129","1","B003","1","1","9","-88","2021-06-15 02:49:55.211000"
"130","1","B003","1","1","9","-88","2021-06-15 02:49:55.213000"
"131","1","B003","3","1","11","-92","2021-06-15 02:49:55.211000"
"132","1","B003","4","1","12","-100","2021-06-15 02:49:55.211000"
"133","1","B003","3","1","11","-92","2021-06-15 02:49:55.213000"
"134","1","B003","2","1","10","-78","2021-06-15 02:49:55.211000"
"135","1","B003","4","1","12","-100","2021-06-15 02:49:55.213000"
"136","1","B003","2","1","10","-78","2021-06-15 02:49:55.213000"
"137","1","B003","1","1","9","-66","2021-06-15 02:49:55.550000"
"138","1","B003","1","1","9","-66","2021-06-15 02:49:55.573000"
"139","1","B003","3","1","11","-69","2021-06-15 02:49:55.573000"
"140","1","B003","3","1","11","-69","2021-06-15 02:49:55.550000"
"141","1","B003","4","1","12","-76","2021-06-15 02:49:55.573000"
"142","1","B003","4","1","12","-76","2021-06-15 02:49:55.550000"
"143","1","B003","2","1","10","-58","2021-06-15 02:49:55.573000"
"144","1","B003","2","1","10","-58","2021-06-15 02:49:55.550000"
"145","1","B003","1","1","9","-85","2021-06-15 02:49:55.963000"
"146","1","B003","1","1","9","-85","2021-06-15 02:49:55.970000"
"147","1","B003","3","1","11","-91","2021-06-15 02:49:55.963000"
"148","1","B003","3","1","11","-91","2021-06-15 02:49:55.970000"
"149","1","B003","4","1","12","-100","2021-06-15 02:49:55.963000"
"150","1","B003","4","1","12","-100","2021-06-15 02:49:55.970000"
"151","1","B003","2","1","10","-82","2021-06-15 02:49:55.963000"
"152","1","B003","2","1","10","-82","2021-06-15 02:49:55.970000"
"153","1","B003","1","1","9","-85","2021-06-15 02:49:56.252000"
"154","1","B003","3","1","11","-91","2021-06-15 02:49:56.252000"
"155","1","B003","4","1","12","-99","2021-06-15 02:49:56.252000"
"156","1","B003","2","1","10","-86","2021-06-15 02:49:56.252000"
"157","1","B003","1","1","9","-85","2021-06-15 02:49:56.278000"
"158","1","B003","3","1","11","-91","2021-06-15 02:49:56.278000"
"159","1","B003","4","1","12","-99","2021-06-15 02:49:56.278000"
"160","1","B003","2","1","10","-86","2021-06-15 02:49:56.278000"
"161","1","B003","1","1","9","-86","2021-06-15 02:49:56.659000"
"162","1","B003","1","1","9","-86","2021-06-15 02:49:56.669000"
"163","1","B003","3","1","11","-92","2021-06-15 02:49:56.659000"
"164","1","B003","3","1","11","-92","2021-06-15 02:49:56.669000"
"165","1","B003","4","1","12","-99","2021-06-15 02:49:56.659000"
"166","1","B003","4","1","12","-99","2021-06-15 02:49:56.669000"
"167","1","B003","2","1","10","-60","2021-06-15 02:49:56.659000"
"168","1","B003","2","1","10","-60","2021-06-15 02:49:56.669000"
"169","1","B003","1","1","9","-88","2021-06-15 02:49:56.963000"
"170","1","B003","1","1","9","-88","2021-06-15 02:49:56.972000"
"171","1","B003","3","1","11","-91","2021-06-15 02:49:56.963000"
"172","1","B003","3","1","11","-91","2021-06-15 02:49:56.972000"
"173","1","B003","4","1","12","-99","2021-06-15 02:49:56.963000"
"174","1","B003","4","1","12","-99","2021-06-15 02:49:56.972000"
"175","1","B003","2","1","10","-84","2021-06-15 02:49:56.972000"
"176","1","B003","2","1","10","-84","2021-06-15 02:49:56.963000"
"177","1","B003","1","1","9","-63","2021-06-15 02:49:57.356000"
"178","1","B003","3","1","11","-93","2021-06-15 02:49:57.356000"
"179","1","B003","4","1","12","-101","2021-06-15 02:49:57.356000"
"180","1","B003","2","1","10","-84","2021-06-15 02:49:57.356000"
"181","1","B003","1","1","9","-63","2021-06-15 02:49:57.373000"
"182","1","B003","3","1","11","-93","2021-06-15 02:49:57.373000"
"183","1","B003","4","1","12","-101","2021-06-15 02:49:57.373000"
"184","1","B003","2","1","10","-84","2021-06-15 02:49:57.373000"
"185","1","B003","1","1","9","-84","2021-06-15 02:49:57.653000"
"186","1","B003","3","1","11","-92","2021-06-15 02:49:57.653000"
"187","1","B003","4","1","12","-101","2021-06-15 02:49:57.653000"
"188","1","B003","2","1","10","-84","2021-06-15 02:49:57.653000"
"189","1","B003","1","1","9","-84","2021-06-15 02:49:57.744000"
"190","1","B003","3","1","11","-92","2021-06-15 02:49:57.744000"
"191","1","B003","4","1","12","-101","2021-06-15 02:49:57.744000"
"192","1","B003","2","1","10","-84","2021-06-15 02:49:57.744000"
"193","1","B003","1","1","9","-88","2021-06-15 02:49:58.026000"
"194","1","B003","1","1","9","-88","2021-06-15 02:49:58.025000"
"195","1","B003","3","1","11","-69","2021-06-15 02:49:58.026000"
"196","1","B003","3","1","11","-69","2021-06-15 02:49:58.025000"
"197","1","B003","4","1","12","-77","2021-06-15 02:49:58.026000"
"198","1","B003","4","1","12","-77","2021-06-15 02:49:58.025000"
"199","1","B003","2","1","10","-83","2021-06-15 02:49:58.026000"
"200","1","B003","2","1","10","-83","2021-06-15 02:49:58.025000"
"201","1","B003","1","1","9","-88","2021-06-15 02:49:58.141000"
"202","1","B003","3","1","11","-69","2021-06-15 02:49:58.141000"
"203","1","B003","4","1","12","-77","2021-06-15 02:49:58.141000"
"204","1","B003","2","1","10","-83","2021-06-15 02:49:58.141000"
"205","1","B003","1","1","9","-88","2021-06-15 02:49:58.319000"
"206","1","B003","3","1","11","-69","2021-06-15 02:49:58.319000"
"207","1","B003","4","1","12","-77","2021-06-15 02:49:58.319000"
"208","1","B003","2","1","10","-83","2021-06-15 02:49:58.319000"
"209","1","B003","1","1","9","-88","2021-06-15 02:49:58.394000"
"210","1","B003","3","1","11","-69","2021-06-15 02:49:58.394000"
"211","1","B003","4","1","12","-77","2021-06-15 02:49:58.394000"
"212","1","B003","2","1","10","-83","2021-06-15 02:49:58.394000"
"213","1","B003","1","1","9","-88","2021-06-15 02:49:58.505000"
"214","1","B003","3","1","11","-69","2021-06-15 02:49:58.505000"
"215","1","B003","4","1","12","-77","2021-06-15 02:49:58.505000"
"216","1","B003","2","1","10","-83","2021-06-15 02:49:58.505000"
"217","1","B003","1","1","9","-88","2021-06-15 02:49:58.573000"
"218","1","B003","3","1","11","-69","2021-06-15 02:49:58.573000"
"219","1","B003","4","1","12","-77","2021-06-15 02:49:58.573000"
"220","1","B003","2","1","10","-83","2021-06-15 02:49:58.573000"
"221","1","B003","1","1","9","-88","2021-06-15 02:49:58.662000"
"222","1","B003","3","1","11","-69","2021-06-15 02:49:58.662000"
"223","1","B003","4","1","12","-77","2021-06-15 02:49:58.662000"
"224","1","B003","2","1","10","-83","2021-06-15 02:49:58.662000"
"225","1","B003","1","1","9","-88","2021-06-15 02:49:58.778000"
"226","1","B003","3","1","11","-69","2021-06-15 02:49:58.778000"
"227","1","B003","4","1","12","-77","2021-06-15 02:49:58.778000"
"228","1","B003","2","1","10","-83","2021-06-15 02:49:58.778000"
"229","1","B003","1","1","9","-88","2021-06-15 02:49:58.889000"
"230","1","B003","3","1","11","-69","2021-06-15 02:49:58.889000"
"231","1","B003","4","1","12","-77","2021-06-15 02:49:58.889000"
"232","1","B003","2","1","10","-83","2021-06-15 02:49:58.889000"
"233","1","B003","1","1","9","-88","2021-06-15 02:49:59.112000"
"234","1","B003","3","1","11","-69","2021-06-15 02:49:59.112000"
"235","1","B003","4","1","12","-77","2021-06-15 02:49:59.112000"
"236","1","B003","2","1","10","-83","2021-06-15 02:49:59.112000"
"237","1","B003","1","1","9","-88","2021-06-15 02:49:59.175000"
"238","1","B003","3","1","11","-69","2021-06-15 02:49:59.175000"
"239","1","B003","4","1","12","-77","2021-06-15 02:49:59.175000"
"240","1","B003","2","1","10","-83","2021-06-15 02:49:59.175000"
"241","1","B003","1","1","9","-88","2021-06-15 02:49:59.263000"
"242","1","B003","3","1","11","-69","2021-06-15 02:49:59.263000"
"243","1","B003","4","1","12","-77","2021-06-15 02:49:59.263000"
"244","1","B003","2","1","10","-83","2021-06-15 02:49:59.263000"
"245","1","B003","1","1","9","-88","2021-06-15 02:49:59.312000"
"246","1","B003","3","1","11","-69","2021-06-15 02:49:59.312000"
"247","1","B003","4","1","12","-77","2021-06-15 02:49:59.312000"
"248","1","B003","2","1","10","-83","2021-06-15 02:49:59.312000"
"249","1","B003","1","1","9","-88","2021-06-15 02:49:59.463000"
"250","1","B003","3","1","11","-69","2021-06-15 02:49:59.463000"
"251","1","B003","4","1","12","-77","2021-06-15 02:49:59.463000"
"252","1","B003","2","1","10","-83","2021-06-15 02:49:59.463000"
"253","1","B003","1","1","9","-88","2021-06-15 02:49:59.510000"
"254","1","B003","3","1","11","-69","2021-06-15 02:49:59.510000"
"255","1","B003","4","1","12","-77","2021-06-15 02:49:59.510000"
"256","1","B003","2","1","10","-83","2021-06-15 02:49:59.510000"
"257","1","B003","1","1","9","-88","2021-06-15 02:49:59.623000"
"258","1","B003","3","1","11","-69","2021-06-15 02:49:59.623000"
"259","1","B003","4","1","12","-77","2021-06-15 02:49:59.623000"
"260","1","B003","2","1","10","-83","2021-06-15 02:49:59.623000"
"261","1","B003","1","1","9","-88","2021-06-15 02:49:59.746000"
"262","1","B003","3","1","11","-69","2021-06-15 02:49:59.746000"
"263","1","B003","4","1","12","-77","2021-06-15 02:49:59.746000"
"264","1","B003","2","1","10","-83","2021-06-15 02:49:59.746000"
"265","1","B003","1","1","9","-88","2021-06-15 02:49:59.842000"
"266","1","B003","3","1","11","-69","2021-06-15 02:49:59.842000"
"267","1","B003","4","1","12","-77","2021-06-15 02:49:59.842000"
"268","1","B003","2","1","10","-83","2021-06-15 02:49:59.842000"
"269","1","B003","1","1","9","-88","2021-06-15 02:49:59.977000"
"270","1","B003","3","1","11","-69","2021-06-15 02:49:59.977000"
"271","1","B003","4","1","12","-77","2021-06-15 02:49:59.977000"
"272","1","B003","2","1","10","-83","2021-06-15 02:49:59.977000"
"273","1","B003","1","1","9","-88","2021-06-15 02:50:00.061000"
"274","1","B003","3","1","11","-69","2021-06-15 02:50:00.061000"
"275","1","B003","4","1","12","-77","2021-06-15 02:50:00.061000"
"276","1","B003","2","1","10","-83","2021-06-15 02:50:00.061000"
"277","1","B003","1","1","9","-88","2021-06-15 02:50:00.127000"
"278","1","B003","3","1","11","-69","2021-06-15 02:50:00.127000"
"279","1","B003","4","1","12","-77","2021-06-15 02:50:00.127000"
"280","1","B003","2","1","10","-83","2021-06-15 02:50:00.127000"
"281","1","B003","1","1","9","-88","2021-06-15 02:50:00.242000"
"282","1","B003","3","1","11","-69","2021-06-15 02:50:00.242000"
"283","1","B003","4","1","12","-77","2021-06-15 02:50:00.242000"
"284","1","B003","2","1","10","-83","2021-06-15 02:50:00.242000"
"285","1","B003","1","1","9","-88","2021-06-15 02:50:00.349000"
"286","1","B003","3","1","11","-69","2021-06-15 02:50:00.349000"
"287","1","B003","4","1","12","-77","2021-06-15 02:50:00.349000"
"288","1","B003","2","1","10","-83","2021-06-15 02:50:00.349000"
"289","1","B003","1","1","9","-88","2021-06-15 02:50:00.463000"
"290","1","B003","3","1","11","-69","2021-06-15 02:50:00.463000"
"291","1","B003","4","1","12","-77","2021-06-15 02:50:00.463000"
"292","1","B003","2","1","10","-83","2021-06-15 02:50:00.463000"
"293","1","B003","1","1","9","-88","2021-06-15 02:50:00.560000"
"294","1","B003","3","1","11","-69","2021-06-15 02:50:00.560000"
"295","1","B003","4","1","12","-77","2021-06-15 02:50:00.560000"
"296","1","B003","2","1","10","-83","2021-06-15 02:50:00.560000"
"297","1","B003","1","1","9","-88","2021-06-15 02:50:00.779000"
"298","1","B003","1","1","9","-88","2021-06-15 02:50:00.786000"
"299","1","B003","3","1","11","-69","2021-06-15 02:50:00.779000"
"300","1","B003","3","1","11","-69","2021-06-15 02:50:00.786000"
"301","1","B003","4","1","12","-77","2021-06-15 02:50:00.779000"
"302","1","B003","4","1","12","-77","2021-06-15 02:50:00.786000"
"303","1","B003","2","1","10","-83","2021-06-15 02:50:00.779000"
"304","1","B003","2","1","10","-83","2021-06-15 02:50:00.786000"
"305","1","B003","1","1","9","-88","2021-06-15 02:50:00.926000"
"306","1","B003","3","1","11","-69","2021-06-15 02:50:00.926000"
"307","1","B003","4","1","12","-77","2021-06-15 02:50:00.926000"
"308","1","B003","2","1","10","-83","2021-06-15 02:50:00.926000"
"309","1","B003","1","1","9","-88","2021-06-15 02:50:00.962000"
"310","1","B003","3","1","11","-69","2021-06-15 02:50:00.962000"
"311","1","B003","4","1","12","-77","2021-06-15 02:50:00.962000"
"312","1","B003","2","1","10","-83","2021-06-15 02:50:00.962000"
"313","1","B003","1","1","9","-88","2021-06-15 02:50:01.076000"
"314","1","B003","3","1","11","-69","2021-06-15 02:50:01.076000"
"315","1","B003","4","1","12","-77","2021-06-15 02:50:01.076000"
"316","1","B003","2","1","10","-83","2021-06-15 02:50:01.076000"
"317","1","B003","1","1","9","-88","2021-06-15 02:50:01.190000"
"318","1","B003","3","1","11","-69","2021-06-15 02:50:01.190000"
"319","1","B003","4","1","12","-77","2021-06-15 02:50:01.190000"
"320","1","B003","2","1","10","-83","2021-06-15 02:50:01.190000"
"321","1","B003","1","1","9","-88","2021-06-15 02:50:01.294000"
"322","1","B003","3","1","11","-69","2021-06-15 02:50:01.294000"
"323","1","B003","4","1","12","-77","2021-06-15 02:50:01.294000"
"324","1","B003","2","1","10","-83","2021-06-15 02:50:01.294000"
"325","1","B003","1","1","9","-88","2021-06-15 02:50:01.410000"
"326","1","B003","3","1","11","-69","2021-06-15 02:50:01.410000"
"327","1","B003","4","1","12","-77","2021-06-15 02:50:01.410000"
"328","1","B003","2","1","10","-83","2021-06-15 02:50:01.410000"
"329","1","B003","1","1","9","-88","2021-06-15 02:50:01.613000"
"330","1","B003","3","1","11","-69","2021-06-15 02:50:01.613000"
"331","1","B003","4","1","12","-77","2021-06-15 02:50:01.613000"
"332","1","B003","1","1","9","-88","2021-06-15 02:50:01.650000"
"333","1","B003","2","1","10","-83","2021-06-15 02:50:01.613000"
"334","1","B003","3","1","11","-69","2021-06-15 02:50:01.650000"
"335","1","B003","4","1","12","-77","2021-06-15 02:50:01.650000"
"336","1","B003","2","1","10","-83","2021-06-15 02:50:01.650000"
"337","1","B003","1","1","9","-88","2021-06-15 02:50:01.765000"
"338","1","B003","3","1","11","-69","2021-06-15 02:50:01.765000"
"339","1","B003","4","1","12","-77","2021-06-15 02:50:01.765000"
"340","1","B003","2","1","10","-83","2021-06-15 02:50:01.765000"
"341","1","B003","1","1","9","-88","2021-06-15 02:50:01.874000"
"342","1","B003","3","1","11","-69","2021-06-15 02:50:01.874000"
"343","1","B003","4","1","12","-77","2021-06-15 02:50:01.874000"
"344","1","B003","2","1","10","-83","2021-06-15 02:50:01.874000"
"345","1","B003","1","1","9","-88","2021-06-15 02:50:01.949000"
"346","1","B003","3","1","11","-69","2021-06-15 02:50:01.949000"
"347","1","B003","4","1","12","-77","2021-06-15 02:50:01.949000"
"348","1","B003","1","1","9","-88","2021-06-15 02:50:02.034000"
"349","1","B003","2","1","10","-83","2021-06-15 02:50:01.949000"
"350","1","B003","3","1","11","-69","2021-06-15 02:50:02.034000"
"351","1","B003","4","1","12","-77","2021-06-15 02:50:02.034000"
"352","1","B003","2","1","10","-83","2021-06-15 02:50:02.034000"
"353","1","B003","1","1","9","-88","2021-06-15 02:50:02.178000"
"354","1","B003","3","1","11","-69","2021-06-15 02:50:02.178000"
"355","1","B003","1","1","9","-88","2021-06-15 02:50:02.255000"
"356","1","B003","4","1","12","-77","2021-06-15 02:50:02.178000"
"357","1","B003","3","1","11","-69","2021-06-15 02:50:02.255000"
"358","1","B003","4","1","12","-77","2021-06-15 02:50:02.255000"
"359","1","B003","2","1","10","-83","2021-06-15 02:50:02.178000"
"360","1","B003","2","1","10","-83","2021-06-15 02:50:02.255000"
"361","1","B003","1","1","9","-88","2021-06-15 02:50:02.409000"
"362","1","B003","3","1","11","-69","2021-06-15 02:50:02.409000"
"363","1","B003","4","1","12","-77","2021-06-15 02:50:02.409000"
"364","1","B003","2","1","10","-83","2021-06-15 02:50:02.409000"
"365","1","B003","1","1","9","-88","2021-06-15 02:50:02.553000"
"366","1","B003","3","1","11","-69","2021-06-15 02:50:02.553000"
"367","1","B003","1","1","9","-88","2021-06-15 02:50:02.566000"
"368","1","B003","3","1","11","-69","2021-06-15 02:50:02.566000"
"369","1","B003","4","1","12","-77","2021-06-15 02:50:02.553000"
"370","1","B003","4","1","12","-77","2021-06-15 02:50:02.566000"
"371","1","B003","2","1","10","-83","2021-06-15 02:50:02.553000"
"372","1","B003","2","1","10","-83","2021-06-15 02:50:02.566000"
"373","1","B003","1","1","9","-88","2021-06-15 02:50:02.703000"
"374","1","B003","3","1","11","-69","2021-06-15 02:50:02.703000"
"375","1","B003","4","1","12","-77","2021-06-15 02:50:02.703000"
"376","1","B003","1","1","9","-88","2021-06-15 02:50:02.785000"
"377","1","B003","2","1","10","-83","2021-06-15 02:50:02.703000"
"378","1","B003","3","1","11","-69","2021-06-15 02:50:02.785000"
"379","1","B003","4","1","12","-77","2021-06-15 02:50:02.785000"
"380","1","B003","1","1","9","-88","2021-06-15 02:50:02.894000"
"381","1","B003","2","1","10","-83","2021-06-15 02:50:02.785000"
"382","1","B003","3","1","11","-69","2021-06-15 02:50:02.894000"
"383","1","B003","4","1","12","-77","2021-06-15 02:50:02.894000"
"384","1","B003","2","1","10","-83","2021-06-15 02:50:02.894000"
"385","1","B003","1","1","9","-88","2021-06-15 02:50:03.014000"
"386","1","B003","3","1","11","-69","2021-06-15 02:50:03.014000"
"387","1","B003","4","1","12","-77","2021-06-15 02:50:03.014000"
"388","1","B003","2","1","10","-83","2021-06-15 02:50:03.014000"
"389","1","B003","1","1","9","-88","2021-06-15 02:50:03.206000"
"390","1","B003","3","1","11","-69","2021-06-15 02:50:03.206000"
"391","1","B003","4","1","12","-77","2021-06-15 02:50:03.206000"
"392","1","B003","2","1","10","-83","2021-06-15 02:50:03.206000"
"393","1","B003","1","1","9","-88","2021-06-15 02:50:03.311000"
"394","1","B003","1","1","9","-88","2021-06-15 02:50:03.316000"
"395","1","B003","3","1","11","-69","2021-06-15 02:50:03.316000"
"396","1","B003","4","1","12","-77","2021-06-15 02:50:03.316000"
"397","1","B003","3","1","11","-69","2021-06-15 02:50:03.311000"
"398","1","B003","2","1","10","-83","2021-06-15 02:50:03.316000"
"399","1","B003","4","1","12","-77","2021-06-15 02:50:03.311000"
"400","1","B003","1","1","9","-88","2021-06-15 02:50:03.414000"
"401","1","B003","2","1","10","-83","2021-06-15 02:50:03.311000"
"402","1","B003","3","1","11","-69","2021-06-15 02:50:03.414000"
"403","1","B003","4","1","12","-77","2021-06-15 02:50:03.414000"
"404","1","B003","1","1","9","-88","2021-06-15 02:50:03.518000"
"405","1","B003","3","1","11","-69","2021-06-15 02:50:03.518000"
"406","1","B003","2","1","10","-83","2021-06-15 02:50:03.414000"
"407","1","B003","4","1","12","-77","2021-06-15 02:50:03.518000"
"408","1","B003","2","1","10","-83","2021-06-15 02:50:03.518000"
"409","1","B003","1","1","9","-88","2021-06-15 02:50:03.636000"
"410","1","B003","3","1","11","-69","2021-06-15 02:50:03.636000"
"411","1","B003","4","1","12","-77","2021-06-15 02:50:03.636000"
"412","1","B003","1","1","9","-88","2021-06-15 02:50:03.724000"
"413","1","B003","3","1","11","-69","2021-06-15 02:50:03.724000"
"414","1","B003","2","1","10","-83","2021-06-15 02:50:03.636000"
"415","1","B003","4","1","12","-77","2021-06-15 02:50:03.724000"
"416","1","B003","2","1","10","-83","2021-06-15 02:50:03.724000"
"417","1","B003","1","1","9","-88","2021-06-15 02:50:03.836000"
"418","1","B003","3","1","11","-69","2021-06-15 02:50:03.836000"
"419","1","B003","4","1","12","-77","2021-06-15 02:50:03.836000"
"420","1","B003","2","1","10","-83","2021-06-15 02:50:03.836000"
"421","1","B003","1","1","9","-88","2021-06-15 02:50:04.025000"
"422","1","B003","1","1","9","-88","2021-06-15 02:50:04.044000"
"423","1","B003","3","1","11","-69","2021-06-15 02:50:04.025000"
"424","1","B003","3","1","11","-69","2021-06-15 02:50:04.044000"
"425","1","B003","4","1","12","-77","2021-06-15 02:50:04.025000"
"426","1","B003","4","1","12","-77","2021-06-15 02:50:04.044000"
"427","1","B003","2","1","10","-83","2021-06-15 02:50:04.025000"
"428","1","B003","2","1","10","-83","2021-06-15 02:50:04.044000"
"429","1","B003","1","1","9","-88","2021-06-15 02:50:04.180000"
"430","1","B003","3","1","11","-69","2021-06-15 02:50:04.180000"
"431","1","B003","4","1","12","-77","2021-06-15 02:50:04.180000"
"432","1","B003","2","1","10","-83","2021-06-15 02:50:04.180000"
"433","1","B003","1","1","9","-88","2021-06-15 02:50:04.235000"
"434","1","B003","3","1","11","-69","2021-06-15 02:50:04.235000"
"435","1","B003","4","1","12","-77","2021-06-15 02:50:04.235000"
"436","1","B003","2","1","10","-83","2021-06-15 02:50:04.235000"
"437","1","B003","1","1","9","-88","2021-06-15 02:50:04.359000"
"438","1","B003","3","1","11","-69","2021-06-15 02:50:04.359000"
"439","1","B003","1","1","9","-88","2021-06-15 02:50:04.491000"
"440","1","B003","4","1","12","-77","2021-06-15 02:50:04.359000"
"441","1","B003","3","1","11","-69","2021-06-15 02:50:04.491000"
"442","1","B003","1","1","9","-88","2021-06-15 02:50:04.541000"
"443","1","B003","4","1","12","-77","2021-06-15 02:50:04.491000"
"444","1","B003","2","1","10","-83","2021-06-15 02:50:04.359000"
"445","1","B003","3","1","11","-69","2021-06-15 02:50:04.541000"
"446","1","B003","4","1","12","-77","2021-06-15 02:50:04.541000"
"447","1","B003","2","1","10","-83","2021-06-15 02:50:04.491000"
"448","1","B003","2","1","10","-83","2021-06-15 02:50:04.541000"
"449","1","B003","1","1","9","-88","2021-06-15 02:50:04.799000"
"450","1","B003","1","1","9","-88","2021-06-15 02:50:04.803000"
"451","1","B003","3","1","11","-69","2021-06-15 02:50:04.799000"
"452","1","B003","4","1","12","-77","2021-06-15 02:50:04.799000"
"453","1","B003","3","1","11","-69","2021-06-15 02:50:04.803000"
"454","1","B003","2","1","10","-83","2021-06-15 02:50:04.799000"
"455","1","B003","4","1","12","-77","2021-06-15 02:50:04.803000"
"456","1","B003","2","1","10","-83","2021-06-15 02:50:04.803000"
"457","1","B003","1","1","9","-88","2021-06-15 02:50:04.948000"
"458","1","B003","3","1","11","-69","2021-06-15 02:50:04.948000"
"459","1","B003","4","1","12","-77","2021-06-15 02:50:04.948000"
"460","1","B003","2","1","10","-83","2021-06-15 02:50:04.948000"
"461","1","B003","1","1","9","-63","2021-06-15 02:50:05.151000"
"462","1","B003","1","1","9","-63","2021-06-15 02:50:05.152000"
"463","1","B003","3","1","11","-69","2021-06-15 02:50:05.151000"
"464","1","B003","3","1","11","-69","2021-06-15 02:50:05.152000"
"465","1","B003","4","1","12","-77","2021-06-15 02:50:05.151000"
"466","1","B003","4","1","12","-77","2021-06-15 02:50:05.152000"
"467","1","B003","2","1","10","-59","2021-06-15 02:50:05.151000"
"468","1","B003","2","1","10","-59","2021-06-15 02:50:05.152000"
"469","1","B003","1","1","9","-63","2021-06-15 02:50:05.258000"
"470","1","B003","3","1","11","-69","2021-06-15 02:50:05.258000"
"471","1","B003","4","1","12","-77","2021-06-15 02:50:05.258000"
"472","1","B003","2","1","10","-59","2021-06-15 02:50:05.258000"
"473","1","B003","1","1","9","-63","2021-06-15 02:50:05.363000"
"474","1","B003","3","1","11","-69","2021-06-15 02:50:05.363000"
"475","1","B003","4","1","12","-77","2021-06-15 02:50:05.363000"
"476","1","B003","2","1","10","-59","2021-06-15 02:50:05.363000"
"477","1","B003","1","1","9","-63","2021-06-15 02:50:05.601000"
"478","1","B003","1","1","9","-63","2021-06-15 02:50:05.610000"
"479","1","B003","3","1","11","-69","2021-06-15 02:50:05.601000"
"480","1","B003","3","1","11","-69","2021-06-15 02:50:05.610000"
"481","1","B003","4","1","12","-77","2021-06-15 02:50:05.610000"
"482","1","B003","4","1","12","-77","2021-06-15 02:50:05.601000"
"483","1","B003","2","1","10","-59","2021-06-15 02:50:05.610000"
"484","1","B003","2","1","10","-59","2021-06-15 02:50:05.601000"
"485","1","B003","1","1","9","-63","2021-06-15 02:50:05.762000"
"486","1","B003","3","1","11","-69","2021-06-15 02:50:05.762000"
"487","1","B003","4","1","12","-77","2021-06-15 02:50:05.762000"
"488","1","B003","2","1","10","-59","2021-06-15 02:50:05.762000"
"489","1","B003","1","1","9","-63","2021-06-15 02:50:06.130000"
"490","1","B003","3","1","11","-70","2021-06-15 02:50:06.130000"
"491","1","B003","4","1","12","-76","2021-06-15 02:50:06.130000"
"492","1","B003","2","1","10","-59","2021-06-15 02:50:06.130000"
"493","1","B003","1","1","9","-63","2021-06-15 02:50:06.403000"
"494","1","B003","1","1","9","-63","2021-06-15 02:50:06.402000"
"495","1","B003","3","1","11","-70","2021-06-15 02:50:06.403000"
"496","1","B003","3","1","11","-70","2021-06-15 02:50:06.402000"
"497","1","B003","1","1","9","-63","2021-06-15 02:50:06.420000"
"498","1","B003","3","1","11","-70","2021-06-15 02:50:06.420000"
"499","1","B003","4","1","12","-76","2021-06-15 02:50:06.403000"
"500","1","B003","4","1","12","-76","2021-06-15 02:50:06.402000"
"501","1","B003","4","1","12","-76","2021-06-15 02:50:06.420000"
"502","1","B003","2","1","10","-60","2021-06-15 02:50:06.403000"
"503","1","B003","2","1","10","-60","2021-06-15 02:50:06.402000"
"504","1","B003","2","1","10","-60","2021-06-15 02:50:06.420000"
"505","1","B003","1","1","9","-61","2021-06-15 02:50:06.757000"
"506","1","B003","1","1","9","-61","2021-06-15 02:50:06.756000"
"507","1","B003","3","1","11","-70","2021-06-15 02:50:06.757000"
"508","1","B003","3","1","11","-70","2021-06-15 02:50:06.756000"
"509","1","B003","4","1","12","-76","2021-06-15 02:50:06.756000"
"510","1","B003","4","1","12","-76","2021-06-15 02:50:06.757000"
"511","1","B003","2","1","10","-58","2021-06-15 02:50:06.756000"
"512","1","B003","2","1","10","-58","2021-06-15 02:50:06.757000"
"513","1","B003","1","1","9","-61","2021-06-15 02:50:07.223000"
"514","1","B003","1","1","9","-61","2021-06-15 02:50:07.225000"
"515","1","B003","3","1","11","-68","2021-06-15 02:50:07.223000"
"516","1","B003","3","1","11","-68","2021-06-15 02:50:07.225000"
"517","1","B003","4","1","12","-77","2021-06-15 02:50:07.223000"
"518","1","B003","4","1","12","-77","2021-06-15 02:50:07.225000"
"519","1","B003","2","1","10","-58","2021-06-15 02:50:07.223000"
"520","1","B003","2","1","10","-58","2021-06-15 02:50:07.225000"
"521","1","B003","1","1","9","-71","2021-06-15 02:50:07.655000"
"522","1","B003","3","1","11","-70","2021-06-15 02:50:07.655000"
"523","1","B003","4","1","12","-81","2021-06-15 02:50:07.655000"
"524","1","B003","1","1","9","-71","2021-06-15 02:50:07.684000"
"525","1","B003","2","1","10","-58","2021-06-15 02:50:07.655000"
"526","1","B003","3","1","11","-70","2021-06-15 02:50:07.684000"
"527","1","B003","4","1","12","-81","2021-06-15 02:50:07.684000"
"528","1","B003","2","1","10","-58","2021-06-15 02:50:07.684000"
"529","1","B003","1","1","9","-71","2021-06-15 02:50:08.138000"
"530","1","B003","1","1","9","-71","2021-06-15 02:50:08.142000"
"531","1","B003","3","1","11","-69","2021-06-15 02:50:08.142000"
"532","1","B003","3","1","11","-69","2021-06-15 02:50:08.138000"
"533","1","B003","4","1","12","-82","2021-06-15 02:50:08.138000"
"534","1","B003","4","1","12","-82","2021-06-15 02:50:08.142000"
"535","1","B003","2","1","10","-58","2021-06-15 02:50:08.142000"
"536","1","B003","2","1","10","-58","2021-06-15 02:50:08.138000"
"537","1","B003","1","1","9","-71","2021-06-15 02:50:08.551000"
"538","1","B003","3","1","11","-71","2021-06-15 02:50:08.551000"
"539","1","B003","4","1","12","-76","2021-06-15 02:50:08.551000"
"540","1","B003","1","1","9","-71","2021-06-15 02:50:08.562000"
"541","1","B003","2","1","10","-60","2021-06-15 02:50:08.551000"
"542","1","B003","3","1","11","-71","2021-06-15 02:50:08.562000"
"543","1","B003","4","1","12","-76","2021-06-15 02:50:08.562000"
"544","1","B003","2","1","10","-60","2021-06-15 02:50:08.562000"
"545","1","B003","1","1","9","-71","2021-06-15 02:50:08.790000"
"546","1","B003","1","1","9","-71","2021-06-15 02:50:08.824000"
"547","1","B003","3","1","11","-71","2021-06-15 02:50:08.790000"
"548","1","B003","3","1","11","-71","2021-06-15 02:50:08.824000"
"549","1","B003","4","1","12","-76","2021-06-15 02:50:08.824000"
"550","1","B003","4","1","12","-76","2021-06-15 02:50:08.790000"
"551","1","B003","2","1","10","-60","2021-06-15 02:50:08.790000"
"552","1","B003","2","1","10","-60","2021-06-15 02:50:08.824000"
"553","1","B003","1","1","9","-63","2021-06-15 02:50:09.169000"
"554","1","B003","3","1","11","-68","2021-06-15 02:50:09.169000"
"555","1","B003","4","1","12","-76","2021-06-15 02:50:09.169000"
"556","1","B003","1","1","9","-63","2021-06-15 02:50:09.206000"
"557","1","B003","2","1","10","-60","2021-06-15 02:50:09.169000"
"558","1","B003","3","1","11","-68","2021-06-15 02:50:09.206000"
"559","1","B003","4","1","12","-76","2021-06-15 02:50:09.206000"
"560","1","B003","2","1","10","-60","2021-06-15 02:50:09.206000"
"561","1","B003","1","1","9","-61","2021-06-15 02:50:09.795000"
"562","1","B003","1","1","9","-61","2021-06-15 02:50:09.791000"
"563","1","B003","3","1","11","-68","2021-06-15 02:50:09.795000"
"564","1","B003","3","1","11","-68","2021-06-15 02:50:09.791000"
"565","1","B003","4","1","12","-77","2021-06-15 02:50:09.795000"
"566","1","B003","4","1","12","-77","2021-06-15 02:50:09.791000"
"567","1","B003","2","1","10","-63","2021-06-15 02:50:09.791000"
"568","1","B003","2","1","10","-63","2021-06-15 02:50:09.795000"
"569","1","B003","1","1","9","-66","2021-06-15 02:50:10.334000"
"570","1","B003","3","1","11","-68","2021-06-15 02:50:10.334000"
"571","1","B003","4","1","12","-81","2021-06-15 02:50:10.334000"
"572","1","B003","2","1","10","-58","2021-06-15 02:50:10.334000"
"573","1","B003","1","1","9","-66","2021-06-15 02:50:10.422000"
"574","1","B003","3","1","11","-68","2021-06-15 02:50:10.422000"
"575","1","B003","4","1","12","-81","2021-06-15 02:50:10.422000"
"576","1","B003","2","1","10","-58","2021-06-15 02:50:10.422000"
"577","1","B003","1","1","9","-66","2021-06-15 02:50:10.453000"
"578","1","B003","3","1","11","-68","2021-06-15 02:50:10.453000"
"579","1","B003","4","1","12","-81","2021-06-15 02:50:10.453000"
"580","1","B003","2","1","10","-58","2021-06-15 02:50:10.453000"
"581","1","B003","1","1","9","-67","2021-06-15 02:50:10.911000"
"582","1","B003","1","1","9","-67","2021-06-15 02:50:10.912000"
"583","1","B003","3","1","11","-70","2021-06-15 02:50:10.911000"
"584","1","B003","4","1","12","-81","2021-06-15 02:50:10.911000"
"585","1","B003","3","1","11","-70","2021-06-15 02:50:10.912000"
"586","1","B003","2","1","10","-62","2021-06-15 02:50:10.911000"
"587","1","B003","4","1","12","-81","2021-06-15 02:50:10.912000"
"588","1","B003","2","1","10","-62","2021-06-15 02:50:10.912000"
"589","1","B003","1","1","9","-67","2021-06-15 02:50:11.035000"
"590","1","B003","3","1","11","-70","2021-06-15 02:50:11.035000"
"591","1","B003","4","1","12","-81","2021-06-15 02:50:11.035000"
"592","1","B003","2","1","10","-62","2021-06-15 02:50:11.035000"
"593","1","B003","1","1","9","-67","2021-06-15 02:50:11.239000"
"594","1","B003","3","1","11","-70","2021-06-15 02:50:11.239000"
"595","1","B003","4","1","12","-81","2021-06-15 02:50:11.239000"
"596","1","B003","2","1","10","-62","2021-06-15 02:50:11.239000"
"597","1","B003","1","1","9","-67","2021-06-15 02:50:11.279000"
"598","1","B003","3","1","11","-70","2021-06-15 02:50:11.279000"
"599","1","B003","4","1","12","-81","2021-06-15 02:50:11.279000"
"600","1","B003","2","1","10","-62","2021-06-15 02:50:11.279000"
"601","1","B003","1","1","9","-67","2021-06-15 02:50:11.725000"
"602","1","B003","3","1","11","-68","2021-06-15 02:50:11.725000"
"603","1","B003","4","1","12","-76","2021-06-15 02:50:11.725000"
"604","1","B003","2","1","10","-62","2021-06-15 02:50:11.725000"
"605","1","B003","1","1","9","-67","2021-06-15 02:50:12.044000"
"606","1","B003","1","1","9","-67","2021-06-15 02:50:12.047000"
"607","1","B003","3","1","11","-67","2021-06-15 02:50:12.044000"
"608","1","B003","3","1","11","-67","2021-06-15 02:50:12.047000"
"609","1","B003","4","1","12","-76","2021-06-15 02:50:12.044000"
"610","1","B003","2","1","10","-62","2021-06-15 02:50:12.044000"
"611","1","B003","4","1","12","-76","2021-06-15 02:50:12.047000"
"612","1","B003","2","1","10","-62","2021-06-15 02:50:12.047000"
"613","1","B003","1","1","9","-67","2021-06-15 02:50:12.267000"
"614","1","B003","3","1","11","-67","2021-06-15 02:50:12.267000"
"615","1","B003","4","1","12","-76","2021-06-15 02:50:12.267000"
"616","1","B003","2","1","10","-59","2021-06-15 02:50:12.267000"
"617","1","B003","1","1","9","-67","2021-06-15 02:50:12.444000"
"618","1","B003","1","1","9","-67","2021-06-15 02:50:12.453000"
"619","1","B003","3","1","11","-68","2021-06-15 02:50:12.444000"
"620","1","B003","3","1","11","-68","2021-06-15 02:50:12.453000"
"621","1","B003","4","1","12","-76","2021-06-15 02:50:12.453000"
"622","1","B003","4","1","12","-76","2021-06-15 02:50:12.444000"
"623","1","B003","2","1","10","-59","2021-06-15 02:50:12.453000"
"624","1","B003","2","1","10","-59","2021-06-15 02:50:12.444000"
"625","1","B003","1","1","9","-67","2021-06-15 02:50:12.543000"
"626","1","B003","3","1","11","-68","2021-06-15 02:50:12.543000"
"627","1","B003","4","1","12","-76","2021-06-15 02:50:12.543000"
"628","1","B003","2","1","10","-59","2021-06-15 02:50:12.543000"
"629","1","B003","1","1","9","-67","2021-06-15 02:50:12.682000"
"630","1","B003","3","1","11","-68","2021-06-15 02:50:12.682000"
"631","1","B003","4","1","12","-76","2021-06-15 02:50:12.682000"
"632","1","B003","2","1","10","-59","2021-06-15 02:50:12.682000"
"633","1","B003","1","1","9","-67","2021-06-15 02:50:12.828000"
"634","1","B003","3","1","11","-68","2021-06-15 02:50:12.828000"
"635","1","B003","4","1","12","-76","2021-06-15 02:50:12.828000"
"636","1","B003","2","1","10","-59","2021-06-15 02:50:12.828000"
"637","1","B003","1","1","9","-67","2021-06-15 02:50:12.930000"
"638","1","B003","3","1","11","-68","2021-06-15 02:50:12.930000"
"639","1","B003","4","1","12","-76","2021-06-15 02:50:12.930000"
"640","1","B003","2","1","10","-59","2021-06-15 02:50:12.930000"
"641","1","B003","1","1","9","-69","2021-06-15 02:50:13.421000"
"642","1","B003","1","1","9","-69","2021-06-15 02:50:13.429000"
"643","1","B003","3","1","11","-68","2021-06-15 02:50:13.421000"
"644","1","B003","3","1","11","-68","2021-06-15 02:50:13.429000"
"645","1","B003","4","1","12","-78","2021-06-15 02:50:13.421000"
"646","1","B003","4","1","12","-78","2021-06-15 02:50:13.429000"
"647","1","B003","2","1","10","-61","2021-06-15 02:50:13.421000"
"648","1","B003","2","1","10","-61","2021-06-15 02:50:13.429000"
"649","1","B003","1","1","9","-69","2021-06-15 02:50:13.642000"
"650","1","B003","3","1","11","-68","2021-06-15 02:50:13.642000"
"651","1","B003","4","1","12","-78","2021-06-15 02:50:13.642000"
"652","1","B003","1","1","9","-69","2021-06-15 02:50:13.738000"
"653","1","B003","3","1","11","-68","2021-06-15 02:50:13.738000"
"654","1","B003","2","1","10","-61","2021-06-15 02:50:13.642000"
"655","1","B003","1","1","9","-69","2021-06-15 02:50:13.778000"
"656","1","B003","4","1","12","-78","2021-06-15 02:50:13.738000"
"657","1","B003","3","1","11","-68","2021-06-15 02:50:13.778000"
"658","1","B003","4","1","12","-78","2021-06-15 02:50:13.778000"
"659","1","B003","2","1","10","-61","2021-06-15 02:50:13.738000"
"660","1","B003","2","1","10","-61","2021-06-15 02:50:13.778000"
"661","1","B003","1","1","9","-66","2021-06-15 02:50:14.093000"
"662","1","B003","3","1","11","-68","2021-06-15 02:50:14.093000"
"663","1","B003","4","1","12","-78","2021-06-15 02:50:14.093000"
"664","1","B003","1","1","9","-66","2021-06-15 02:50:14.136000"
"665","1","B003","2","1","10","-61","2021-06-15 02:50:14.093000"
"666","1","B003","3","1","11","-68","2021-06-15 02:50:14.136000"
"667","1","B003","4","1","12","-78","2021-06-15 02:50:14.136000"
"668","1","B003","2","1","10","-61","2021-06-15 02:50:14.136000"
"669","1","B003","1","1","9","-66","2021-06-15 02:50:14.225000"
"670","1","B003","3","1","11","-68","2021-06-15 02:50:14.225000"
"671","1","B003","4","1","12","-78","2021-06-15 02:50:14.225000"
"672","1","B003","2","1","10","-61","2021-06-15 02:50:14.225000"
"673","1","B003","1","1","9","-66","2021-06-15 02:50:14.425000"
"674","1","B003","3","1","11","-68","2021-06-15 02:50:14.425000"
"675","1","B003","4","1","12","-78","2021-06-15 02:50:14.425000"
"676","1","B003","2","1","10","-61","2021-06-15 02:50:14.425000"
"677","1","B003","1","1","9","-66","2021-06-15 02:50:14.499000"
"678","1","B003","3","1","11","-68","2021-06-15 02:50:14.499000"
"679","1","B003","4","1","12","-78","2021-06-15 02:50:14.499000"
"680","1","B003","2","1","10","-61","2021-06-15 02:50:14.499000"
"681","1","B003","1","1","9","-67","2021-06-15 02:50:14.783000"
"682","1","B003","1","1","9","-67","2021-06-15 02:50:14.796000"
"683","1","B003","3","1","11","-68","2021-06-15 02:50:14.783000"
"684","1","B003","3","1","11","-68","2021-06-15 02:50:14.796000"
"685","1","B003","4","1","12","-78","2021-06-15 02:50:14.783000"
"686","1","B003","4","1","12","-78","2021-06-15 02:50:14.796000"
"687","1","B003","2","1","10","-61","2021-06-15 02:50:14.783000"
"688","1","B003","2","1","10","-61","2021-06-15 02:50:14.796000"
"689","1","B003","1","1","9","-64","2021-06-15 02:50:15.367000"
"690","1","B003","1","1","9","-64","2021-06-15 02:50:15.365000"
"691","1","B003","3","1","11","-69","2021-06-15 02:50:15.367000"
"692","1","B003","3","1","11","-69","2021-06-15 02:50:15.365000"
"693","1","B003","4","1","12","-81","2021-06-15 02:50:15.365000"
"694","1","B003","4","1","12","-81","2021-06-15 02:50:15.367000"
"695","1","B003","2","1","10","-61","2021-06-15 02:50:15.365000"
"696","1","B003","2","1","10","-61","2021-06-15 02:50:15.367000"
"697","1","B003","1","1","9","-64","2021-06-15 02:50:15.843000"
"698","1","B003","3","1","11","-69","2021-06-15 02:50:15.843000"
"699","1","B003","4","1","12","-81","2021-06-15 02:50:15.843000"
"700","1","B003","1","1","9","-64","2021-06-15 02:50:15.876000"
"701","1","B003","2","1","10","-59","2021-06-15 02:50:15.843000"
"702","1","B003","3","1","11","-69","2021-06-15 02:50:15.876000"
"703","1","B003","4","1","12","-81","2021-06-15 02:50:15.876000"
"704","1","B003","2","1","10","-59","2021-06-15 02:50:15.876000"
"705","1","B003","1","1","9","-64","2021-06-15 02:50:16.056000"
"706","1","B003","3","1","11","-69","2021-06-15 02:50:16.056000"
"707","1","B003","4","1","12","-81","2021-06-15 02:50:16.056000"
"708","1","B003","1","1","9","-64","2021-06-15 02:50:16.100000"
"709","1","B003","2","1","10","-59","2021-06-15 02:50:16.056000"
"710","1","B003","3","1","11","-69","2021-06-15 02:50:16.100000"
"711","1","B003","4","1","12","-81","2021-06-15 02:50:16.100000"
"712","1","B003","2","1","10","-59","2021-06-15 02:50:16.100000"
"713","1","B003","1","1","9","-64","2021-06-15 02:50:16.814000"
"714","1","B003","1","1","9","-64","2021-06-15 02:50:16.817000"
"715","1","B003","3","1","11","-67","2021-06-15 02:50:16.814000"
"716","1","B003","3","1","11","-67","2021-06-15 02:50:16.817000"
"717","1","B003","4","1","12","-74","2021-06-15 02:50:16.814000"
"718","1","B003","4","1","12","-74","2021-06-15 02:50:16.817000"
"719","1","B003","2","1","10","-62","2021-06-15 02:50:16.814000"
"720","1","B003","2","1","10","-62","2021-06-15 02:50:16.817000"
"721","1","B003","1","1","9","-64","2021-06-15 02:50:17.085000"
"722","1","B003","1","1","9","-64","2021-06-15 02:50:17.099000"
"723","1","B003","3","1","11","-67","2021-06-15 02:50:17.085000"
"724","1","B003","3","1","11","-67","2021-06-15 02:50:17.099000"
"725","1","B003","4","1","12","-74","2021-06-15 02:50:17.085000"
"726","1","B003","4","1","12","-74","2021-06-15 02:50:17.099000"
"727","1","B003","2","1","10","-62","2021-06-15 02:50:17.085000"
"728","1","B003","2","1","10","-62","2021-06-15 02:50:17.099000"
"729","1","B003","1","1","9","-65","2021-06-15 02:50:17.743000"
"730","1","B003","3","1","11","-69","2021-06-15 02:50:17.743000"
"731","1","B003","4","1","12","-81","2021-06-15 02:50:17.743000"
"732","1","B003","1","1","9","-65","2021-06-15 02:50:17.797000"
"733","1","B003","2","1","10","-62","2021-06-15 02:50:17.743000"
"734","1","B003","3","1","11","-69","2021-06-15 02:50:17.797000"
"735","1","B003","4","1","12","-81","2021-06-15 02:50:17.797000"
"736","1","B003","2","1","10","-62","2021-06-15 02:50:17.797000"
"737","1","B003","1","1","9","-62","2021-06-15 02:50:18.162000"
"738","1","B003","3","1","11","-68","2021-06-15 02:50:18.162000"
"739","1","B003","4","1","12","-81","2021-06-15 02:50:18.162000"
"740","1","B003","2","1","10","-62","2021-06-15 02:50:18.162000"
"741","1","B003","1","1","9","-62","2021-06-15 02:50:18.185000"
"742","1","B003","3","1","11","-68","2021-06-15 02:50:18.185000"
"743","1","B003","4","1","12","-81","2021-06-15 02:50:18.185000"
"744","1","B003","2","1","10","-62","2021-06-15 02:50:18.185000"
"745","1","B003","1","1","9","-62","2021-06-15 02:50:18.543000"
"746","1","B003","1","1","9","-62","2021-06-15 02:50:18.544000"
"747","1","B003","3","1","11","-68","2021-06-15 02:50:18.543000"
"748","1","B003","3","1","11","-68","2021-06-15 02:50:18.544000"
"749","1","B003","4","1","12","-81","2021-06-15 02:50:18.543000"
"750","1","B003","4","1","12","-81","2021-06-15 02:50:18.544000"
"751","1","B003","2","1","10","-59","2021-06-15 02:50:18.543000"
"752","1","B003","2","1","10","-59","2021-06-15 02:50:18.544000"
"753","1","B003","1","1","9","-62","2021-06-15 02:50:18.961000"
"754","1","B003","3","1","11","-68","2021-06-15 02:50:18.961000"
"755","1","B003","4","1","12","-81","2021-06-15 02:50:18.961000"
"756","1","B003","1","1","9","-62","2021-06-15 02:50:18.982000"
"757","1","B003","2","1","10","-63","2021-06-15 02:50:18.961000"
"758","1","B003","3","1","11","-68","2021-06-15 02:50:18.982000"
"759","1","B003","4","1","12","-81","2021-06-15 02:50:18.982000"
"760","1","B003","2","1","10","-63","2021-06-15 02:50:18.982000"
"761","1","B003","1","1","9","-62","2021-06-15 02:50:19.437000"
"762","1","B003","1","1","9","-62","2021-06-15 02:50:19.446000"
"763","1","B003","3","1","11","-71","2021-06-15 02:50:19.437000"
"764","1","B003","3","1","11","-71","2021-06-15 02:50:19.446000"
"765","1","B003","4","1","12","-74","2021-06-15 02:50:19.437000"
"766","1","B003","4","1","12","-74","2021-06-15 02:50:19.446000"
"767","1","B003","2","1","10","-63","2021-06-15 02:50:19.437000"
"768","1","B003","2","1","10","-63","2021-06-15 02:50:19.446000"
"769","1","B003","1","1","9","-73","2021-06-15 02:50:20.121000"
"770","1","B003","3","1","11","-68","2021-06-15 02:50:20.121000"
"771","1","B003","4","1","12","-76","2021-06-15 02:50:20.121000"
"772","1","B003","2","1","10","-62","2021-06-15 02:50:20.121000"
"773","1","B003","1","1","9","-73","2021-06-15 02:50:20.206000"
"774","1","B003","3","1","11","-68","2021-06-15 02:50:20.206000"
"775","1","B003","4","1","12","-76","2021-06-15 02:50:20.206000"
"776","1","B003","2","1","10","-62","2021-06-15 02:50:20.206000"
"777","1","B003","1","1","9","-68","2021-06-15 02:50:20.858000"
"778","1","B003","1","1","9","-68","2021-06-15 02:50:20.857000"
"779","1","B003","3","1","11","-68","2021-06-15 02:50:20.858000"
"780","1","B003","3","1","11","-68","2021-06-15 02:50:20.857000"
"781","1","B003","4","1","12","-78","2021-06-15 02:50:20.858000"
"782","1","B003","4","1","12","-78","2021-06-15 02:50:20.857000"
"783","1","B003","2","1","10","-61","2021-06-15 02:50:20.858000"
"784","1","B003","2","1","10","-61","2021-06-15 02:50:20.857000"
"785","1","B003","1","1","9","-68","2021-06-15 02:50:20.941000"
"786","1","B003","3","1","11","-68","2021-06-15 02:50:20.941000"
"787","1","B003","4","1","12","-78","2021-06-15 02:50:20.941000"
"788","1","B003","2","1","10","-61","2021-06-15 02:50:20.941000"
"789","1","B003","1","1","9","-72","2021-06-15 02:50:21.716000"
"790","1","B003","1","1","9","-72","2021-06-15 02:50:21.714000"
"791","1","B003","3","1","11","-67","2021-06-15 02:50:21.714000"
"792","1","B003","4","1","12","-76","2021-06-15 02:50:21.714000"
"793","1","B003","3","1","11","-67","2021-06-15 02:50:21.716000"
"794","1","B003","2","1","10","-62","2021-06-15 02:50:21.714000"
"795","1","B003","4","1","12","-76","2021-06-15 02:50:21.716000"
"796","1","B003","2","1","10","-62","2021-06-15 02:50:21.716000"
"797","1","B003","1","1","9","-72","2021-06-15 02:50:22.254000"
"798","1","B003","1","1","9","-72","2021-06-15 02:50:22.262000"
"799","1","B003","3","1","11","-70","2021-06-15 02:50:22.254000"
"800","1","B003","3","1","11","-70","2021-06-15 02:50:22.262000"
"801","1","B003","4","1","12","-76","2021-06-15 02:50:22.254000"
"802","1","B003","4","1","12","-76","2021-06-15 02:50:22.262000"
"803","1","B003","2","1","10","-61","2021-06-15 02:50:22.254000"
"804","1","B003","2","1","10","-61","2021-06-15 02:50:22.262000"
"805","1","B003","1","1","9","-70","2021-06-15 02:50:22.891000"
"806","1","B003","3","1","11","-70","2021-06-15 02:50:22.891000"
"807","1","B003","1","1","9","-70","2021-06-15 02:50:22.915000"
"808","1","B003","4","1","12","-76","2021-06-15 02:50:22.891000"
"809","1","B003","3","1","11","-70","2021-06-15 02:50:22.915000"
"810","1","B003","2","1","10","-62","2021-06-15 02:50:22.891000"
"811","1","B003","4","1","12","-76","2021-06-15 02:50:22.915000"
"812","1","B003","2","1","10","-62","2021-06-15 02:50:22.915000"
"813","1","B003","1","1","9","-70","2021-06-15 02:50:23.433000"
"814","1","B003","1","1","9","-70","2021-06-15 02:50:23.433000"
"815","1","B003","3","1","11","-70","2021-06-15 02:50:23.433000"
"816","1","B003","3","1","11","-70","2021-06-15 02:50:23.433000"
"817","1","B003","4","1","12","-76","2021-06-15 02:50:23.433000"
"818","1","B003","4","1","12","-76","2021-06-15 02:50:23.433000"
"819","1","B003","2","1","10","-61","2021-06-15 02:50:23.433000"
"820","1","B003","2","1","10","-61","2021-06-15 02:50:23.433000"
"821","1","B003","1","1","9","-70","2021-06-15 02:50:23.864000"
"822","1","B003","1","1","9","-70","2021-06-15 02:50:23.871000"
"823","1","B003","3","1","11","-70","2021-06-15 02:50:23.871000"
"824","1","B003","3","1","11","-70","2021-06-15 02:50:23.864000"
"825","1","B003","4","1","12","-76","2021-06-15 02:50:23.871000"
"826","1","B003","4","1","12","-76","2021-06-15 02:50:23.864000"
"827","1","B003","2","1","10","-63","2021-06-15 02:50:23.864000"
"828","1","B003","2","1","10","-63","2021-06-15 02:50:23.871000"
"829","1","B003","1","1","9","-70","2021-06-15 02:50:24.044000"
"830","1","B003","3","1","11","-70","2021-06-15 02:50:24.044000"
"831","1","B003","4","1","12","-76","2021-06-15 02:50:24.044000"
"832","1","B003","2","1","10","-63","2021-06-15 02:50:24.044000"
"833","1","B003","1","1","9","-70","2021-06-15 02:50:24.158000"
"834","1","B003","3","1","11","-70","2021-06-15 02:50:24.158000"
"835","1","B003","4","1","12","-76","2021-06-15 02:50:24.158000"
"836","1","B003","2","1","10","-63","2021-06-15 02:50:24.158000"
"837","1","B003","1","1","9","-63","2021-06-15 02:50:24.927000"
"838","1","B003","3","1","11","-69","2021-06-15 02:50:24.927000"
"839","1","B003","4","1","12","-83","2021-06-15 02:50:24.927000"
"840","1","B003","2","1","10","-59","2021-06-15 02:50:24.927000"
"841","1","B003","1","1","9","-63","2021-06-15 02:50:24.971000"
"842","1","B003","3","1","11","-69","2021-06-15 02:50:24.971000"
"843","1","B003","4","1","12","-83","2021-06-15 02:50:24.971000"
"844","1","B003","2","1","10","-59","2021-06-15 02:50:24.971000"
"845","1","B003","1","1","9","-64","2021-06-15 02:50:25.830000"
"846","1","B003","1","1","9","-64","2021-06-15 02:50:25.828000"
"847","1","B003","3","1","11","-71","2021-06-15 02:50:25.830000"
"848","1","B003","3","1","11","-71","2021-06-15 02:50:25.828000"
"849","1","B003","4","1","12","-79","2021-06-15 02:50:25.830000"
"850","1","B003","4","1","12","-79","2021-06-15 02:50:25.828000"
"851","1","B003","2","1","10","-61","2021-06-15 02:50:25.830000"
"852","1","B003","2","1","10","-61","2021-06-15 02:50:25.828000"
"853","1","B003","1","1","9","-63","2021-06-15 02:50:26.525000"
"854","1","B003","3","1","11","-68","2021-06-15 02:50:26.525000"
"855","1","B003","4","1","12","-83","2021-06-15 02:50:26.525000"
"856","1","B003","2","1","10","-59","2021-06-15 02:50:26.525000"
"857","1","B003","1","1","9","-63","2021-06-15 02:50:26.722000"
"858","1","B003","1","1","9","-63","2021-06-15 02:50:26.731000"
"859","1","B003","3","1","11","-68","2021-06-15 02:50:26.722000"
"860","1","B003","3","1","11","-68","2021-06-15 02:50:26.731000"
"861","1","B003","4","1","12","-78","2021-06-15 02:50:26.722000"
"862","1","B003","4","1","12","-78","2021-06-15 02:50:26.731000"
"863","1","B003","2","1","10","-59","2021-06-15 02:50:26.731000"
"864","1","B003","2","1","10","-59","2021-06-15 02:50:26.722000"
"865","1","B003","1","1","9","-63","2021-06-15 02:50:27.560000"
"866","1","B003","1","1","9","-63","2021-06-15 02:50:27.562000"
"867","1","B003","3","1","11","-69","2021-06-15 02:50:27.560000"
"868","1","B003","3","1","11","-69","2021-06-15 02:50:27.562000"
"869","1","B003","4","1","12","-76","2021-06-15 02:50:27.560000"
"870","1","B003","4","1","12","-76","2021-06-15 02:50:27.562000"
"871","1","B003","2","1","10","-64","2021-06-15 02:50:27.562000"
"872","1","B003","2","1","10","-64","2021-06-15 02:50:27.560000"
"873","1","B003","1","1","9","-66","2021-06-15 02:50:28.389000"
"874","1","B003","1","1","9","-66","2021-06-15 02:50:28.395000"
"875","1","B003","3","1","11","-69","2021-06-15 02:50:28.389000"
"876","1","B003","3","1","11","-69","2021-06-15 02:50:28.395000"
"877","1","B003","4","1","12","-83","2021-06-15 02:50:28.395000"
"878","1","B003","4","1","12","-83","2021-06-15 02:50:28.389000"
"879","1","B003","2","1","10","-59","2021-06-15 02:50:28.395000"
"880","1","B003","2","1","10","-59","2021-06-15 02:50:28.389000"
"881","1","B003","1","1","9","-66","2021-06-15 02:50:28.953000"
"882","1","B003","3","1","11","-70","2021-06-15 02:50:28.953000"
"883","1","B003","4","1","12","-77","2021-06-15 02:50:28.953000"
"884","1","B003","1","1","9","-66","2021-06-15 02:50:28.972000"
"885","1","B003","2","1","10","-59","2021-06-15 02:50:28.953000"
"886","1","B003","3","1","11","-70","2021-06-15 02:50:28.972000"
"887","1","B003","4","1","12","-77","2021-06-15 02:50:28.972000"
"888","1","B003","2","1","10","-59","2021-06-15 02:50:28.972000"
"889","1","B003","1","1","9","-73","2021-06-15 02:50:29.815000"
"890","1","B003","3","1","11","-68","2021-06-15 02:50:29.815000"
"891","1","B003","4","1","12","-76","2021-06-15 02:50:29.815000"
"892","1","B003","1","1","9","-73","2021-06-15 02:50:29.820000"
"893","1","B003","2","1","10","-60","2021-06-15 02:50:29.815000"
"894","1","B003","3","1","11","-68","2021-06-15 02:50:29.820000"
"895","1","B003","4","1","12","-76","2021-06-15 02:50:29.820000"
"896","1","B003","2","1","10","-60","2021-06-15 02:50:29.820000"
"897","1","B003","1","1","9","-73","2021-06-15 02:50:30.668000"
"898","1","B003","1","1","9","-73","2021-06-15 02:50:30.669000"
"899","1","B003","3","1","11","-69","2021-06-15 02:50:30.668000"
"900","1","B003","3","1","11","-69","2021-06-15 02:50:30.669000"
"901","1","B003","4","1","12","-81","2021-06-15 02:50:30.668000"
"902","1","B003","4","1","12","-81","2021-06-15 02:50:30.669000"
"903","1","B003","2","1","10","-59","2021-06-15 02:50:30.668000"
"904","1","B003","2","1","10","-59","2021-06-15 02:50:30.669000"
"905","1","B003","1","1","9","-68","2021-06-15 02:50:31.137000"
"906","1","B003","1","1","9","-68","2021-06-15 02:50:31.139000"
"907","1","B003","3","1","11","-69","2021-06-15 02:50:31.137000"
"908","1","B003","3","1","11","-69","2021-06-15 02:50:31.139000"
"909","1","B003","4","1","12","-81","2021-06-15 02:50:31.137000"
"910","1","B003","4","1","12","-81","2021-06-15 02:50:31.139000"
"911","1","B003","2","1","10","-61","2021-06-15 02:50:31.137000"
"912","1","B003","2","1","10","-61","2021-06-15 02:50:31.139000"
"913","1","B003","1","1","9","-68","2021-06-15 02:50:31.366000"
"914","1","B003","3","1","11","-69","2021-06-15 02:50:31.366000"
"915","1","B003","4","1","12","-81","2021-06-15 02:50:31.366000"
"916","1","B003","2","1","10","-61","2021-06-15 02:50:31.366000"
"917","1","B003","1","1","9","-68","2021-06-15 02:50:31.757000"
"918","1","B003","1","1","9","-68","2021-06-15 02:50:31.758000"
"919","1","B003","3","1","11","-70","2021-06-15 02:50:31.758000"
"920","1","B003","3","1","11","-70","2021-06-15 02:50:31.757000"
"921","1","B003","4","1","12","-81","2021-06-15 02:50:31.758000"
"922","1","B003","4","1","12","-81","2021-06-15 02:50:31.757000"
"923","1","B003","2","1","10","-61","2021-06-15 02:50:31.758000"
"924","1","B003","2","1","10","-61","2021-06-15 02:50:31.757000"
"925","1","B003","1","1","9","-73","2021-06-15 02:50:32.569000"
"926","1","B003","3","1","11","-69","2021-06-15 02:50:32.569000"
"927","1","B003","4","1","12","-76","2021-06-15 02:50:32.569000"
"928","1","B003","1","1","9","-73","2021-06-15 02:50:32.599000"
"929","1","B003","3","1","11","-69","2021-06-15 02:50:32.599000"
"930","1","B003","2","1","10","-58","2021-06-15 02:50:32.569000"
"931","1","B003","4","1","12","-76","2021-06-15 02:50:32.599000"
"932","1","B003","2","1","10","-58","2021-06-15 02:50:32.599000"
"933","1","B003","1","1","9","-74","2021-06-15 02:50:33.964000"
"934","1","B003","3","1","11","-70","2021-06-15 02:50:33.964000"
"935","1","B003","1","1","9","-74","2021-06-15 02:50:33.973000"
"936","1","B003","4","1","12","-78","2021-06-15 02:50:33.964000"
"937","1","B003","3","1","11","-70","2021-06-15 02:50:33.973000"
"938","1","B003","2","1","10","-60","2021-06-15 02:50:33.964000"
"939","1","B003","4","1","12","-78","2021-06-15 02:50:33.973000"
"940","1","B003","2","1","10","-60","2021-06-15 02:50:33.973000"
"941","1","B003","1","1","9","-74","2021-06-15 02:50:34.268000"
"942","1","B003","1","1","9","-74","2021-06-15 02:50:34.272000"
"943","1","B003","3","1","11","-69","2021-06-15 02:50:34.272000"
"944","1","B003","3","1","11","-69","2021-06-15 02:50:34.268000"
"945","1","B003","4","1","12","-82","2021-06-15 02:50:34.272000"
"946","1","B003","4","1","12","-82","2021-06-15 02:50:34.268000"
"947","1","B003","2","1","10","-58","2021-06-15 02:50:34.268000"
"948","1","B003","2","1","10","-58","2021-06-15 02:50:34.272000"
"949","1","B003","1","1","9","-65","2021-06-15 02:50:34.878000"
"950","1","B003","1","1","9","-65","2021-06-15 02:50:34.887000"
"951","1","B003","3","1","11","-68","2021-06-15 02:50:34.878000"
"952","1","B003","3","1","11","-68","2021-06-15 02:50:34.887000"
"953","1","B003","4","1","12","-78","2021-06-15 02:50:34.878000"
"954","1","B003","2","1","10","-64","2021-06-15 02:50:34.878000"
"955","1","B003","4","1","12","-78","2021-06-15 02:50:34.887000"
"956","1","B003","2","1","10","-64","2021-06-15 02:50:34.887000"
"957","1","B003","1","1","9","-72","2021-06-15 02:50:35.714000"
"958","1","B003","1","1","9","-72","2021-06-15 02:50:35.713000"
"959","1","B003","3","1","11","-68","2021-06-15 02:50:35.714000"
"960","1","B003","3","1","11","-68","2021-06-15 02:50:35.713000"
"961","1","B003","4","1","12","-78","2021-06-15 02:50:35.714000"
"962","1","B003","4","1","12","-78","2021-06-15 02:50:35.713000"
"963","1","B003","2","1","10","-58","2021-06-15 02:50:35.714000"
"964","1","B003","2","1","10","-58","2021-06-15 02:50:35.713000"
"965","1","B003","1","1","9","-66","2021-06-15 02:50:36.685000"
"966","1","B003","1","1","9","-66","2021-06-15 02:50:36.691000"
"967","1","B003","3","1","11","-70","2021-06-15 02:50:36.685000"
"968","1","B003","3","1","11","-70","2021-06-15 02:50:36.691000"
"969","1","B003","4","1","12","-78","2021-06-15 02:50:36.685000"
"970","1","B003","4","1","12","-78","2021-06-15 02:50:36.691000"
"971","1","B003","2","1","10","-62","2021-06-15 02:50:36.691000"
"972","1","B003","2","1","10","-62","2021-06-15 02:50:36.685000"
"973","1","B003","1","1","9","-81","2021-06-15 02:50:37.806000"
"974","1","B003","1","1","9","-81","2021-06-15 02:50:37.805000"
"975","1","B003","3","1","11","-81","2021-06-15 02:50:37.805000"
"976","1","B003","3","1","11","-81","2021-06-15 02:50:37.806000"
"977","1","B003","4","1","12","-91","2021-06-15 02:50:37.806000"
"978","1","B003","4","1","12","-91","2021-06-15 02:50:37.805000"
"979","1","B003","2","1","10","-62","2021-06-15 02:50:37.806000"
"980","1","B003","2","1","10","-62","2021-06-15 02:50:37.805000"
"981","1","B003","1","1","9","-69","2021-06-15 02:50:38.605000"
"982","1","B003","3","1","11","-85","2021-06-15 02:50:38.605000"
"983","1","B003","4","1","12","-90","2021-06-15 02:50:38.605000"
"984","1","B003","1","1","9","-69","2021-06-15 02:50:38.639000"
"985","1","B003","2","1","10","-61","2021-06-15 02:50:38.605000"
"986","1","B003","3","1","11","-85","2021-06-15 02:50:38.639000"
"987","1","B003","4","1","12","-90","2021-06-15 02:50:38.639000"
"988","1","B003","2","1","10","-61","2021-06-15 02:50:38.639000"
"989","1","B003","1","1","9","-70","2021-06-15 02:50:39.443000"
"990","1","B003","3","1","11","-89","2021-06-15 02:50:39.443000"
"991","1","B003","4","1","12","-86","2021-06-15 02:50:39.443000"
"992","1","B003","2","1","10","-63","2021-06-15 02:50:39.443000"
"993","1","B003","1","1","9","-70","2021-06-15 02:50:39.499000"
"994","1","B003","3","1","11","-89","2021-06-15 02:50:39.499000"
"995","1","B003","4","1","12","-86","2021-06-15 02:50:39.499000"
"996","1","B003","2","1","10","-63","2021-06-15 02:50:39.499000"
"997","1","B003","1","1","9","-65","2021-06-15 02:50:40.426000"
"998","1","B003","3","1","11","-73","2021-06-15 02:50:40.426000"
"999","1","B003","4","1","12","-82","2021-06-15 02:50:40.426000"
"1000","1","B003","1","1","9","-65","2021-06-15 02:50:40.443000"
