reg_dt,21_rssi,21_lc1,21_lc2,21_lc3,21_lc4,22_rssi,22_lc1,22_lc2,22_lc3,22_lc4,23_rssi,23_lc1,23_lc2,23_lc3,23_lc4,24_rssi,24_lc1,24_lc2,24_lc3,24_lc4,25_rssi,25_lc1,25_lc2,25_lc3,25_lc4,26_rssi,26_lc1,26_lc2,26_lc3,26_lc4,27_rssi,27_lc1,27_lc2,27_lc3,27_lc4,28_rssi,28_lc1,28_lc2,28_lc3,28_lc4,29_rssi,29_lc1,29_lc2,29_lc3,29_lc4,30_rssi,30_lc1,30_lc2,30_lc3,30_lc4,31_rssi,31_lc1,31_lc2,31_lc3,31_lc4,32_rssi,32_lc1,32_lc2,32_lc3,32_lc4,33_rssi,33_lc1,33_lc2,33_lc3,33_lc4,34_rssi,34_lc1,34_lc2,34_lc3,34_lc4,35_rssi,35_lc1,35_lc2,35_lc3,35_lc4,36_rssi,36_lc1,36_lc2,36_lc3,36_lc4,37_rssi,37_lc1,37_lc2,37_lc3,37_lc4,38_rssi,38_lc1,38_lc2,38_lc3,38_lc4,39_rssi,39_lc1,39_lc2,39_lc3,39_lc4,40_rssi,40_lc1,40_lc2,40_lc3,40_lc4,41_rssi,41_lc1,41_lc2,41_lc3,41_lc4,42_rssi,42_lc1,42_lc2,42_lc3,42_lc4,43_rssi,43_lc1,43_lc2,43_lc3,43_lc4,44_rssi,44_lc1,44_lc2,44_lc3,44_lc4,45_rssi,45_lc1,45_lc2,45_lc3,45_lc4,46_rssi,46_lc1,46_lc2,46_lc3,46_lc4,47_rssi,47_lc1,47_lc2,47_lc3,47_lc4,48_rssi,48_lc1,48_lc2,48_lc3,48_lc4,49_rssi,49_lc1,49_lc2,49_lc3,49_lc4,50_rssi,50_lc1,50_lc2,50_lc3,50_lc4,51_rssi,51_lc1,51_lc2,51_lc3,51_lc4,52_rssi,52_lc1,52_lc2,52_lc3,52_lc4,53_rssi,53_lc1,53_lc2,53_lc3,53_lc4,54_rssi,54_lc1,54_lc2,54_lc3,54_lc4,55_rssi,55_lc1,55_lc2,55_lc3,55_lc4,56_rssi,56_lc1,56_lc2,56_lc3,56_lc4,57_rssi,57_lc1,57_lc2,57_lc3,57_lc4,58_rssi,58_lc1,58_lc2,58_lc3,58_lc4,59_rssi,59_lc1,59_lc2,59_lc3,59_lc4,60_rssi,60_lc1,60_lc2,60_lc3,60_lc4
2021-08-27 10:26:36.500000,-49.0,0,57,0,0,0,0,0,0,0,0,0,0,0,0,0,0,0,0,0,-49.0,0,0,0,0,0,0,0,0,0,0,0,0,0,0,0,0,0,0,0,0,0,0,0,0,0,0,0,0,0,0,0,0,0,0,0,0,0,0,0,0,0,0,0,0,0,0,0,0,0,0,0,0,0,0,0,0,0,0,0,0,0,0,0,0,0,0,0,0,0,0,0,0,0,0,0,0,0,0,0,0,0,0,0,0,0,0,0,0,0,0,0,0,0,0,0,0,0,0,0,0,0,0,0,0,0,0,0,0,0,0,0,0,0,0,0,0,0,0,0,0,0,0,0,0,0,0,0,0,0,0,0,0,0,0,0,0,0,0,0,0,0,0,0,0,0,0,0,0,0,0,0,0,0,0,0,0,0,0,0,0,0,0,0,0,0,0,0,0,0,0,0,0,0,0,0,0,0,0,0
2021-08-27 10:26:37,-49.0,0,56,0,0,0,0,0,0,0,0,0,0,0,0,0,0,0,0,0,-50.0,0,0,0,0,0,0,0,0,0,0,0,0,0,0,0,0,0,0,0,0,0,0,0,0,0,0,0,0,0,0,0,0,0,0,0,0,0,0,0,0,0,0,0,0,0,0,0,0,0,0,0,0,0,0,0,0,0,0,0,0,0,0,0,0,0,0,0,0,0,0,0,0,0,0,0,0,0,0,0,0,0,0,0,0,0,0,0,0,0,0,0,0,0,0,0,0,0,0,0,0,0,0,0,0,0,0,0,0,0,0,0,0,0,0,0,0,0,0,0,0,0,0,0,0,0,0,0,0,0,0,0,0,0,0,0,0,0,0,0,0,0,0,0,0,0,0,0,0,0,0,0,0,0,0,0,0,0,0,0,0,0,0,0,0,0,0,0,0,0,0,0,0,0,0,0,0,0,0,0
2021-08-27 10:26:37.500000,-49.0,125,642,97,0,0,0,0,0,0,0,0,0,0,0,0,0,0,0,0,-50.0,0,0,0,0,0,0,0,0,0,0,0,0,0,0,0,0,0,0,0,0,0,0,0,0,0,0,0,0,0,0,0,0,0,0,0,0,0,0,0,0,0,0,0,0,0,0,0,0,0,0,0,0,0,0,0,0,0,0,0,0,0,0,0,0,0,0,0,0,0,0,0,0,0,0,0,0,0,0,0,0,0,0,0,0,0,0,0,0,0,0,0,0,0,0,0,0,0,0,0,0,0,0,0,0,0,0,0,0,0,0,0,0,0,0,0,0,0,0,0,0,0,0,0,0,0,0,0,0,0,0,0,0,0,0,0,0,0,0,0,0,0,0,0,0,0,0,0,0,0,0,0,0,0,0,0,0,0,0,0,0,0,0,0,0,0,0,0,0,0,0,0,0,0,0,0,0,0,0,0
2021-08-27 10:26:38,-49.0,999,999,999,999,0,0,0,0,0,0,0,0,0,0,0,0,97,51,105,-50.0,0,0,0,0,0,0,0,0,0,0,0,0,0,0,0,0,0,0,0,0,0,0,0,0,0,0,0,0,0,0,0,0,0,0,0,0,0,0,0,0,0,0,0,0,0,0,0,0,0,0,0,0,0,0,0,0,0,0,0,0,0,0,0,0,0,0,0,0,0,0,0,0,0,0,0,0,0,0,0,0,0,0,0,0,0,0,0,0,0,0,0,0,0,0,0,0,0,0,0,0,0,0,0,0,0,0,0,0,0,0,0,0,0,0,0,0,0,0,0,0,0,0,0,0,0,0,0,0,0,0,0,0,0,0,0,0,0,0,0,0,0,0,0,0,0,0,0,0,0,0,0,0,0,0,0,0,0,0,0,0,0,0,0,0,0,0,0,0,0,0,0,0,0,0,0,0,0,0,0
2021-08-27 10:26:38.500000,-49.0,999,999,999,999,0,0,0,0,0,0,0,0,0,0,0,0,999,530,994,-47.0,111,116,72,0,0,0,0,0,0,0,0,0,0,0,0,0,0,0,0,0,0,0,0,0,0,0,0,0,0,0,0,0,0,0,0,0,0,0,0,0,0,0,0,0,0,0,0,0,0,0,0,0,0,0,0,0,0,0,0,0,0,0,0,0,0,0,0,0,0,0,0,0,0,0,0,0,0,0,0,0,0,0,0,0,0,0,0,0,0,0,0,0,0,0,0,0,0,0,0,0,0,0,0,0,0,0,0,0,0,0,0,0,0,0,0,0,0,0,0,0,0,0,0,0,0,0,0,0,0,0,0,0,0,0,0,0,0,0,0,0,0,0,0,0,0,0,0,0,0,0,0,0,0,0,0,0,0,0,0,0,0,0,0,0,0,0,0,0,0,0,0,0,0,0,0,0,0,0,0
2021-08-27 10:26:39,0,53,124,0,0,0,0,0,0,0,0,0,0,0,0,0,0,999,999,999,0,128,116,142,0,0,0,0,0,0,0,0,0,0,0,0,0,0,0,0,0,0,0,0,0,0,0,0,0,0,0,0,0,0,0,0,0,0,0,0,0,0,0,0,0,0,0,0,0,0,0,0,0,0,0,0,0,0,0,0,0,0,0,0,0,0,0,0,0,0,0,0,0,0,0,0,0,0,0,0,0,0,0,0,0,0,0,0,0,0,0,0,0,0,0,0,0,0,0,0,0,0,0,0,0,0,0,0,0,0,0,0,0,0,0,0,0,0,0,0,0,0,0,0,0,0,0,0,0,0,0,0,0,0,0,0,0,0,0,0,0,0,0,0,0,0,0,0,0,0,0,0,0,0,0,0,0,0,0,0,0,0,0,0,0,0,0,0,0,0,0,0,0,0,0,0,0,0,0,0
2021-08-27 10:26:39.500000,-49.0,70,120,0,0,0,0,0,0,0,0,0,0,0,0,0,0,0,0,59,-47.0,999,680,999,999,0,0,0,0,0,0,0,0,0,0,0,0,0,78,0,0,0,0,0,0,0,0,0,0,0,0,0,0,0,0,0,0,0,0,0,0,0,0,0,0,0,0,0,0,0,0,0,0,0,0,0,0,0,0,0,0,0,0,0,0,0,0,0,0,0,0,0,0,0,0,0,0,0,0,0,0,0,0,0,0,0,0,0,0,0,0,0,0,0,0,0,0,0,0,0,0,0,0,0,0,0,0,0,0,0,0,0,0,0,0,0,0,0,0,0,0,0,0,0,0,0,0,0,0,0,0,0,0,0,0,0,0,0,0,0,0,0,0,0,0,0,0,0,0,0,0,0,0,0,0,0,0,0,0,0,0,0,0,0,0,0,0,0,0,0,0,0,0,0,0,0,0,0,0,0
2021-08-27 10:26:40,-49.0,67,125,0,0,0,0,0,0,0,0,0,0,0,0,0,0,51,0,0,-50.0,126,0,141,999,0,0,0,0,0,-50.0,0,0,0,0,0,948,999,999,399,0,0,0,0,0,0,0,0,0,0,0,0,0,0,0,0,0,0,0,0,0,0,0,0,0,0,0,0,0,0,0,0,0,0,0,0,0,0,0,0,0,0,0,0,0,0,0,0,0,0,0,0,0,0,0,0,0,0,0,0,0,0,0,0,0,0,0,0,0,0,0,0,0,0,0,0,0,0,0,0,0,0,0,0,0,0,0,0,0,0,0,0,0,0,0,0,0,0,0,0,0,0,0,0,0,0,0,0,0,0,0,0,0,0,0,0,0,0,0,0,0,0,0,0,0,0,0,0,0,0,0,0,0,0,0,0,0,0,0,0,0,0,0,0,0,0,0,0,0,0,0,0,0,0,0,0,0,0,0,0
2021-08-27 10:26:40.500000,0,67,129,0,52,0,0,0,0,0,0,0,0,0,0,0,0,53,52,0,0,0,62,0,0,0,0,0,0,0,0,0,0,0,0,0,0,310,999,80,0,999,999,999,999,0,0,0,0,0,0,0,0,0,0,0,0,0,0,0,0,0,0,0,0,0,0,0,0,0,0,0,0,0,0,0,0,0,0,0,0,0,0,0,0,0,0,0,0,0,0,0,0,0,0,0,0,0,0,0,0,0,0,0,0,0,0,0,0,0,0,0,0,0,0,0,0,0,0,0,0,0,0,0,0,0,0,0,0,0,0,0,0,0,0,0,0,0,0,0,0,0,0,0,0,0,0,0,0,0,0,0,0,0,0,0,0,0,0,0,0,0,0,0,0,0,0,0,0,0,0,0,0,0,0,0,0,0,0,0,0,0,0,0,0,0,0,0,0,0,0,0,0,0,0,0,0,0,0,0
2021-08-27 10:26:41,-49.0,67,130,0,0,0,0,0,0,0,0,0,0,0,0,0,0,0,0,0,-50.0,0,65,0,0,0,0,0,0,0,-47.0,0,0,0,0,0,0,70,117,0,0,149,65,810,813,0,0,0,0,0,0,74,0,0,0,0,915,999,999,386,0,0,0,0,0,0,0,0,0,0,0,0,0,0,0,0,0,0,0,0,0,0,0,0,0,0,0,0,0,0,0,0,0,0,0,0,0,0,0,0,0,0,0,0,0,0,0,0,0,0,0,0,0,0,0,0,0,0,0,0,0,0,0,0,0,0,0,0,0,0,0,0,0,0,0,0,0,0,0,0,0,0,0,0,0,0,0,0,0,0,0,0,0,0,0,0,0,0,0,0,0,0,0,0,0,0,0,0,0,0,0,0,0,0,0,0,0,0,0,0,0,0,0,0,0,0,0,0,0,0,0,0,0,0,0,0,0,0,0,0
2021-08-27 10:26:41.500000,-49.0,68,132,0,51,0,0,0,0,0,0,0,0,0,0,0,0,0,0,0,-50.0,0,61,0,0,0,0,0,0,0,-47.0,0,0,0,0,0,0,0,70,0,0,0,0,0,0,0,0,0,0,0,0,0,0,0,0,0,999,999,999,859,0,0,494,0,343,0,0,0,0,0,0,0,0,0,0,0,0,0,0,0,0,0,0,0,0,0,0,0,0,0,0,0,0,0,0,0,0,0,0,0,0,0,0,0,0,0,0,0,0,0,0,0,0,0,0,0,0,0,0,0,0,0,0,0,0,0,0,0,0,0,0,0,0,0,0,0,0,0,0,0,0,0,0,0,0,0,0,0,0,0,0,0,0,0,0,0,0,0,0,0,0,0,0,0,0,0,0,0,0,0,0,0,0,0,0,0,0,0,0,0,0,0,0,0,0,0,0,0,0,0,0,0,0,0,0,0,0,0,0,0
2021-08-27 10:26:42,-49.0,70,135,0,51,0,0,0,0,0,0,0,0,0,0,0,0,0,0,0,-50.0,0,57,0,0,0,0,0,0,0,-47.0,0,0,0,0,0,0,0,73,0,0,0,0,0,0,0,0,0,0,0,0,0,0,0,0,0,79,0,65,70,0,999,999,764,999,0,0,0,0,0,0,0,0,0,0,0,52,0,0,0,0,0,0,0,0,0,0,0,0,0,0,0,0,0,0,0,0,0,0,0,0,0,0,0,0,0,0,0,0,0,0,0,0,0,0,0,0,0,0,0,0,0,0,0,0,0,0,0,0,0,0,0,0,0,0,0,0,0,0,0,0,0,0,0,0,0,0,0,0,0,0,0,0,0,0,0,0,0,0,0,0,0,0,0,0,0,0,0,0,0,0,0,0,0,0,0,0,0,0,0,0,0,0,0,0,0,0,0,0,0,0,0,0,0,0,0,0,0,0,0
2021-08-27 10:26:42.500000,-49.0,70,135,0,51,0,0,0,0,0,0,0,0,0,0,0,0,0,0,0,-50.0,0,57,0,0,0,0,0,0,0,-47.0,0,0,0,0,0,0,0,74,0,0,0,0,0,0,0,0,0,0,0,0,0,0,0,0,0,0,0,0,51,0,115,74,152,887,0,0,0,0,0,0,0,0,0,0,0,999,999,999,999,0,60,172,115,60,0,0,0,0,0,0,0,0,0,0,0,0,0,0,0,0,0,0,0,0,0,0,0,0,0,0,0,0,0,0,0,0,0,0,0,0,0,0,0,0,0,0,0,0,0,0,0,0,0,0,0,0,0,0,0,0,0,0,0,0,0,0,0,0,0,0,0,0,0,0,0,0,0,0,0,0,0,0,0,0,0,0,0,0,0,0,0,0,0,0,0,0,0,0,0,0,0,0,0,0,0,0,0,0,0,0,0,0,0,0,0,0,0,0,0
2021-08-27 10:26:43,0,70,135,0,51,0,0,0,0,0,0,0,0,0,0,0,0,0,0,0,0,0,54,0,0,0,0,0,0,0,0,0,0,0,0,0,0,0,74,0,0,0,0,0,0,0,0,0,0,0,0,0,0,0,0,0,0,0,0,0,0,0,66,64,0,0,0,0,0,0,0,0,0,0,0,0,68,0,375,536,0,999,673,789,999,0,0,0,0,0,0,0,0,0,0,0,0,0,0,0,0,0,0,0,0,0,0,0,0,0,0,0,0,0,0,0,0,0,0,0,0,0,0,0,0,0,0,0,0,0,0,0,0,0,0,0,0,0,0,0,0,0,0,0,0,0,0,0,0,0,0,0,0,0,0,0,0,0,0,0,0,0,0,0,0,0,0,0,0,0,0,0,0,0,0,0,0,0,0,0,0,0,0,0,0,0,0,0,0,0,0,0,0,0,0,0,0,0,0,0
2021-08-27 10:26:43.500000,-49.0,70,136,0,51,0,0,0,0,0,0,0,0,0,0,0,0,0,0,0,-50.0,0,55,0,0,0,0,0,0,0,-47.0,0,0,0,0,0,0,0,73,0,0,0,0,0,0,0,0,0,0,0,0,0,0,0,0,0,0,0,0,0,0,0,0,0,0,0,0,0,0,0,0,0,0,0,0,0,52,0,0,0,0,636,231,957,999,0,0,0,0,0,0,164,81,76,120,0,999,999,999,871,0,0,0,0,0,0,0,0,0,0,0,0,0,0,0,0,0,0,0,0,0,0,0,0,0,0,0,0,0,0,0,0,0,0,0,0,0,0,0,0,0,0,0,0,0,0,0,0,0,0,0,0,0,0,0,0,0,0,0,0,0,0,0,0,0,0,0,0,0,0,0,0,0,0,0,0,0,0,0,0,0,0,0,0,0,0,0,0,0,0,0,0,0,0,0,0,0,0,0,0
2021-08-27 10:26:44,-49.0,71,136,0,51,0,0,0,0,0,0,0,0,0,0,0,0,0,0,0,-50.0,0,54,0,0,0,0,0,0,0,-47.0,0,0,0,0,0,0,0,73,0,0,0,0,0,0,0,0,0,0,0,0,0,0,0,0,0,0,0,0,0,0,0,0,0,0,0,0,0,0,0,0,0,0,0,0,0,0,0,0,0,0,0,67,65,219,0,0,0,0,0,0,202,159,114,154,0,999,999,999,999,0,0,0,0,0,0,0,0,0,0,0,0,0,0,0,0,0,0,0,0,0,0,0,0,0,0,0,0,0,0,0,0,0,0,0,0,0,0,0,0,0,0,0,0,0,0,0,0,0,0,0,0,0,0,0,0,0,0,0,0,0,0,0,0,0,0,0,0,0,0,0,0,0,0,0,0,0,0,0,0,0,0,0,0,0,0,0,0,0,0,0,0,0,0,0,0,0,0,0,0
2021-08-27 10:26:44.500000,0,71,136,0,51,0,0,0,0,0,0,0,0,0,0,0,0,0,0,0,0,0,54,0,0,0,0,0,0,0,0,0,0,0,0,0,0,0,74,0,0,0,0,0,0,0,0,0,0,0,0,0,0,0,0,0,0,0,0,0,0,0,0,0,0,0,0,0,0,0,0,0,0,0,0,0,0,0,0,0,0,0,72,78,176,0,0,0,0,0,0,999,760,999,999,0,0,0,60,0,0,0,0,0,0,0,0,0,0,0,0,0,0,0,0,0,0,0,0,0,0,0,0,0,0,0,0,0,0,0,0,0,0,0,0,0,0,0,0,0,0,0,0,0,0,0,0,0,0,0,0,0,0,0,0,0,0,0,0,0,0,0,0,0,0,0,0,0,0,0,0,0,0,0,0,0,0,0,0,0,0,0,0,0,0,0,0,0,0,0,0,0,0,0,0,0,0,0,0,0
2021-08-27 10:26:45,-49.0,69,134,0,0,0,0,0,0,0,0,0,0,0,0,0,0,0,0,0,-50.0,0,55,0,0,0,0,0,0,0,-47.0,0,0,0,0,0,0,0,74,0,0,0,0,0,0,0,0,0,0,0,0,0,0,0,0,0,0,0,0,0,0,0,0,0,0,0,0,0,0,0,0,0,0,0,0,0,0,0,0,0,0,0,0,0,0,0,0,0,74,0,0,999,999,999,999,0,0,0,0,0,0,0,0,0,0,0,0,0,0,0,0,0,0,0,0,0,0,0,0,0,0,0,0,0,0,0,0,0,0,0,0,0,0,0,0,0,0,0,0,0,0,0,0,0,0,0,0,0,0,0,0,0,0,0,0,0,0,0,0,0,0,0,0,0,0,0,0,0,0,0,0,0,0,0,0,0,0,0,0,0,0,0,0,0,0,0,0,0,0,0,0,0,56,0,0,0,0,0,0,63
2021-08-27 10:26:45.500000,-49.0,71,135,0,51,0,0,0,0,0,0,0,0,0,0,0,0,0,0,0,-50.0,0,54,0,0,0,0,0,0,0,-47.0,0,0,0,0,0,0,0,73,0,0,0,0,0,0,0,0,0,0,0,0,0,0,0,0,0,0,0,0,0,0,0,0,0,0,0,0,0,0,0,0,0,0,222,0,0,0,0,0,0,-47.0,0,0,0,0,0,784,934,999,999,0,94,608,337,309,0,0,0,0,0,0,0,0,0,0,0,0,0,0,0,0,0,0,0,0,0,0,0,0,0,0,0,0,0,0,0,0,0,0,0,0,0,0,0,0,0,0,0,0,0,0,0,0,0,0,0,0,0,0,0,0,0,0,0,0,0,0,0,0,0,0,0,0,0,0,0,0,0,0,0,0,0,0,0,0,0,0,0,0,0,0,0,0,0,0,0,0,0,0,0,0,0,0,0,0,0,0,0,0,0
2021-08-27 10:26:46,-49.0,71,135,0,51,0,0,0,0,0,0,0,0,0,0,0,0,0,0,0,-50.0,0,54,0,0,0,0,0,0,0,-47.0,0,0,0,0,0,0,0,74,0,0,0,0,0,0,0,0,0,0,0,0,0,0,0,0,0,0,0,0,0,0,0,0,0,0,0,0,0,0,0,0,228,999,999,999,0,0,0,0,0,-49.0,0,0,0,0,0,999,999,999,999,0,124,98,62,102,0,0,0,0,0,0,0,0,0,0,0,0,0,0,0,0,0,0,0,0,0,0,0,0,0,0,0,0,0,0,0,0,0,0,0,0,0,0,0,0,0,0,0,0,0,0,0,0,0,0,0,0,0,0,0,0,0,0,0,0,0,0,0,0,0,0,0,0,0,0,0,0,0,0,0,0,0,0,0,0,0,0,0,0,0,0,0,0,0,0,0,0,0,0,0,0,0,0,0,0,0,0,0,0,0
2021-08-27 10:26:46.500000,-49.0,71,136,0,51,0,0,0,0,0,0,0,0,0,0,0,0,0,0,0,-50.0,0,53,0,0,0,0,0,0,0,-47.0,0,0,0,0,0,0,0,73,0,0,0,0,0,0,0,0,0,0,0,0,0,0,0,0,0,0,0,0,0,0,0,0,0,0,0,519,114,999,999,0,353,999,999,706,0,0,0,0,0,-49.0,0,0,0,0,0,54,53,51,0,0,0,0,0,0,0,0,0,0,0,0,0,0,0,0,0,0,0,0,0,0,0,0,0,0,0,0,0,0,0,0,0,0,0,0,0,0,0,0,0,0,0,0,0,0,0,0,0,0,0,0,0,0,0,0,0,0,0,0,0,0,0,0,0,0,0,0,0,0,0,0,0,0,0,0,0,0,0,0,0,0,0,0,0,0,-50.0,0,0,0,0,0,0,0,0,0,0,0,0,0,0,0,0,0,0,0,0,0,0,0,0
2021-08-27 10:26:47,0,70,135,0,0,0,0,0,0,0,0,0,0,0,0,0,0,0,0,0,0,0,54,0,0,0,0,0,0,0,0,0,0,0,0,0,0,0,74,0,0,0,0,0,0,0,0,0,0,0,0,0,0,0,0,0,0,0,0,0,0,0,0,0,0,0,0,0,0,0,0,0,0,0,0,0,0,0,0,0,0,0,0,0,0,0,0,0,0,0,0,0,0,0,0,0,0,0,0,0,0,0,0,0,0,0,0,0,0,0,0,0,0,0,0,0,0,0,0,0,0,0,0,0,0,0,0,0,0,0,0,0,0,0,0,0,0,0,0,0,0,0,0,0,0,0,0,0,0,0,0,0,0,0,0,0,0,0,0,0,0,0,0,0,0,0,0,0,0,0,0,0,0,0,0,0,0,0,0,0,0,0,0,0,0,0,0,0,0,0,0,0,0,0,0,0,0,0,0,0
2021-08-27 10:26:47.500000,-49.0,0,0,0,0,0,0,0,0,0,0,0,0,0,0,0,0,0,0,0,-50.0,0,0,0,0,0,0,0,0,0,-47.0,0,0,0,0,0,0,0,0,0,0,0,0,0,0,0,0,0,0,0,0,426,910,999,999,0,0,0,0,0,0,0,0,0,0,0,0,0,0,0,0,0,0,0,0,0,0,0,0,0,-49.0,0,0,0,0,0,0,0,0,0,0,0,0,0,0,0,0,0,0,0,0,0,0,0,0,0,0,0,0,0,0,0,0,0,0,0,0,0,0,0,0,0,0,0,0,0,0,0,0,0,0,0,0,0,0,0,0,0,0,0,0,0,0,0,0,0,0,0,0,0,0,0,0,0,0,0,0,0,0,0,0,0,0,0,0,0,0,0,0,0,0,0,0,0,0,-50.0,0,0,0,0,0,0,0,0,0,0,0,0,0,0,0,0,0,0,0,0,0,0,0,0
2021-08-27 10:26:48,-49.0,68,133,0,0,0,0,0,0,0,0,0,0,0,0,0,0,0,0,0,-50.0,0,57,0,0,0,0,0,0,0,-49.0,0,0,0,0,0,0,53,81,0,0,0,0,0,0,0,0,0,0,0,0,992,999,999,999,0,0,0,0,0,0,0,60,0,0,0,999,999,999,999,0,0,0,0,0,0,0,0,0,0,-49.0,0,0,0,0,0,0,0,0,0,0,0,0,0,0,0,0,0,0,0,0,0,0,0,0,0,0,0,0,0,0,0,0,0,0,0,0,0,0,0,0,0,0,0,0,0,0,0,0,0,0,0,0,0,0,0,0,0,0,0,0,0,0,0,0,0,0,0,0,0,0,0,0,0,0,0,0,0,0,0,0,0,0,0,0,0,0,0,0,0,0,0,0,0,0,-50.0,0,0,0,0,0,0,0,0,0,0,0,0,0,0,0,0,0,0,0,0,0,0,0,0
2021-08-27 10:26:48.500000,-49.0,67,133,0,0,0,0,0,0,0,0,0,0,0,0,0,0,0,0,0,-50.0,0,55,0,0,0,0,0,0,0,-49.0,524,780,999,999,0,0,52,79,0,0,0,0,0,0,0,0,0,0,0,0,0,0,0,0,0,0,0,0,0,0,0,0,0,0,0,357,79,0,0,0,0,0,0,0,0,0,0,0,0,-49.0,0,0,0,0,0,0,0,0,0,0,0,0,0,0,0,0,0,0,0,0,0,0,0,0,0,0,0,0,0,0,0,0,0,0,0,0,0,0,0,0,0,0,0,0,0,0,0,0,0,0,0,0,0,0,0,0,0,0,0,0,0,0,0,0,0,0,0,0,0,0,0,0,0,0,0,0,0,0,0,0,0,0,0,0,0,0,0,0,0,0,0,0,0,0,-50.0,0,0,0,0,0,0,0,0,0,0,0,0,0,0,0,0,0,0,0,0,0,0,0,0
2021-08-27 10:26:49,-49.0,69,134,0,0,0,0,0,0,0,0,0,0,0,0,0,0,0,0,0,-50.0,0,53,0,0,0,0,0,0,0,-49.0,999,999,999,999,0,0,0,76,0,-46.0,0,0,0,0,0,999,105,459,999,0,999,999,999,999,0,0,0,0,0,0,0,0,0,0,0,0,0,0,0,0,0,0,0,0,0,0,0,0,0,-49.0,0,0,0,0,0,0,0,0,0,0,0,0,0,0,0,0,0,0,0,0,0,0,0,0,0,0,0,0,0,0,0,0,0,0,0,0,0,0,0,0,0,0,0,0,0,0,0,0,0,0,0,0,0,0,0,0,0,0,0,0,0,0,0,0,0,0,0,0,0,0,0,0,0,0,0,0,0,0,0,0,0,0,0,0,0,0,0,0,0,0,0,0,0,0,-50.0,0,0,0,0,0,0,0,0,0,0,0,0,0,0,0,0,0,0,0,0,0,0,0,0
2021-08-27 10:26:49.500000,0,68,137,0,0,0,0,0,0,0,0,0,0,0,0,0,0,0,0,0,0,0,0,0,0,0,840,520,90,999,0,999,999,999,999,0,0,0,74,0,0,0,0,0,0,0,219,0,0,0,0,0,0,0,0,0,0,0,0,0,0,0,0,0,0,0,0,0,0,0,0,0,0,0,0,0,0,0,0,0,0,0,0,0,0,0,0,0,0,0,0,0,0,0,0,0,0,0,0,0,0,0,0,0,0,0,0,0,0,0,0,0,0,0,0,0,0,0,0,0,0,0,0,0,0,0,0,0,0,0,0,0,0,0,0,0,0,0,0,0,0,0,0,0,0,0,0,0,0,0,0,0,0,0,0,0,0,0,0,0,0,0,0,0,0,0,0,0,0,0,0,0,0,0,0,0,0,0,0,0,0,0,0,0,0,0,0,0,0,0,0,0,0,0,0,0,0,0,0,0
2021-08-27 10:26:50,-49.0,64,139,0,0,0,0,0,0,0,0,999,999,999,999,0,0,0,0,0,-50.0,0,0,54,0,0,999,999,0,999,-49.0,0,0,0,0,0,0,60,59,0,-46.0,0,0,0,0,0,0,0,0,0,0,0,0,0,0,0,0,0,0,0,0,0,0,0,0,0,0,0,0,0,0,0,0,0,0,0,0,0,0,0,-49.0,0,0,0,0,0,0,0,0,0,0,0,0,0,0,0,0,0,0,0,0,0,0,0,0,0,0,0,0,0,0,0,0,0,0,0,0,0,0,0,0,0,0,0,0,0,0,0,0,0,0,0,0,0,0,0,0,0,0,0,0,0,0,0,0,0,0,0,0,0,0,0,0,0,0,0,0,0,0,0,0,0,0,0,0,0,0,0,0,0,0,0,0,0,0,-50.0,0,0,0,0,0,0,0,0,0,0,0,0,0,0,0,0,0,0,0,0,0,0,0,0
2021-08-27 10:26:50.500000,0,68,140,0,0,0,0,63,0,0,0,999,999,999,999,0,0,0,0,0,0,0,0,0,0,0,63,0,0,0,0,0,0,0,0,0,0,0,69,0,0,0,0,0,0,0,0,0,0,0,0,0,0,0,0,0,0,0,0,0,0,0,0,0,0,0,0,0,0,0,0,0,0,0,0,0,0,0,0,0,0,0,0,0,0,0,0,0,0,0,0,0,0,0,0,0,0,0,0,0,0,0,0,0,0,0,0,0,0,0,0,0,0,0,0,0,0,0,0,0,0,0,0,0,0,0,0,0,0,0,0,0,0,0,0,0,0,0,0,0,0,0,0,0,0,0,0,0,0,0,0,0,0,0,0,0,0,0,0,0,0,0,0,0,0,0,0,0,0,0,0,0,0,0,0,0,0,0,0,0,0,0,0,0,0,0,0,0,0,0,0,0,0,0,0,0,0,0,0,0
2021-08-27 10:26:51,-49.0,77,162,0,0,0,999,999,999,999,0,492,999,0,384,0,0,0,0,0,-48.0,0,0,0,0,0,0,0,0,0,-49.0,0,0,0,0,0,0,0,69,0,-46.0,0,0,0,0,0,0,0,0,0,0,0,0,0,0,0,0,0,0,0,0,0,0,0,0,0,0,0,0,0,0,0,0,0,0,0,0,0,0,0,-49.0,0,0,0,0,0,0,0,0,0,0,0,0,0,0,0,0,0,0,0,0,0,0,0,0,0,0,0,0,0,0,0,0,0,0,0,0,0,0,0,0,0,0,0,0,0,0,0,0,0,0,0,0,0,0,-50.0,0,0,0,0,0,0,0,0,0,0,0,0,0,0,0,0,0,0,0,0,0,0,0,0,0,0,0,0,0,0,0,0,0,0,0,0,0,0,0,-50.0,0,0,0,0,0,0,0,0,0,0,0,0,0,0,0,0,0,0,0,0,0,0,0,0
2021-08-27 10:26:51.500000,0,54,0,0,58,0,0,105,75,0,0,0,0,0,0,0,0,0,0,0,0,0,0,0,0,0,0,0,0,0,0,0,0,0,0,0,0,0,69,0,0,0,0,0,0,0,0,0,0,0,0,0,0,0,0,0,0,0,0,0,0,0,0,0,0,0,0,0,0,0,0,0,0,0,0,0,0,0,0,0,0,0,0,0,0,0,0,0,0,0,0,0,0,0,0,0,0,0,0,0,0,999,999,458,0,0,0,63,0,59,0,0,0,0,0,0,0,0,0,0,0,0,0,0,0,0,0,0,0,0,0,0,0,0,0,0,0,0,0,0,0,0,0,0,0,0,0,0,0,0,0,0,0,0,0,0,0,0,0,0,0,0,0,0,0,0,0,0,0,0,0,0,0,0,0,0,0,0,0,0,0,0,0,0,0,0,0,0,0,0,0,0,0,0,0,0,0,0,0,0
2021-08-27 10:26:52,-49.0,55,0,0,58,0,0,86,62,0,0,0,0,0,0,0,0,0,0,0,-48.0,0,0,0,0,0,0,0,0,0,-49.0,0,0,0,0,0,0,0,65,0,-46.0,0,0,0,0,0,0,0,0,0,0,0,0,0,0,0,0,0,0,0,0,0,0,0,0,0,0,0,0,0,0,0,0,0,0,0,0,0,0,0,-49.0,0,0,0,0,0,0,0,0,0,0,0,0,0,0,0,0,0,0,0,0,999,999,999,0,0,0,0,0,0,0,0,71,0,75,0,999,999,999,58,0,0,0,0,0,0,0,0,0,0,0,0,0,0,0,-50.0,0,0,0,0,0,0,0,0,0,0,0,0,0,0,0,0,0,0,0,0,0,0,0,0,0,0,0,0,0,0,0,0,0,0,0,0,0,0,0,-50.0,0,0,0,0,0,0,0,0,0,0,0,0,0,0,0,0,0,0,0,0,0,0,0,0
2021-08-27 10:26:52.500000,-49.0,62,0,0,62,0,0,0,0,0,0,0,0,0,0,0,0,0,0,0,-48.0,0,0,0,0,0,0,0,0,0,-49.0,0,0,0,0,0,0,0,64,0,-46.0,0,0,0,0,0,0,0,0,0,0,0,0,0,0,0,0,0,0,0,0,0,0,0,0,0,0,0,0,0,0,0,0,0,0,0,0,0,0,0,-49.0,0,0,0,0,0,0,0,0,0,0,0,0,0,0,0,0,0,0,0,0,0,0,0,0,0,0,0,0,0,0,100,83,0,83,0,999,999,999,485,0,0,0,0,0,0,0,0,0,0,0,0,0,0,0,-50.0,0,0,0,0,0,0,0,0,0,0,0,0,0,0,0,0,0,0,0,0,0,0,0,0,0,0,0,0,0,0,0,0,0,0,0,0,0,0,0,-50.0,0,0,0,0,0,0,0,0,0,0,0,0,0,0,0,0,0,0,0,0,0,0,0,0
2021-08-27 10:26:53,-49.0,63,0,0,62,0,0,0,0,0,0,0,0,0,0,0,0,0,0,0,-48.0,0,0,0,0,0,0,0,0,0,-49.0,0,0,0,0,0,0,0,64,0,-46.0,0,0,0,0,0,0,0,0,0,0,0,0,0,0,0,0,0,0,0,0,0,0,0,0,0,0,0,0,0,0,0,0,0,0,0,0,0,0,0,-49.0,0,0,0,0,0,0,0,0,0,0,0,0,0,0,0,0,0,0,0,0,0,0,0,0,0,0,0,0,0,0,90,57,0,69,0,0,0,55,0,0,999,999,999,999,0,0,0,0,0,0,0,0,0,0,-50.0,0,0,0,0,0,0,0,0,0,0,0,0,0,0,0,0,0,0,0,0,0,0,0,0,0,0,0,0,0,0,0,0,0,0,0,0,0,0,0,-50.0,0,0,0,0,0,0,0,0,0,0,0,0,0,0,0,0,0,0,0,0,0,0,0,0
2021-08-27 10:26:53.500000,-49.0,63,0,0,63,0,0,0,0,0,0,0,0,0,0,0,0,0,0,0,-48.0,0,0,0,0,0,0,0,0,0,-49.0,0,0,0,0,0,0,0,63,0,-46.0,0,0,0,0,0,0,0,0,0,0,0,0,0,0,0,0,0,0,0,0,0,0,0,0,0,0,0,0,0,0,0,0,0,0,0,0,0,0,0,-49.0,0,0,0,0,0,0,0,0,0,0,0,0,0,0,0,0,0,0,0,0,0,0,0,0,0,0,0,0,0,0,0,0,0,0,0,0,0,0,0,0,357,146,658,526,0,0,0,0,0,0,0,0,0,0,-49.0,999,999,999,999,0,0,0,0,0,0,0,0,0,0,0,0,0,0,0,0,0,0,0,0,0,0,0,0,0,0,0,0,0,0,0,0,0,0,0,-50.0,0,0,0,0,0,0,0,0,0,0,0,0,0,0,0,0,0,0,0,0,0,0,0,0
2021-08-27 10:26:54,-49.0,63,0,0,63,0,0,0,0,0,0,0,0,0,0,0,0,0,0,0,-48.0,0,0,0,0,-47.0,0,0,0,0,-49.0,0,0,0,0,0,0,0,63,0,-46.0,0,0,0,0,0,0,0,0,0,0,0,0,0,0,0,0,0,0,0,0,0,0,0,0,0,0,0,0,0,0,0,0,0,0,0,0,0,0,0,-49.0,0,0,0,0,0,0,0,0,0,0,0,0,0,0,0,0,0,0,0,0,0,0,0,0,0,0,0,0,0,0,0,0,0,0,0,0,0,0,0,0,0,0,0,0,0,0,0,0,0,0,0,0,0,0,-49.0,999,999,999,999,0,121,111,52,0,0,0,0,0,0,0,0,0,0,0,0,0,0,0,0,0,0,0,0,0,0,0,0,0,0,0,0,0,0,0,-50.0,0,0,0,0,0,0,0,0,0,0,0,0,0,0,0,0,0,0,0,0,0,0,0,0
2021-08-27 10:26:54.500000,-49.0,63,0,0,63,0,0,0,0,0,0,0,0,0,0,0,0,0,0,0,-48.0,0,0,0,0,-47.0,0,0,0,0,-49.0,0,0,0,0,0,0,0,62,0,-46.0,0,0,0,0,0,0,0,0,0,0,0,0,0,0,0,0,0,0,0,0,0,0,0,0,0,0,0,0,0,0,0,0,0,0,0,0,0,0,0,-49.0,0,0,0,0,0,0,0,0,0,0,0,0,0,0,0,0,0,0,0,0,0,0,0,0,0,0,0,0,0,0,0,0,0,0,0,0,0,0,0,0,0,0,0,0,0,0,0,0,0,0,0,0,0,0,-49.0,339,999,999,999,0,999,999,971,999,0,62,60,0,0,0,0,0,0,0,0,0,102,0,0,0,0,0,0,0,0,0,0,0,0,0,0,0,0,0,-50.0,0,0,0,0,0,0,0,0,0,0,0,0,0,0,0,0,0,0,0,0,0,0,0,0
2021-08-27 10:26:55,-49.0,64,0,0,63,0,0,0,0,0,0,0,0,0,0,0,0,0,0,0,-48.0,0,0,0,0,-49.0,0,0,0,0,-49.0,0,0,0,0,0,0,0,62,0,-46.0,0,0,0,0,0,0,0,0,0,0,0,0,0,0,0,0,0,0,0,0,0,0,0,0,0,0,0,0,0,0,0,0,0,0,0,0,0,0,0,-49.0,0,0,0,0,0,0,0,0,0,0,0,0,0,0,0,0,0,0,0,0,0,0,0,0,0,0,0,0,0,0,0,0,0,0,0,0,0,0,0,0,0,0,0,0,0,0,0,0,0,0,0,0,0,0,-49.0,0,0,0,0,0,139,129,480,999,0,102,0,0,84,0,55,0,0,0,0,153,999,999,999,0,0,0,0,0,0,0,0,0,0,0,0,0,0,0,-50.0,0,0,0,0,0,0,0,0,0,0,0,0,0,0,0,0,0,0,0,0,0,0,0,0
2021-08-27 10:26:55.500000,-49.0,64,0,0,63,0,0,0,0,0,0,0,0,0,0,0,0,0,0,0,-48.0,0,0,0,0,-49.0,0,0,0,0,-49.0,0,0,0,0,0,0,0,61,0,-46.0,0,0,0,0,0,0,0,0,0,0,0,0,0,0,0,52,0,0,0,0,0,0,0,0,0,0,0,0,0,0,0,0,0,0,0,0,0,0,0,-49.0,0,0,0,0,0,0,0,0,0,0,0,0,0,0,0,0,0,0,0,0,0,0,0,0,0,0,0,0,0,0,0,0,0,0,0,0,0,0,0,0,0,0,0,0,0,0,0,0,0,0,0,0,0,0,-49.0,0,0,0,0,0,79,63,89,97,0,89,55,0,89,0,65,0,0,0,0,82,93,916,999,0,999,125,0,95,0,0,0,0,0,0,0,0,0,0,-50.0,0,0,0,0,0,0,0,0,0,0,0,0,0,0,0,0,0,0,0,0,0,0,0,0
2021-08-27 10:26:56,-49.0,64,0,0,63,0,0,0,0,0,0,0,0,0,0,0,0,0,0,0,-48.0,0,0,0,0,-49.0,0,0,0,0,-49.0,0,0,0,0,0,0,0,62,0,-46.0,0,0,0,0,0,0,0,0,0,0,0,0,0,0,0,0,0,0,0,0,0,0,0,0,0,0,0,0,0,0,0,0,0,0,0,0,0,0,0,-49.0,0,0,0,0,0,0,0,0,0,0,0,0,0,0,0,0,0,0,0,0,0,0,0,0,0,0,0,0,0,0,0,0,0,0,0,0,0,0,0,0,0,0,0,0,0,0,0,0,0,0,0,0,0,0,-49.0,0,0,0,0,0,0,0,0,0,0,0,0,0,0,0,0,0,52,0,0,0,0,0,0,0,999,582,0,999,0,62,0,0,0,0,60,0,0,0,-50.0,89,882,824,344,0,0,0,0,0,0,0,0,0,0,0,0,0,0,0,0,0,0,0,0
2021-08-27 10:26:56.500000,-49.0,64,0,0,63,0,0,0,0,0,0,0,0,0,0,0,0,0,0,0,-48.0,0,0,0,0,-49.0,0,0,0,0,-49.0,0,0,0,0,0,0,0,62,0,-46.0,0,0,0,0,0,0,0,0,0,0,0,0,0,0,0,0,0,0,0,0,0,0,0,0,0,0,0,0,0,0,0,0,0,0,0,0,0,0,0,-49.0,0,0,0,0,0,0,0,0,0,0,0,0,0,0,0,0,0,0,0,0,0,0,0,0,0,0,0,0,0,0,0,0,0,0,0,0,0,0,0,0,0,0,0,0,0,0,0,0,0,0,0,0,0,0,-49.0,0,0,0,0,0,0,0,0,0,0,0,0,0,0,0,0,0,0,0,0,0,0,0,0,0,0,0,0,0,0,0,0,0,0,0,211,138,159,232,-50.0,373,999,999,999,0,51,66,0,87,0,99,0,0,70,0,0,0,0,0,0,0,0,0,0
2021-08-27 10:26:57,-49.0,64,0,0,63,0,0,0,0,0,0,0,0,0,0,0,0,0,0,0,-48.0,0,0,0,0,-49.0,0,0,0,0,-49.0,0,0,0,0,0,0,0,62,0,-46.0,0,0,0,0,0,0,0,0,0,0,0,0,0,0,0,0,0,0,0,0,0,0,0,0,0,0,0,0,0,0,0,0,0,0,0,0,0,0,0,-49.0,0,0,0,0,0,0,0,0,0,0,0,0,0,0,0,0,0,0,0,0,0,0,0,0,0,0,0,0,0,0,0,0,0,0,0,0,0,0,0,0,0,0,0,0,0,0,0,0,0,0,0,0,0,0,-49.0,0,0,0,0,0,0,0,0,0,0,0,0,0,0,0,0,0,0,0,0,0,0,0,0,0,0,0,0,0,0,0,0,0,0,-50.0,273,239,254,328,-50.0,0,999,999,999,0,999,999,999,999,0,92,57,0,0,0,0,67,0,0,0,147,162,121,68
2021-08-27 10:26:57.500000,-49.0,64,0,0,63,0,0,0,0,0,0,0,0,0,0,0,0,0,0,0,-48.0,0,0,0,0,-49.0,0,0,0,0,-49.0,0,0,0,0,0,0,0,62,0,-46.0,0,0,0,0,0,0,0,0,0,0,0,0,0,0,0,0,0,0,0,0,0,0,0,0,0,0,0,0,0,0,0,0,0,0,0,0,0,0,0,-49.0,0,0,0,0,0,0,0,0,0,0,0,0,0,0,0,0,0,0,0,0,0,0,0,0,0,0,0,0,0,0,0,0,0,0,0,0,0,0,0,0,0,0,0,0,0,0,0,0,0,0,0,0,0,0,-49.0,0,0,0,0,0,0,0,0,0,0,0,0,0,0,0,0,0,0,0,0,0,0,0,0,0,0,0,0,0,0,0,0,0,0,-50.0,0,0,0,0,-50.0,0,0,0,0,0,731,89,913,207,0,0,0,56,76,0,0,95,0,62,0,999,999,999,509
2021-08-27 10:26:58,-49.0,64,0,0,63,0,0,0,0,0,0,0,0,0,0,0,0,0,0,0,-48.0,0,0,0,0,-49.0,0,0,0,0,-49.0,0,0,0,0,0,0,0,62,0,-46.0,0,0,0,0,0,0,0,0,0,0,0,0,0,0,0,0,0,0,0,0,0,0,0,0,0,0,0,0,0,0,0,0,0,0,0,0,0,0,0,-49.0,0,0,0,0,0,0,0,0,0,0,0,0,0,0,0,0,0,0,0,0,0,0,0,0,0,0,0,0,0,0,0,0,0,0,0,0,0,0,0,0,0,0,0,0,0,0,0,0,0,0,0,0,0,0,-49.0,0,0,0,0,0,0,0,0,0,0,0,0,0,0,0,0,0,0,0,0,0,0,0,0,0,0,0,0,0,0,0,0,0,0,-50.0,0,0,0,0,-50.0,0,0,0,0,0,0,86,51,58,0,0,0,70,56,0,822,999,999,999,0,921,999,999,169
2021-08-27 10:26:58.500000,-49.0,64,0,0,63,0,0,0,0,0,0,0,0,0,0,0,0,0,0,0,-48.0,0,0,0,0,-49.0,0,0,0,0,-49.0,0,0,0,0,0,0,0,62,0,-46.0,0,0,0,0,0,0,0,0,0,0,0,0,0,0,0,0,0,0,0,0,0,0,0,0,0,0,0,0,0,0,0,0,0,0,0,0,0,0,0,-49.0,0,0,0,0,0,0,0,0,0,0,0,0,0,0,0,0,0,0,0,0,0,0,0,0,0,0,0,0,0,0,0,0,0,0,0,0,0,0,0,0,0,0,0,0,0,0,0,0,0,0,0,0,0,0,-49.0,0,0,0,0,0,0,0,0,0,0,0,0,0,0,0,0,0,0,0,0,0,0,0,0,0,0,0,0,0,0,0,0,0,0,-50.0,0,0,0,0,-50.0,0,0,0,0,0,0,0,0,0,0,0,52,53,0,0,999,999,999,999,0,0,0,0,0
2021-08-27 10:26:59,0,64,0,0,63,0,0,0,0,0,0,0,0,0,0,0,0,0,0,0,0,0,0,0,0,0,0,0,0,0,0,0,0,0,0,0,0,0,61,0,0,0,0,0,0,0,0,0,0,0,0,0,0,0,0,0,0,0,0,0,0,0,0,0,0,0,0,0,0,0,0,0,0,0,0,0,0,0,0,0,0,0,0,0,0,0,0,0,0,0,0,0,0,0,0,0,0,0,0,0,0,0,0,0,0,0,0,0,0,0,0,0,0,0,0,0,0,0,0,0,0,0,0,0,0,0,0,0,0,0,0,0,0,0,0,0,0,0,0,0,0,0,0,0,0,0,0,0,0,0,0,0,0,0,0,0,0,0,0,0,0,0,0,0,0,0,0,0,0,0,0,0,71,0,0,0,0,0,0,0,0,126,93,97,110,0,999,999,999,999,0,811,999,999,999,0,0,53,76,70
2021-08-27 10:26:59.500000,-49.0,64,0,0,64,0,0,0,0,0,0,0,0,0,0,0,0,0,0,0,-48.0,0,0,0,0,-49.0,0,0,0,0,-49.0,0,0,0,0,0,0,0,61,0,-46.0,0,0,0,0,0,0,0,0,0,0,0,0,0,0,0,0,0,0,0,0,0,0,0,0,0,0,0,0,0,0,0,0,0,0,0,0,0,0,0,-49.0,0,0,0,0,0,0,0,0,0,0,0,0,0,0,0,0,0,0,0,0,0,0,0,0,0,0,0,0,0,0,0,0,0,0,0,0,0,0,0,0,0,0,0,0,0,0,0,0,0,0,0,0,0,0,-49.0,0,0,0,0,0,0,0,0,0,0,0,0,0,0,0,0,0,0,0,0,0,0,0,0,0,0,0,0,0,0,0,0,67,0,-50.0,914,999,999,999,-50.0,0,0,0,0,0,61,0,51,87,0,999,541,811,878,0,0,0,0,0,0,0,0,0,0
2021-08-27 10:27:00,-49.0,64,0,0,63,0,0,0,0,0,0,0,0,0,0,0,0,0,0,0,-48.0,0,0,0,0,-49.0,0,0,0,0,-49.0,0,0,0,0,0,0,0,61,0,-46.0,0,0,0,0,0,0,0,0,0,0,0,0,0,0,0,0,0,0,0,0,0,0,0,0,0,0,0,0,0,0,0,0,0,0,0,0,0,0,0,-49.0,0,0,0,0,0,0,0,0,0,0,0,0,0,0,0,0,0,0,0,0,0,0,0,0,0,0,0,0,0,0,0,0,0,0,0,0,0,0,0,0,0,0,0,0,0,0,0,0,0,0,0,0,0,0,-49.0,0,0,0,0,0,0,0,0,0,0,0,0,0,0,0,0,0,106,57,0,0,0,0,0,0,0,0,0,57,-49.0,999,237,999,999,-50.0,266,999,516,157,-50.0,0,0,0,0,0,0,58,0,0,0,53,0,0,0,0,0,0,0,0,0,0,0,0,0
2021-08-27 10:27:00.500000,0,64,0,0,63,0,0,0,0,0,0,0,0,0,0,0,0,0,0,0,-48.0,0,0,0,0,-49.0,0,0,0,0,-49.0,0,0,0,0,0,0,0,61,0,-46.0,0,0,0,0,0,0,0,0,0,0,0,0,0,0,0,0,0,0,0,0,0,0,0,0,0,0,0,0,0,0,0,0,0,0,0,0,0,0,0,-49.0,0,0,0,0,0,0,0,0,0,0,0,0,0,0,0,0,0,0,0,0,0,0,0,0,0,0,0,0,0,0,0,0,0,0,0,0,0,0,0,0,0,0,0,0,0,0,0,0,0,0,0,0,0,0,-49.0,0,0,0,0,0,0,0,0,0,0,0,0,0,0,0,0,0,103,0,0,0,0,0,0,0,0,0,0,74,-49.0,999,327,988,999,-50.0,0,0,0,0,-50.0,0,0,0,0,0,0,65,0,0,0,0,0,0,0,0,0,0,0,0,0,0,0,0,0
2021-08-27 10:27:01,0,65,0,0,64,0,0,0,0,0,0,0,0,0,0,0,0,0,0,0,-48.0,0,0,0,0,-49.0,0,0,0,0,-49.0,0,0,0,0,0,0,0,61,0,-46.0,0,0,0,0,0,0,0,0,0,0,0,0,0,0,0,0,0,0,0,0,0,0,0,0,0,0,0,0,0,0,0,0,0,0,0,0,0,0,0,-49.0,0,0,0,0,0,0,0,0,0,0,0,0,0,0,0,0,0,0,0,0,0,0,0,0,0,0,53,0,0,0,0,0,0,0,0,0,0,0,0,0,0,0,0,0,0,0,0,0,0,0,0,0,0,0,-49.0,0,0,0,0,0,0,0,58,0,0,214,360,367,999,0,999,999,995,999,0,0,114,0,0,0,0,0,0,0,-49.0,999,196,0,453,-50.0,0,0,0,0,-50.0,0,0,0,0,0,0,63,0,0,0,0,0,0,0,0,0,0,0,0,0,0,0,0,0
2021-08-27 10:27:01.500000,0,65,0,0,64,0,0,0,0,0,0,0,0,0,0,0,0,0,0,0,-48.0,0,0,0,0,-49.0,0,0,0,0,-49.0,0,0,0,0,0,0,0,61,0,-46.0,0,0,0,0,0,0,0,0,0,0,0,0,0,0,0,0,0,0,0,0,0,0,0,0,0,0,0,0,0,0,0,0,0,0,0,0,0,0,0,-49.0,0,0,0,0,0,0,0,0,0,0,0,0,0,0,0,0,0,0,0,0,0,0,0,0,0,0,59,0,62,0,0,0,0,0,0,0,0,0,0,0,0,0,0,0,0,0,0,0,0,0,0,0,0,107,-49.0,0,0,0,0,0,0,0,0,0,0,999,999,999,999,0,0,0,0,0,0,0,104,0,0,0,0,0,0,0,-49.0,0,0,0,0,-50.0,0,0,0,0,-50.0,0,0,0,0,0,0,64,0,0,0,0,0,0,0,0,0,0,0,0,0,0,0,0,0
2021-08-27 10:27:02,0,65,0,0,64,0,0,0,0,0,0,0,0,0,0,0,0,0,0,0,-48.0,0,0,0,0,-49.0,0,0,0,0,-49.0,0,0,0,0,0,0,0,61,0,-46.0,0,0,0,0,0,0,0,0,0,0,0,0,0,0,0,0,0,0,0,0,0,0,0,0,0,0,0,0,0,0,0,0,0,0,0,0,0,0,0,-49.0,0,0,0,0,0,0,0,0,0,0,0,0,0,0,0,0,0,0,0,0,0,0,0,0,0,0,62,0,74,0,0,0,0,0,0,0,0,0,0,0,0,0,0,0,0,0,0,63,0,0,333,999,999,999,-49.0,0,0,0,0,0,0,56,0,0,0,98,0,0,0,0,0,0,0,0,0,0,105,0,0,0,0,0,0,0,-49.0,0,0,0,0,-50.0,0,0,0,0,-50.0,0,0,0,0,0,0,65,0,0,0,0,0,0,0,0,0,0,0,0,0,0,0,0,0
2021-08-27 10:27:02.500000,0,65,0,0,64,0,0,0,0,0,0,0,0,0,0,0,0,0,0,0,-48.0,0,0,0,0,-49.0,0,0,0,0,-49.0,0,0,0,0,0,0,0,61,0,-46.0,0,0,0,0,0,0,0,0,0,0,0,0,0,0,0,0,0,0,0,0,0,0,0,0,0,0,0,0,0,0,0,0,0,0,0,0,0,0,0,-49.0,0,0,0,0,0,0,0,0,0,0,0,0,0,0,0,0,0,0,0,0,0,0,0,0,0,0,74,0,130,0,69,65,82,291,0,0,0,0,0,0,94,98,92,101,0,999,313,999,999,0,486,999,287,182,-49.0,60,0,0,0,0,0,0,0,0,0,0,0,0,0,0,0,0,0,0,0,0,0,0,0,0,0,0,0,0,-49.0,0,0,0,0,-50.0,0,0,0,0,-50.0,0,0,0,0,0,0,66,0,0,0,0,0,0,0,0,0,0,0,0,0,0,0,0,0
2021-08-27 10:27:03,0,65,0,0,64,0,0,0,0,0,0,0,0,0,0,0,0,0,0,0,-48.0,0,0,0,0,-49.0,0,0,0,0,-49.0,0,0,0,0,0,0,0,61,0,-46.0,0,0,0,0,0,0,0,0,0,0,0,0,0,0,0,0,0,0,0,0,0,0,0,0,0,0,0,0,0,0,0,0,0,0,0,0,0,0,0,-49.0,0,0,0,0,0,0,0,0,0,0,0,0,0,0,0,0,0,0,0,0,0,0,0,0,0,52,74,0,127,0,101,90,72,427,0,0,0,0,0,0,85,84,92,91,0,999,986,999,999,-48.0,0,0,0,0,-49.0,0,0,0,0,0,0,0,0,0,0,0,0,0,0,0,0,0,0,0,0,0,0,0,0,0,0,0,0,0,-49.0,0,0,0,0,-50.0,0,0,0,0,-50.0,0,0,0,0,0,0,66,0,0,0,0,0,0,0,0,0,0,0,0,0,0,0,0,0
2021-08-27 10:27:03.500000,0,65,0,0,64,0,0,0,0,0,0,0,0,0,0,0,0,0,0,0,-48.0,0,0,0,0,-49.0,0,0,0,0,-49.0,0,0,0,0,0,0,0,61,0,-46.0,0,0,0,0,0,0,0,0,0,0,0,0,0,0,0,0,0,0,0,0,0,0,0,0,0,0,0,0,0,0,0,0,0,0,0,0,0,0,0,-49.0,0,0,0,0,0,0,0,0,0,0,0,0,0,0,0,0,0,0,0,0,0,0,0,0,0,0,72,105,108,0,999,999,999,516,0,0,0,0,0,0,0,0,0,0,0,999,333,291,0,-48.0,0,0,0,0,-49.0,0,0,0,0,0,0,0,0,0,0,0,0,0,0,0,0,0,0,0,0,0,0,0,0,0,0,0,0,0,-49.0,0,0,0,0,-50.0,0,0,0,0,-50.0,0,0,0,0,0,0,67,0,0,0,0,0,0,0,0,0,0,0,0,0,0,0,0,0
2021-08-27 10:27:04,0,65,0,0,64,0,0,0,0,0,0,0,0,0,0,0,0,0,0,0,0,0,0,0,0,0,0,0,0,0,0,0,0,0,0,0,0,0,61,0,0,0,0,0,0,0,0,0,0,0,0,0,0,0,0,0,0,0,0,0,0,0,0,0,0,0,0,0,0,0,0,0,0,0,0,0,0,0,0,0,0,0,0,0,0,0,0,0,0,0,0,0,0,0,0,0,0,0,0,0,0,0,0,0,0,0,999,999,999,999,0,550,999,999,64,0,0,0,0,0,0,0,0,0,0,0,0,0,0,0,0,0,0,0,0,0,0,0,0,0,0,0,0,0,0,0,0,0,0,0,0,0,0,0,0,0,0,0,0,0,0,0,0,0,0,0,0,0,0,0,0,0,0,0,0,0,0,0,0,0,0,0,67,0,0,0,0,0,0,0,0,0,0,0,0,0,0,0,0,0
2021-08-27 10:27:04.500000,0,63,0,0,65,0,0,109,0,0,0,0,0,0,0,0,0,0,0,0,-48.0,0,0,0,0,-49.0,0,0,0,0,-49.0,0,0,0,0,0,0,0,61,0,-46.0,0,0,0,0,0,0,0,0,0,0,0,0,0,0,0,0,0,0,0,0,0,0,0,0,0,0,0,0,0,0,0,0,0,0,0,0,0,0,0,-49.0,0,0,0,0,0,0,0,0,0,0,0,0,0,0,0,0,0,0,0,0,107,448,58,0,0,999,999,999,999,0,64,0,0,0,0,0,0,0,0,0,0,0,0,0,0,0,0,0,0,-48.0,0,0,0,0,-49.0,0,0,0,0,0,0,0,0,0,0,0,0,0,0,0,0,0,0,0,0,0,0,0,0,0,0,0,0,0,-49.0,0,0,0,0,-50.0,0,0,0,0,-50.0,0,0,0,0,0,0,67,0,0,0,0,0,0,0,0,0,0,0,0,0,0,0,0,0
2021-08-27 10:27:05,0,64,0,0,67,0,742,745,531,177,0,0,0,0,0,0,0,0,0,0,-48.0,0,0,0,0,-49.0,0,0,0,0,-49.0,0,0,0,0,0,0,0,58,0,-46.0,0,0,0,0,0,0,0,0,0,0,0,0,0,0,0,0,0,0,0,0,0,0,0,0,0,0,0,0,0,0,0,0,0,0,0,0,0,0,0,-49.0,0,0,0,0,0,0,0,0,0,0,0,0,0,0,0,0,0,0,0,0,999,999,86,0,0,111,0,0,53,0,73,0,0,0,0,0,0,0,0,0,0,0,0,0,0,0,0,0,0,-48.0,0,0,0,0,-49.0,0,0,0,0,0,0,0,0,0,0,0,0,0,0,0,0,0,0,0,0,0,0,0,0,0,0,0,0,0,-49.0,0,0,0,0,-50.0,0,0,0,0,-50.0,0,0,0,0,0,0,68,0,0,0,0,0,0,0,0,0,0,0,0,0,0,0,0,0
2021-08-27 10:27:05.500000,0,74,247,0,96,0,999,999,999,999,0,0,0,0,0,0,0,0,0,0,-48.0,0,0,0,0,-49.0,0,0,0,0,-49.0,0,0,0,0,0,0,0,57,0,-46.0,0,0,0,0,0,0,0,0,0,0,0,0,0,0,0,0,0,0,0,0,0,0,0,0,0,0,0,0,0,0,0,0,0,0,0,0,0,0,0,-49.0,0,0,0,0,0,0,0,0,0,0,0,0,0,0,0,0,0,0,0,0,126,0,0,0,0,67,60,85,0,0,67,0,0,0,0,0,0,0,0,0,0,0,0,0,0,0,0,0,0,-48.0,0,0,0,0,-49.0,0,0,0,0,0,0,0,0,0,0,0,0,0,0,0,0,0,0,0,0,0,0,0,0,0,0,0,0,0,-49.0,0,0,0,0,-50.0,0,0,0,0,-50.0,0,0,0,0,0,0,68,0,0,0,0,0,0,0,0,0,0,0,0,0,0,0,0,0
2021-08-27 10:27:06,0,999,999,999,999,0,59,0,0,96,0,0,0,0,0,0,0,0,0,0,-48.0,0,0,0,0,-49.0,0,0,0,0,-49.0,0,0,0,0,0,0,0,53,0,-46.0,0,0,0,0,0,0,0,0,0,0,0,0,0,0,0,0,0,0,0,0,0,0,0,0,0,0,0,0,0,0,0,0,0,0,0,0,0,0,0,-49.0,0,0,0,0,0,0,0,0,0,0,0,0,0,0,0,0,0,0,0,0,0,0,0,0,0,71,62,84,0,0,66,0,0,0,0,0,0,0,0,0,0,0,0,0,0,0,0,0,0,-48.0,0,0,0,0,-49.0,0,0,0,0,0,0,0,0,0,0,0,0,0,0,0,0,0,0,0,0,0,0,0,0,0,0,0,0,0,-49.0,0,0,0,0,-50.0,0,0,0,0,-50.0,0,0,0,0,0,0,68,0,0,0,0,0,0,0,0,0,0,0,0,0,0,0,0,0
2021-08-27 10:27:06.500000,0,984,999,999,999,0,0,0,0,0,0,0,0,0,0,0,95,999,255,899,-48.0,75,103,74,0,-49.0,0,0,0,0,-49.0,0,0,0,0,0,0,0,0,0,-46.0,0,0,0,0,0,0,0,0,0,0,0,0,0,0,0,0,0,0,0,0,0,0,0,0,0,0,0,0,0,0,0,0,0,0,0,0,0,0,0,-49.0,0,0,0,0,0,0,0,0,0,0,0,0,0,0,0,0,0,0,0,0,0,0,0,0,0,71,60,86,0,0,67,0,0,0,0,0,0,0,0,0,0,0,0,0,0,0,0,0,0,-48.0,0,0,0,0,-49.0,0,0,0,0,0,0,0,0,0,0,0,0,0,0,0,0,0,0,0,0,0,0,0,0,0,0,0,0,0,-49.0,0,0,0,0,-50.0,0,0,0,0,-50.0,0,0,0,0,0,0,68,0,0,0,0,0,0,0,0,0,0,0,0,0,0,0,0,0
2021-08-27 10:27:07,0,80,142,0,67,0,0,0,0,0,0,0,0,0,0,0,0,999,999,999,-48.0,86,112,104,0,-49.0,0,0,0,0,-49.0,0,0,0,0,0,0,65,85,0,-46.0,0,0,0,0,0,0,0,0,0,0,0,0,0,0,0,0,0,0,0,0,0,0,0,0,0,0,0,0,0,0,0,0,0,0,0,0,0,0,0,-49.0,0,0,0,0,0,0,0,0,0,0,0,0,0,0,0,0,0,0,0,0,0,0,0,0,0,73,59,87,0,0,67,0,0,0,0,0,0,0,0,0,0,0,0,0,0,0,0,0,0,-48.0,0,0,0,0,-49.0,0,0,0,0,0,0,0,0,0,0,0,0,0,0,0,0,0,0,0,0,0,0,0,0,0,0,0,0,0,-49.0,0,0,0,0,-50.0,0,0,0,0,-50.0,0,0,0,0,0,0,68,0,0,0,0,0,0,0,0,0,0,0,0,0,0,0,0,0
2021-08-27 10:27:07.500000,0,66,150,0,0,0,0,0,0,0,0,0,0,0,0,0,0,999,999,732,0,240,144,592,0,0,999,0,0,999,0,0,0,0,0,0,0,52,64,0,0,0,0,0,0,0,0,0,0,0,0,0,0,0,0,0,0,0,0,0,0,0,0,0,0,0,0,0,0,0,0,0,0,0,0,0,0,0,0,0,0,0,0,0,0,0,0,0,0,0,0,0,0,0,0,0,0,0,0,0,0,0,0,0,0,0,71,59,86,0,0,67,0,0,0,0,0,0,0,0,0,0,0,0,0,0,0,0,0,0,0,0,0,0,0,0,0,0,0,0,0,0,0,0,0,0,0,0,0,0,0,0,0,0,0,0,0,0,0,0,0,0,0,0,0,0,0,0,0,0,0,0,0,0,0,0,0,0,0,0,0,0,69,0,0,0,0,0,0,0,0,0,0,0,0,0,0,0,0,0
2021-08-27 10:27:08,0,75,169,0,0,0,0,0,0,0,0,0,0,0,0,0,0,0,0,0,-48.0,118,429,506,0,-49.0,999,65,0,999,-49.0,0,0,0,0,0,0,62,68,0,-46.0,0,0,0,0,0,0,0,0,0,0,0,0,0,0,0,0,0,0,0,0,0,0,0,0,0,0,0,0,0,0,0,0,0,0,0,0,0,0,0,-49.0,0,0,0,0,0,0,0,0,0,0,0,0,0,0,0,0,0,0,0,0,0,0,0,0,0,70,59,86,0,0,68,0,0,0,0,0,0,0,0,0,0,0,0,0,0,0,0,0,0,-48.0,0,0,0,0,-49.0,0,0,0,0,0,0,0,0,0,0,0,0,0,0,0,0,0,0,0,0,0,0,0,0,0,0,0,0,0,-49.0,0,0,0,0,-50.0,0,0,0,0,-50.0,0,0,0,0,0,0,69,0,0,0,0,0,0,0,0,0,0,0,0,0,0,0,0,0
2021-08-27 10:27:08.500000,0,79,174,0,0,0,0,0,0,54,0,0,0,0,0,0,0,0,0,0,-48.0,0,0,0,0,-50.0,999,0,0,999,-49.0,844,999,999,940,0,0,0,67,0,-46.0,0,0,0,0,0,276,999,999,918,0,89,55,0,0,0,0,0,0,0,0,0,0,0,0,0,0,0,0,0,0,0,0,0,0,0,0,0,0,0,-49.0,0,0,0,0,0,0,0,0,0,0,0,0,0,0,0,0,0,0,0,0,0,0,0,0,0,70,59,86,0,0,68,0,0,0,0,0,0,0,0,0,0,0,0,0,0,0,0,0,0,-48.0,0,0,0,0,-49.0,0,0,0,0,0,0,0,0,0,0,0,0,0,0,0,0,0,0,0,0,0,0,0,0,0,0,0,0,0,-49.0,0,0,0,0,-50.0,0,0,0,0,-50.0,0,0,0,0,0,0,69,0,0,0,0,0,0,0,0,0,0,0,0,0,0,0,0,0
2021-08-27 10:27:09,0,77,173,0,0,0,0,0,0,53,0,0,0,0,0,0,0,0,51,0,-48.0,0,0,0,0,-50.0,0,0,0,0,-49.0,68,680,999,419,0,0,0,61,0,-46.0,0,0,0,0,0,0,0,0,0,0,0,0,0,0,0,0,0,0,0,0,0,0,0,0,0,0,0,0,0,0,0,0,0,0,0,0,0,0,0,-49.0,0,0,0,0,0,0,0,0,0,0,0,0,0,0,0,0,0,0,0,0,0,0,0,0,0,67,55,88,0,0,70,0,0,0,0,0,0,0,0,0,0,0,0,0,0,0,0,0,0,-48.0,0,0,0,0,-49.0,0,0,0,0,0,0,0,58,242,0,0,0,0,66,0,63,0,0,0,0,183,644,999,999,0,0,0,0,0,-49.0,0,0,0,0,-50.0,0,0,0,0,-50.0,0,0,0,0,0,0,69,0,0,0,0,0,0,0,0,0,0,0,0,0,0,0,0,0
2021-08-27 10:27:09.500000,0,79,176,0,0,0,0,0,0,54,0,0,0,0,0,0,0,0,0,0,-48.0,0,0,0,0,-50.0,0,0,0,0,-49.0,0,0,0,0,0,0,0,0,0,-46.0,0,0,0,0,0,0,0,109,0,0,0,637,0,67,0,0,0,0,0,0,0,0,0,0,0,0,0,0,0,0,0,0,0,0,0,0,0,0,0,-49.0,0,0,0,0,0,0,0,0,0,0,0,0,0,0,0,0,0,0,0,0,0,0,0,0,0,67,54,89,0,0,66,0,0,0,0,0,0,0,0,0,0,0,0,0,0,0,0,0,0,-48.0,0,0,0,0,-49.0,0,0,0,0,0,0,0,0,0,0,0,0,0,0,0,99,74,0,73,0,180,693,999,999,0,0,129,0,68,-49.0,0,0,0,0,-50.0,0,0,0,0,-50.0,0,0,0,0,-44.0,0,69,0,0,0,0,0,0,0,0,0,0,0,0,0,0,0,0,0
2021-08-27 10:27:10,0,78,177,0,0,0,0,0,0,54,0,0,0,0,0,0,0,0,51,0,0,0,0,0,0,0,0,0,0,0,0,0,0,0,0,0,0,0,0,0,0,0,0,0,0,0,0,0,0,0,0,0,0,0,0,0,0,0,0,0,0,0,0,0,0,0,0,0,0,0,0,0,0,0,0,0,0,0,0,0,0,0,0,0,0,0,0,0,0,0,0,0,0,0,0,0,0,0,0,0,0,0,0,0,0,0,66,53,89,0,0,66,0,0,0,0,0,0,0,0,0,0,0,0,0,0,0,0,0,0,0,0,0,0,0,0,0,0,0,0,0,0,0,0,0,0,0,0,0,0,0,88,58,0,78,0,107,234,999,999,0,366,999,0,999,0,389,218,243,999,0,277,68,53,93,0,0,110,0,0,0,0,0,0,74,0,0,0,0,0,0,0,0,0,0,0,0,0,0,0
2021-08-27 10:27:10.500000,0,82,181,0,51,0,0,0,0,55,0,0,0,0,0,0,0,0,0,0,-48.0,0,0,0,0,-50.0,0,0,0,0,-49.0,0,0,0,0,0,0,0,0,0,-46.0,0,0,0,0,0,0,0,0,0,0,0,0,0,0,0,0,0,0,0,0,0,0,0,0,0,0,0,0,0,0,0,0,0,0,0,0,0,0,0,-49.0,0,0,0,0,0,0,0,0,0,0,0,0,0,0,0,0,0,0,0,0,0,0,0,0,0,66,54,89,0,0,66,0,0,0,0,0,0,0,0,0,0,0,0,0,0,0,0,0,0,-48.0,0,0,0,0,-49.0,0,0,0,0,0,0,0,0,0,0,0,0,0,0,0,0,0,0,0,0,0,0,0,0,0,340,706,0,999,-49.0,395,226,99,999,-50.0,999,0,60,68,-50.0,0,416,0,0,-44.0,0,0,0,0,0,76,323,0,54,0,0,0,0,0,0,0,0,0,0
2021-08-27 10:27:11,0,82,182,0,52,0,0,0,0,55,0,0,0,0,0,0,0,0,0,0,-48.0,0,0,0,0,-50.0,0,0,0,0,-49.0,0,0,0,0,0,0,0,0,0,-46.0,0,0,0,0,0,0,0,0,0,0,0,0,0,0,0,0,0,0,0,0,0,0,0,0,0,0,0,0,0,0,0,0,0,0,0,0,0,0,0,-49.0,0,0,0,0,0,0,0,0,0,0,0,0,0,0,0,0,0,0,0,0,0,0,0,0,0,65,53,88,0,0,65,0,0,0,0,0,0,0,0,0,0,0,0,0,0,0,0,0,0,-48.0,0,0,0,0,-49.0,0,0,0,0,0,0,0,0,0,0,0,0,0,0,0,0,0,0,0,0,0,0,0,0,0,0,0,0,0,-49.0,0,0,0,0,-50.0,0,0,0,0,-50.0,0,0,0,0,-44.0,0,0,0,0,0,767,999,698,999,0,97,232,74,0,0,0,0,0,0
2021-08-27 10:27:11.500000,0,83,182,0,52,0,0,0,0,55,0,0,0,0,0,0,0,0,0,0,-48.0,0,0,0,0,-50.0,0,0,0,0,-49.0,0,0,0,0,0,0,0,0,0,-46.0,0,0,0,0,0,0,0,0,0,0,0,0,0,0,0,0,0,0,0,0,0,0,0,0,0,0,0,0,0,0,0,0,0,0,0,0,0,0,0,-49.0,0,0,0,0,0,0,0,0,0,0,0,0,0,0,0,0,0,0,0,0,0,0,0,0,0,65,53,88,0,0,65,0,0,0,0,0,0,0,0,0,0,0,0,0,0,0,0,0,0,-48.0,0,0,0,0,-49.0,0,0,0,0,0,0,0,0,0,0,0,0,0,0,0,0,0,0,0,0,0,0,0,0,0,0,0,0,0,-49.0,0,0,0,0,-50.0,77,593,999,999,-50.0,0,74,0,0,-44.0,60,0,0,0,0,57,329,999,999,0,999,999,247,77,0,0,55,0,0
2021-08-27 10:27:12,0,83,183,0,52,0,0,0,0,55,0,0,0,0,0,0,0,0,0,0,-48.0,0,0,0,0,-50.0,0,0,0,0,-49.0,0,0,0,0,0,0,0,0,0,-46.0,0,0,0,0,0,0,0,0,0,0,0,0,0,0,0,0,0,0,0,0,0,0,0,0,0,0,0,0,0,0,0,0,0,0,0,0,0,0,0,-49.0,0,0,0,0,0,0,0,0,0,0,0,0,0,0,0,0,0,0,0,0,0,0,0,0,0,65,54,88,0,0,65,0,0,0,0,0,0,0,0,0,0,0,0,0,0,0,0,0,0,-48.0,0,0,0,0,-49.0,0,0,0,0,0,0,0,0,0,0,0,0,0,0,0,0,0,0,0,0,0,0,0,0,0,0,0,0,0,-49.0,0,0,0,0,-50.0,0,0,94,0,-50.0,0,0,0,0,-44.0,0,0,54,0,0,57,0,999,402,0,899,710,93,418,0,308,999,999,529
2021-08-27 10:27:12.500000,0,83,183,0,52,0,0,0,0,55,0,0,0,0,0,0,0,0,0,0,-48.0,0,0,0,0,-50.0,0,0,0,0,-49.0,0,0,0,0,0,0,0,0,0,-46.0,0,0,0,0,0,0,0,0,0,0,0,0,0,0,0,0,0,0,0,0,0,0,0,0,0,0,0,0,0,0,0,0,0,0,0,0,0,0,0,-49.0,0,0,0,0,0,0,0,0,0,0,551,259,798,142,0,0,0,0,0,0,0,0,0,0,0,65,54,88,0,0,65,0,0,0,0,0,0,0,0,0,0,0,0,0,0,0,0,0,0,-48.0,0,0,0,0,-49.0,0,0,0,0,0,0,0,0,0,0,0,0,0,0,0,0,0,0,0,0,0,0,0,0,0,0,0,0,0,-49.0,0,0,0,0,-50.0,0,0,0,0,-50.0,0,0,0,0,-44.0,68,62,64,71,0,0,0,0,0,0,0,81,54,0,0,466,120,999,994
2021-08-27 10:27:13,0,83,182,0,52,0,0,0,0,55,0,0,0,0,0,0,0,0,0,0,0,0,0,0,0,0,0,0,0,0,0,0,0,0,0,0,0,0,0,0,0,0,0,0,0,0,0,0,0,0,0,0,0,0,0,0,0,0,0,0,0,0,0,0,0,0,0,0,0,0,0,0,0,0,0,0,0,0,0,0,0,0,0,0,0,0,81,70,72,75,0,999,999,999,999,0,53,85,290,180,0,0,0,0,0,0,65,54,88,0,0,66,0,0,0,0,0,0,0,0,0,0,0,0,0,0,0,0,0,0,0,0,0,0,0,0,0,0,0,0,0,0,0,0,0,0,0,0,0,0,0,0,0,0,0,0,0,0,0,0,0,0,0,0,0,0,0,0,0,0,0,0,0,0,0,0,0,0,0,0,0,0,0,0,0,0,0,0,0,0,0,0,0,0,0,0,0,0,0,0
2021-08-27 10:27:13.500000,0,82,182,0,51,0,0,0,0,54,0,0,0,0,0,0,0,0,0,0,-48.0,0,0,0,0,-50.0,0,0,0,0,-49.0,0,0,0,0,0,0,0,0,0,-46.0,0,0,0,0,0,0,0,0,0,0,0,0,0,0,0,0,0,0,0,0,0,0,0,0,0,0,0,0,0,0,0,0,0,0,0,0,0,0,0,-49.0,0,78,61,131,0,0,0,0,0,0,255,55,0,0,0,999,999,999,999,0,0,0,0,0,0,65,54,88,0,0,66,0,0,0,0,0,0,0,0,0,0,0,0,0,0,0,0,0,0,-48.0,0,0,0,0,-49.0,0,0,0,0,0,0,0,0,0,0,0,0,0,0,0,0,0,0,0,0,0,0,0,0,0,0,0,0,0,-49.0,0,0,0,0,-50.0,0,0,0,0,-50.0,0,0,0,0,-44.0,0,0,0,0,0,0,0,0,0,0,0,0,0,0,0,0,0,0,0
2021-08-27 10:27:14,0,82,182,0,51,0,0,0,0,54,0,0,0,0,0,0,0,0,0,0,-48.0,0,0,0,0,-50.0,0,0,0,0,-49.0,0,0,0,0,0,0,0,0,0,-46.0,0,0,0,0,0,0,0,0,0,0,0,0,0,0,0,0,0,0,0,0,0,0,0,0,0,0,0,0,0,0,0,0,0,0,0,0,0,0,0,-49.0,89,999,999,999,0,0,0,0,0,0,0,0,0,0,0,999,627,267,611,0,0,0,0,0,0,65,54,88,0,0,66,0,0,0,0,0,0,0,0,0,0,0,0,0,0,0,0,0,0,-48.0,0,0,0,0,-49.0,0,0,0,0,0,0,0,0,0,0,0,0,0,0,0,0,0,0,0,0,0,0,0,0,0,0,0,0,0,-49.0,0,0,0,0,-50.0,0,0,0,0,-50.0,0,0,0,0,-44.0,0,0,0,0,0,0,0,0,0,0,0,51,0,0,0,0,0,0,0
2021-08-27 10:27:14.500000,0,82,182,0,51,0,0,0,0,54,0,0,0,0,0,0,0,0,0,0,-48.0,0,0,0,0,-50.0,0,0,0,0,-49.0,0,0,0,0,0,0,0,0,0,-46.0,0,0,0,0,0,0,0,0,0,0,0,0,0,0,0,0,0,0,0,0,0,0,0,51,0,0,0,51,86,0,999,52,0,999,0,0,667,999,0,-49.0,0,999,999,248,0,217,66,0,343,0,0,0,0,0,0,126,71,119,119,0,0,0,0,0,0,65,54,88,0,0,66,0,0,0,0,0,0,0,0,0,0,0,0,0,0,0,0,0,0,-48.0,0,0,0,0,-49.0,0,0,0,0,0,0,0,0,0,0,0,0,0,0,0,0,0,0,0,0,0,0,0,0,0,0,0,0,0,-49.0,0,0,0,0,-50.0,0,0,0,0,-50.0,0,0,0,0,-44.0,0,0,0,0,0,0,0,0,0,0,0,52,0,0,0,0,0,0,0
2021-08-27 10:27:15,0,81,181,0,0,0,0,0,0,54,0,0,0,0,0,0,0,0,0,0,-48.0,0,0,0,0,-50.0,0,0,0,0,-49.0,0,0,0,0,0,0,0,0,0,-46.0,0,0,0,0,0,0,0,0,0,0,0,0,0,0,0,0,0,0,0,0,0,0,0,51,0,54,0,69,103,0,999,53,161,999,0,0,534,999,0,-49.0,0,0,0,0,0,0,0,0,0,0,0,0,0,0,0,0,0,0,0,0,0,0,0,0,0,65,54,87,0,0,67,0,0,0,0,0,0,0,0,0,0,0,0,0,0,0,0,0,0,-48.0,0,0,0,0,-49.0,0,0,0,0,0,0,0,0,0,0,0,0,0,0,0,0,0,0,0,0,0,0,0,0,0,0,0,0,0,-49.0,0,0,0,0,-50.0,0,0,0,0,-50.0,0,0,0,0,-44.0,0,0,0,0,0,0,0,0,0,0,0,52,0,0,0,0,0,0,0
2021-08-27 10:27:15.500000,0,81,183,0,0,0,0,0,0,54,0,0,0,0,0,0,0,0,0,0,-48.0,0,0,0,0,-50.0,0,0,0,0,-49.0,0,0,0,0,0,0,0,0,0,-46.0,0,0,0,0,0,0,0,0,0,0,0,0,0,0,0,0,0,0,0,0,0,0,0,0,0,265,999,999,999,0,999,0,353,999,0,0,0,0,0,-49.0,0,0,0,0,0,0,0,0,0,0,0,0,0,0,0,0,0,0,0,0,0,0,0,0,0,64,54,87,0,0,67,0,0,0,0,0,0,0,0,0,0,0,0,0,0,0,0,0,0,-48.0,0,0,0,0,-49.0,0,0,0,0,0,0,0,0,0,0,0,0,0,0,0,0,0,0,0,0,0,0,0,0,0,0,0,0,0,-49.0,0,0,0,0,-50.0,0,0,0,0,-50.0,0,0,0,0,-44.0,0,0,0,0,0,0,0,0,0,0,0,52,0,0,0,0,0,0,0
2021-08-27 10:27:16,0,82,183,0,51,0,0,0,0,54,0,0,0,0,0,0,0,0,0,0,-48.0,0,0,0,0,-50.0,0,0,0,0,-49.0,0,0,0,0,0,0,0,0,0,-46.0,0,0,0,0,0,0,0,66,0,0,101,999,999,158,0,0,0,0,0,0,0,0,0,0,0,362,999,999,661,0,0,0,0,0,0,0,0,0,0,-49.0,0,0,0,0,0,0,0,0,0,0,0,0,0,0,0,0,0,0,0,0,0,0,0,0,0,67,56,86,0,0,65,0,0,0,0,0,0,0,0,0,0,0,0,0,0,0,0,0,0,-48.0,0,0,0,0,-49.0,0,0,0,0,0,0,0,0,0,0,0,0,0,0,0,0,0,0,0,0,161,169,0,999,0,0,0,0,0,-49.0,0,0,0,0,-50.0,0,0,0,0,-50.0,0,0,0,0,-44.0,0,0,0,0,0,0,0,0,0,0,0,53,0,0,0,0,0,0,0
2021-08-27 10:27:16.500000,0,83,183,0,51,0,0,0,0,54,0,0,0,0,0,0,0,0,0,0,-48.0,0,0,0,0,-50.0,0,0,0,0,-49.0,0,0,0,0,0,0,0,0,0,-46.0,0,0,0,0,0,0,0,57,0,0,0,999,999,0,0,0,0,0,0,0,0,0,0,0,0,0,0,0,0,0,0,0,0,0,0,0,0,0,0,-49.0,0,0,0,0,0,0,0,0,0,0,0,0,0,0,0,0,0,0,0,0,0,0,0,0,0,65,55,86,0,0,66,0,0,0,0,0,0,0,0,0,0,0,0,0,0,0,0,0,0,-48.0,0,0,0,0,-49.0,0,0,0,0,0,278,158,57,120,0,0,0,0,0,0,0,0,0,0,0,90,348,197,999,0,0,0,0,0,-49.0,0,0,0,0,-50.0,0,0,0,0,-50.0,0,0,0,0,-44.0,0,0,0,0,0,0,0,0,0,0,0,52,0,0,0,0,0,0,0
2021-08-27 10:27:17,0,83,183,0,52,0,0,0,0,54,0,0,0,0,0,0,0,0,0,0,-48.0,0,0,0,0,-50.0,0,0,0,0,-49.0,0,0,0,0,0,0,0,0,0,-46.0,0,0,0,0,0,0,0,0,0,0,0,71,64,0,0,0,0,0,0,0,0,0,0,0,0,0,0,0,0,0,0,0,0,0,0,0,0,0,0,0,0,0,0,0,0,0,0,0,0,0,0,0,0,0,0,0,0,0,0,0,0,0,0,0,0,66,55,85,0,0,65,0,0,0,0,0,0,0,0,0,0,0,0,0,0,0,0,0,0,-48.0,0,0,0,0,-49.0,0,0,0,0,0,999,999,999,559,0,58,0,0,0,0,0,0,0,0,0,0,100,0,0,0,0,0,0,0,-49.0,0,0,0,0,-50.0,0,0,0,0,-50.0,0,0,0,0,-44.0,0,0,0,0,0,0,0,0,0,0,0,53,0,0,0,0,0,0,0
2021-08-27 10:27:17.500000,0,84,185,0,53,0,0,0,0,54,0,0,0,0,0,0,0,0,0,0,-48.0,0,0,0,0,-50.0,0,0,0,0,-49.0,0,0,0,0,0,0,0,0,0,-46.0,0,0,0,0,0,0,0,0,0,0,0,0,0,0,0,0,0,0,0,0,0,0,0,0,0,0,0,0,0,0,0,0,0,0,0,0,0,0,0,0,0,0,0,0,0,0,0,0,0,0,0,0,0,0,0,0,0,0,0,0,0,0,0,0,0,62,51,88,0,0,65,0,0,0,0,0,0,0,0,0,0,0,161,0,0,0,0,0,0,-48.0,0,0,0,0,-49.0,999,999,999,85,0,119,0,0,0,0,0,0,0,0,0,0,0,0,0,0,0,0,0,0,0,0,0,0,0,-49.0,0,0,0,0,-50.0,0,0,0,0,-50.0,0,0,0,0,-44.0,0,0,0,0,0,0,0,0,0,0,0,53,0,0,0,0,0,0,0
2021-08-27 10:27:18,0,84,187,0,52,0,0,0,0,55,0,0,0,0,0,0,0,0,0,0,-48.0,0,0,0,0,-50.0,0,0,0,0,-49.0,0,0,0,0,0,0,0,0,0,-46.0,0,0,0,0,0,0,0,0,0,0,0,0,0,0,0,0,0,0,0,0,0,0,0,0,0,0,0,0,0,0,0,0,0,0,0,0,0,0,0,0,0,0,0,0,0,0,0,0,0,0,0,0,0,0,0,0,0,0,0,0,0,0,0,0,0,84,96,0,103,0,101,78,698,999,0,0,0,0,0,0,210,0,999,763,0,999,0,177,0,-48.0,0,0,0,0,-49.0,999,999,99,182,0,0,0,0,0,0,0,0,0,0,0,0,0,0,0,0,0,0,0,0,0,0,0,0,0,-49.0,0,0,0,0,-50.0,0,0,0,0,-50.0,0,0,0,0,-44.0,0,0,0,0,0,0,0,0,0,0,0,53,0,0,0,0,0,0,0
2021-08-27 10:27:18.500000,0,84,189,0,53,0,0,0,0,55,0,0,0,0,0,0,0,0,0,0,-48.0,0,0,0,0,-50.0,0,0,0,0,-49.0,0,0,0,0,0,0,0,0,0,-48.0,0,0,0,0,0,0,0,0,0,0,0,0,0,0,0,0,0,0,0,0,0,0,0,0,0,0,0,0,0,0,0,0,0,0,0,0,0,0,0,0,0,0,0,0,0,0,0,0,0,0,0,0,0,0,0,0,0,0,0,0,0,0,0,0,0,63,0,0,0,0,0,121,999,999,0,0,0,0,0,0,0,0,124,93,0,999,618,0,0,-48.0,0,0,0,0,-49.0,0,159,0,0,0,0,0,0,0,0,0,0,0,0,0,0,0,0,0,0,0,0,0,0,0,0,0,0,0,-49.0,0,0,0,0,-50.0,0,0,0,0,-50.0,0,0,0,0,-44.0,0,0,0,0,0,0,0,0,0,0,0,53,0,0,0,0,0,0,0
2021-08-27 10:27:19,0,85,184,0,53,0,0,0,0,55,0,0,0,0,0,0,0,0,0,0,-48.0,0,0,0,0,-50.0,0,0,0,0,-49.0,0,0,0,0,0,0,0,0,0,-48.0,0,0,0,0,0,0,0,0,0,0,0,0,0,0,0,0,0,0,0,0,0,0,0,0,0,0,0,0,0,0,0,0,0,0,0,0,0,0,0,0,0,0,0,0,0,0,0,0,0,0,0,0,0,0,0,0,0,0,0,0,0,0,0,0,0,157,393,999,999,0,344,315,52,0,0,0,0,0,0,0,0,0,0,0,0,0,0,0,0,-47.0,0,0,0,0,-49.0,0,0,0,0,0,0,0,0,0,0,0,0,0,0,0,0,0,0,0,0,0,0,0,0,0,0,0,0,0,-49.0,0,0,0,0,-50.0,0,0,0,0,0,0,0,0,0,-44.0,0,0,0,0,0,0,0,0,0,0,0,54,0,0,0,0,0,0,0
2021-08-27 10:27:19.500000,0,85,181,0,53,0,0,0,0,55,0,0,0,0,0,0,0,0,0,0,0,0,0,0,0,0,0,0,0,0,0,0,0,0,0,0,0,0,0,0,0,0,0,0,0,0,0,0,0,0,0,0,0,0,0,0,0,0,0,0,0,0,0,0,0,0,0,0,0,0,0,0,0,0,0,0,0,0,0,0,0,0,0,0,0,0,0,0,0,0,0,0,0,0,0,0,0,0,0,0,0,0,0,0,0,0,999,999,391,999,0,0,0,0,0,0,0,0,0,0,0,0,0,0,0,0,0,0,0,0,0,0,0,0,0,0,0,0,0,0,0,0,0,0,0,0,0,0,0,0,0,0,0,0,0,0,0,0,0,0,0,0,0,0,0,0,0,0,0,0,0,0,0,0,0,0,0,0,0,0,0,0,0,0,0,0,0,0,0,0,0,0,53,0,0,0,0,0,0,0
2021-08-27 10:27:20,0,84,169,0,54,0,0,145,0,0,0,0,0,0,0,0,0,0,0,0,-48.0,0,0,0,0,-50.0,0,0,0,0,-49.0,0,0,0,0,0,0,0,0,0,-48.0,0,0,0,0,0,0,0,0,0,0,0,0,0,0,0,0,0,0,0,0,0,0,0,0,0,0,0,0,0,0,0,0,0,0,0,0,0,0,0,0,0,0,0,0,0,0,0,0,0,0,0,0,0,0,0,0,0,0,0,0,999,999,999,0,0,119,479,0,0,0,0,0,0,0,0,0,0,0,0,0,0,0,0,0,0,0,0,0,0,-47.0,0,0,0,0,-49.0,0,0,0,0,0,0,0,0,0,0,0,0,0,0,0,0,0,0,0,0,0,0,0,0,0,0,0,0,0,-49.0,0,0,0,0,-50.0,0,0,0,0,0,0,0,0,0,-44.0,0,0,0,0,0,0,0,0,0,0,0,54,0,0,0,0,0,0,0
2021-08-27 10:27:20.500000,0,84,172,0,54,0,72,248,0,0,0,0,0,0,0,0,0,0,0,0,-48.0,0,0,0,0,-50.0,0,0,0,0,-49.0,0,0,0,0,0,0,0,0,0,-48.0,0,0,0,0,0,0,0,0,0,0,0,0,0,0,0,0,0,0,0,0,0,0,0,0,0,0,0,0,0,0,0,0,0,0,0,0,0,0,0,0,0,0,0,0,0,0,0,0,0,0,0,0,0,0,0,0,0,0,0,0,999,999,999,0,0,118,0,0,0,0,0,0,0,0,0,0,0,0,0,0,0,0,0,0,0,0,0,0,0,-47.0,0,0,0,0,-49.0,0,0,0,0,0,0,0,0,0,0,0,0,0,0,0,0,0,0,0,0,0,0,0,0,0,0,0,0,0,-49.0,0,0,0,0,-50.0,0,0,0,0,0,0,0,0,0,-44.0,0,0,0,0,0,0,0,0,0,0,0,54,0,0,0,0,0,0,0
2021-08-27 10:27:21,0,113,242,0,96,0,999,999,787,744,0,0,0,0,0,0,0,53,0,0,-48.0,0,0,0,0,-50.0,0,0,0,0,-49.0,0,0,0,0,0,0,0,0,0,-48.0,0,0,0,0,0,0,0,0,0,0,0,0,0,0,0,0,0,0,0,0,0,0,0,0,0,0,0,0,0,0,0,0,0,0,0,0,0,0,0,0,0,0,0,0,0,0,0,0,0,0,0,0,0,0,0,0,0,0,0,0,260,212,0,0,0,98,93,0,78,0,0,0,0,0,0,0,0,0,0,0,0,0,0,0,0,0,0,0,0,-47.0,0,0,0,0,-49.0,0,0,0,0,0,0,0,0,0,0,0,0,0,0,0,0,0,0,0,0,0,0,0,0,0,0,0,0,0,-49.0,0,0,0,0,-50.0,0,0,0,0,0,0,0,0,0,-44.0,0,0,0,0,0,0,0,0,0,0,0,54,0,0,0,0,0,0,0
2021-08-27 10:27:21.500000,0,679,999,999,999,0,74,0,0,0,0,0,0,0,0,0,0,101,0,81,-48.0,55,0,0,0,-50.0,0,0,0,0,-49.0,0,0,0,0,0,0,0,53,0,-48.0,0,0,0,0,0,0,0,0,0,0,0,0,0,0,0,0,0,0,0,0,0,0,0,0,0,0,0,0,0,0,0,0,0,0,0,0,0,0,0,0,0,0,0,0,0,0,0,0,0,0,0,0,0,0,0,0,0,0,0,0,0,0,0,0,0,96,90,0,72,0,0,0,0,0,0,0,0,0,0,0,0,0,0,0,0,0,0,0,0,-47.0,0,0,0,0,-49.0,0,0,0,0,0,0,0,0,0,0,0,0,0,0,0,0,0,0,0,0,0,0,0,0,0,0,0,0,0,-49.0,0,0,0,0,-50.0,0,0,0,0,0,0,0,0,0,-44.0,0,0,0,0,0,0,0,0,0,0,0,54,0,0,0,0,0,0,0
2021-08-27 10:27:22,0,437,999,999,999,0,75,0,0,0,0,0,0,0,0,0,647,999,203,999,-48.0,86,74,78,0,-50.0,0,0,0,0,-49.0,0,0,0,0,0,0,0,69,0,-48.0,0,0,0,0,0,0,0,0,0,0,0,0,0,0,0,0,0,0,0,0,0,0,0,0,0,0,0,0,0,0,0,0,0,0,0,0,0,0,0,0,0,0,0,0,0,0,0,0,0,0,0,0,0,0,0,0,0,0,0,0,0,0,0,0,0,97,90,0,72,0,0,0,0,0,0,0,0,0,0,0,0,0,0,0,0,0,0,0,0,-47.0,0,0,0,0,-49.0,0,0,0,0,0,0,0,0,0,0,0,0,0,0,0,0,0,0,0,0,0,0,0,0,0,0,0,0,0,-49.0,0,0,0,0,-50.0,0,0,0,0,0,0,0,0,0,-44.0,0,0,0,0,0,0,0,0,0,0,0,54,0,0,0,0,0,0,0
2021-08-27 10:27:22.500000,0,0,162,0,93,0,57,0,0,0,0,350,89,0,540,0,101,999,999,999,-48.0,82,119,95,0,-50.0,0,0,0,0,-49.0,0,0,0,0,0,0,0,101,0,-48.0,0,0,0,0,0,0,0,0,0,0,0,0,0,0,0,0,0,0,0,0,0,0,0,0,0,0,0,0,0,0,0,0,0,0,0,0,0,0,0,0,0,0,0,0,0,0,0,0,0,0,0,0,0,0,0,0,0,0,0,0,0,0,0,0,0,96,88,0,70,0,0,0,0,0,0,0,0,0,0,0,0,0,0,0,0,0,0,0,0,-47.0,0,0,0,0,-49.0,0,0,0,0,0,0,0,0,0,0,0,0,0,0,0,0,0,0,0,0,0,0,0,0,0,0,0,0,0,-49.0,0,0,0,0,-50.0,0,0,0,0,0,0,0,0,0,-44.0,0,0,0,0,0,0,0,0,0,0,0,54,0,0,0,0,0,0,0
2021-08-27 10:27:23,0,68,154,0,0,0,0,0,0,0,0,999,999,163,999,0,0,0,0,0,0,0,0,0,0,0,0,87,0,0,0,0,0,0,0,0,0,0,52,0,0,0,0,0,0,0,0,0,0,0,0,0,0,0,0,0,0,0,0,0,0,0,0,0,0,0,0,0,0,0,0,0,0,0,0,0,0,0,0,0,0,0,0,0,0,0,0,0,0,0,0,0,0,0,0,0,0,0,0,0,0,0,0,0,0,0,96,87,0,68,0,0,0,0,0,0,0,0,0,0,0,0,0,0,0,0,0,0,0,0,0,0,0,0,0,0,0,0,0,0,0,0,0,0,0,0,0,0,0,0,0,0,0,0,0,0,0,0,0,0,0,0,0,0,0,0,0,0,0,0,0,0,0,0,0,0,0,0,0,0,0,0,0,0,0,0,0,0,0,0,0,0,54,0,0,0,0,0,0,0
2021-08-27 10:27:23.500000,0,68,162,0,0,0,0,0,0,0,0,0,0,0,154,0,0,0,0,0,-48.0,0,0,0,0,-50.0,0,67,0,0,-49.0,0,0,0,0,0,0,0,51,0,-48.0,0,0,0,0,0,0,0,0,0,0,0,0,0,0,0,0,0,0,0,0,0,0,0,0,0,0,0,0,0,0,0,0,0,0,0,0,0,0,0,0,0,0,0,0,0,0,0,0,0,0,0,0,0,0,0,0,0,0,0,0,0,0,0,0,0,92,84,0,56,0,53,52,0,0,0,999,349,999,999,0,0,0,0,0,0,0,0,0,0,-47.0,0,0,0,0,-49.0,0,0,0,0,0,0,0,0,0,0,0,0,0,0,0,0,0,0,0,0,0,0,0,0,0,0,0,0,0,-49.0,0,0,0,0,-50.0,0,0,0,0,0,0,0,0,0,-44.0,0,0,0,0,0,0,0,0,0,0,0,54,0,0,0,0,0,0,0
2021-08-27 10:27:24,0,75,168,0,0,0,0,0,0,0,0,0,0,0,0,0,0,0,0,0,0,0,0,0,0,0,0,0,0,0,0,0,0,0,0,0,0,0,0,0,0,0,0,0,0,0,0,0,0,0,0,0,0,0,0,0,0,0,0,0,0,0,0,0,0,0,0,0,0,0,0,0,0,0,0,0,0,0,0,0,0,0,0,0,0,0,0,0,0,0,0,0,0,0,0,0,0,0,0,0,0,0,0,0,0,0,92,53,88,0,0,999,999,736,999,0,407,287,999,999,0,0,0,0,0,0,0,0,0,0,0,0,0,0,0,0,0,0,0,0,0,0,0,0,0,0,0,0,0,0,0,0,0,0,0,0,0,0,0,0,0,0,0,0,0,0,0,0,0,0,0,0,0,0,0,0,0,0,0,0,0,0,0,0,0,0,0,0,0,0,0,0,54,0,0,0,0,0,0,0
2021-08-27 10:27:24.500000,0,76,175,0,0,0,0,0,0,0,0,0,0,0,0,0,0,0,0,0,-48.0,0,0,0,0,-50.0,0,0,0,0,-49.0,0,0,0,0,0,0,0,0,0,-48.0,0,0,0,0,0,0,0,0,0,0,0,0,0,0,0,0,0,0,0,0,0,0,0,0,0,0,0,0,0,0,0,0,0,0,0,0,0,0,0,0,0,0,0,0,0,0,0,0,0,0,0,0,0,0,0,0,0,0,0,0,0,0,0,0,0,73,0,81,0,0,999,999,999,999,0,0,0,0,0,0,0,0,0,0,0,999,539,999,0,-47.0,0,0,0,0,-49.0,0,0,0,0,0,0,0,0,0,0,0,0,0,0,0,0,0,0,0,0,0,0,0,0,0,0,0,0,0,-49.0,0,0,0,0,-50.0,0,0,0,0,0,0,0,0,0,-44.0,0,0,0,0,0,0,0,0,0,0,0,54,0,0,0,0,0,0,0
2021-08-27 10:27:25,0,77,175,0,0,0,0,0,0,0,0,0,0,0,0,0,0,0,0,0,-48.0,0,0,0,0,-50.0,0,0,0,0,-49.0,0,0,0,0,0,0,0,0,0,-48.0,0,0,0,0,0,0,0,0,0,0,0,0,0,0,0,0,0,0,0,0,0,0,0,0,0,0,0,0,0,0,0,0,0,0,0,0,0,0,0,0,0,0,0,0,0,0,0,0,0,0,0,0,0,0,0,0,0,0,0,0,0,0,0,0,0,74,0,0,0,0,104,69,58,95,0,0,0,0,0,0,94,92,93,101,0,999,999,999,999,-47.0,0,0,0,0,-49.0,0,0,0,0,0,0,0,0,0,0,0,0,0,0,0,0,0,0,0,0,0,0,0,0,0,0,0,0,0,-49.0,0,0,0,0,-50.0,0,0,0,0,0,0,0,0,0,-44.0,0,0,0,0,0,0,0,0,0,0,0,54,0,0,0,0,0,0,0
2021-08-27 10:27:25.500000,0,77,176,0,0,0,0,0,0,0,0,0,0,0,0,0,0,0,0,0,-48.0,0,0,0,0,-50.0,0,0,0,0,-49.0,0,0,0,0,0,0,0,0,0,-48.0,0,0,0,0,0,0,0,0,0,0,0,0,0,0,0,0,0,0,0,0,0,0,0,0,0,0,0,0,0,0,0,0,0,0,0,0,0,0,0,0,0,0,0,0,0,0,0,0,0,0,0,0,0,0,0,0,0,0,0,0,0,0,0,0,0,73,0,0,0,0,81,0,0,62,0,0,0,0,0,0,0,340,757,511,0,999,262,999,999,-47.0,0,0,0,0,-49.0,0,0,0,0,0,0,0,0,0,0,0,0,0,0,0,0,0,0,0,0,0,0,0,0,0,0,0,0,0,-49.0,0,0,0,0,-50.0,0,0,0,0,0,0,0,0,0,-44.0,0,0,0,0,0,0,0,0,0,0,0,54,0,0,0,0,0,0,0
2021-08-27 10:27:26,0,78,176,0,0,0,0,0,0,0,0,0,0,0,0,0,0,0,0,0,-48.0,0,0,0,0,-50.0,0,0,0,0,-49.0,0,0,0,0,0,0,0,0,0,-48.0,0,0,0,0,0,0,0,0,0,0,0,0,0,0,0,0,0,0,0,0,0,0,0,0,0,0,0,0,0,0,0,0,0,0,0,0,0,0,0,0,0,0,0,0,0,0,0,0,0,0,0,0,0,0,0,0,0,0,0,0,0,0,0,0,0,70,0,0,0,0,0,0,0,0,0,0,0,0,0,0,606,999,999,999,0,111,0,0,76,-47.0,0,0,0,0,-49.0,0,0,0,0,0,0,0,0,0,0,0,0,0,0,0,0,0,0,0,0,0,0,0,0,0,0,0,0,0,-49.0,0,0,0,0,-50.0,0,0,0,0,0,0,0,0,0,-44.0,0,0,0,0,0,0,0,0,0,0,0,54,0,0,0,0,0,0,0
2021-08-27 10:27:26.500000,0,78,177,0,0,0,0,0,0,0,0,0,0,0,0,0,0,0,0,0,-48.0,0,0,0,0,-50.0,349,999,0,561,-49.0,0,0,0,0,0,0,0,0,0,-48.0,0,0,0,0,0,0,0,0,0,0,0,0,0,0,0,0,0,0,0,0,0,0,0,0,0,0,0,0,0,0,0,0,0,0,0,0,0,0,0,0,0,0,0,0,0,0,0,0,0,0,0,0,0,0,0,0,0,0,0,0,0,0,0,0,0,72,0,0,0,0,0,0,0,0,0,0,0,0,0,0,0,0,62,67,0,0,0,0,0,-47.0,0,0,0,0,-49.0,0,0,0,0,0,0,0,0,0,0,0,0,0,0,0,0,0,0,0,0,0,0,0,0,0,0,0,0,0,-49.0,0,0,0,0,-50.0,0,0,0,0,0,0,0,0,0,-44.0,0,0,0,0,0,0,0,0,0,0,0,54,0,0,0,0,0,0,0
2021-08-27 10:27:27,0,79,185,0,0,0,0,0,0,0,0,0,0,0,0,0,0,77,54,96,-48.0,66,77,102,0,-50.0,999,999,0,999,-49.0,0,0,0,0,0,0,0,0,0,-48.0,0,0,0,0,0,0,0,0,0,0,0,0,0,0,0,0,0,0,0,0,0,0,0,0,0,0,0,0,0,0,0,0,0,0,0,0,0,0,0,0,0,0,0,0,0,0,0,0,0,0,0,0,0,0,0,0,0,0,0,0,0,0,0,0,0,72,0,0,0,0,0,0,0,0,0,0,0,0,0,0,0,0,0,0,0,0,0,0,0,-47.0,0,0,0,0,-49.0,0,0,0,0,0,0,0,0,0,0,0,0,0,0,0,0,0,0,0,0,0,0,0,0,0,0,0,0,0,-49.0,0,0,0,0,-50.0,0,0,0,0,0,0,0,0,0,-44.0,0,0,0,0,0,0,0,0,0,0,0,54,0,0,0,0,0,0,0
2021-08-27 10:27:27.500000,0,82,244,68,0,0,0,0,0,0,0,0,0,0,0,0,0,0,74,54,-48.0,999,999,999,999,-50.0,132,0,0,0,-49.0,0,0,0,0,0,74,0,68,0,-48.0,0,0,0,0,0,0,0,0,0,0,0,0,0,0,0,0,0,0,0,0,0,0,0,0,0,0,0,0,0,0,0,0,0,0,0,0,0,0,0,0,0,0,0,0,0,0,0,0,0,0,0,0,0,0,0,0,0,0,0,0,0,0,0,0,0,70,0,0,0,0,0,0,0,0,0,0,0,0,0,0,0,0,0,0,0,0,0,0,0,-47.0,0,0,0,0,-49.0,0,0,0,0,0,0,0,0,0,0,0,0,0,0,0,0,0,0,0,0,0,0,0,0,0,0,0,0,0,-49.0,0,0,0,0,-50.0,0,0,0,0,0,0,0,0,0,-44.0,0,0,0,0,0,0,0,0,0,0,0,54,0,0,0,0,0,0,0
2021-08-27 10:27:28,0,71,207,0,0,0,0,0,0,0,0,0,0,0,0,0,0,0,69,0,-48.0,0,0,0,133,-50.0,0,0,0,0,-49.0,0,0,0,0,0,999,999,787,999,-48.0,0,0,0,0,0,0,0,0,0,0,0,0,0,0,0,0,0,0,0,0,0,0,0,0,0,0,0,0,0,0,0,0,0,0,0,0,0,0,0,0,0,0,0,0,0,0,0,0,0,0,0,0,0,0,0,0,0,0,0,0,0,0,0,0,0,70,0,0,0,0,0,0,0,0,0,0,0,0,0,0,0,0,0,0,0,0,0,0,0,-47.0,0,0,0,0,-49.0,0,0,0,0,0,0,0,0,0,0,0,0,0,0,0,0,0,0,0,0,0,0,0,0,0,0,0,0,0,-49.0,0,0,0,0,-50.0,0,0,0,0,0,0,0,0,0,-44.0,0,0,0,0,0,0,0,0,0,0,0,54,0,0,0,0,0,0,0
2021-08-27 10:27:28.500000,0,68,199,0,0,0,0,0,0,0,0,0,0,0,0,0,0,0,0,0,-48.0,0,0,54,126,-50.0,0,0,0,0,-49.0,926,355,0,999,0,999,999,999,999,-48.0,0,0,0,0,0,0,0,0,0,0,0,0,0,0,0,0,0,0,0,0,0,0,0,0,0,0,0,0,0,0,0,0,0,0,0,0,0,0,0,0,0,0,0,0,0,0,0,0,0,0,0,0,0,0,0,0,0,0,0,0,0,0,0,0,0,70,0,0,0,0,0,0,0,0,0,0,0,0,0,-49.0,0,0,0,0,0,0,0,0,0,-47.0,0,0,0,0,-49.0,0,0,0,0,0,0,0,0,0,0,0,0,0,0,0,0,0,0,0,0,0,0,0,0,0,0,0,0,0,-49.0,0,0,0,0,-50.0,0,0,0,0,0,0,0,0,0,-44.0,0,0,0,0,0,0,0,0,0,0,0,54,0,0,0,0,0,0,0
2021-08-27 10:27:29,0,72,206,0,0,0,0,0,0,0,0,0,0,0,0,0,0,0,0,0,0,0,0,0,0,0,0,0,0,0,0,999,999,717,999,0,112,0,392,75,0,0,0,0,0,0,0,0,0,0,0,0,0,0,0,0,0,0,0,0,0,0,0,0,0,0,0,0,0,0,0,0,0,0,0,0,0,0,0,0,0,0,0,0,0,0,0,0,0,0,0,0,0,0,0,0,0,0,0,0,0,0,0,0,0,0,70,0,0,0,0,0,0,0,0,0,0,0,0,0,0,0,0,0,0,0,0,0,0,0,0,0,0,0,0,0,0,0,0,0,0,0,0,0,0,0,0,0,0,0,0,0,0,0,0,0,0,0,0,0,0,0,0,0,0,0,0,0,0,0,0,0,0,0,0,0,0,0,0,0,0,0,0,0,0,0,0,0,0,0,0,0,54,0,0,0,0,0,0,0
2021-08-27 10:27:29.500000,0,71,207,0,0,0,0,0,0,0,0,0,0,0,0,0,0,0,0,0,-48.0,0,0,0,0,-50.0,0,0,0,0,-49.0,417,308,538,142,0,0,90,70,0,-48.0,0,0,0,0,0,0,0,0,0,0,0,0,0,0,0,0,0,0,0,0,0,0,0,0,0,0,0,0,0,0,0,0,0,0,0,0,0,0,0,0,0,0,0,0,0,0,0,0,0,0,0,0,0,0,0,0,0,0,0,0,0,0,0,0,0,70,0,0,0,0,0,0,0,0,0,0,0,0,0,-49.0,0,0,0,0,0,0,0,0,0,-47.0,0,0,0,0,-49.0,840,216,999,999,0,0,0,0,0,0,0,0,0,0,0,0,0,0,0,0,0,0,0,0,0,0,0,0,0,-49.0,0,0,0,0,-50.0,0,0,0,0,0,0,0,0,0,-44.0,0,0,0,0,0,0,0,0,0,0,0,54,0,0,0,0,0,0,0
2021-08-27 10:27:30,0,73,209,0,0,0,0,0,0,0,0,0,0,0,0,0,0,0,0,0,-48.0,0,0,0,0,-50.0,0,0,0,0,-49.0,0,0,0,0,0,0,89,67,0,-48.0,0,0,0,0,0,0,0,0,0,0,0,0,0,0,0,0,0,0,0,0,0,0,0,0,0,0,0,0,0,0,0,0,0,0,0,0,0,0,0,0,0,0,0,0,0,0,0,0,0,0,0,0,0,0,0,0,0,0,0,0,0,0,0,0,0,72,0,0,0,0,51,0,0,0,0,0,0,0,0,-49.0,0,0,0,0,0,0,0,0,0,-47.0,999,999,370,999,-49.0,999,999,999,999,0,0,0,0,0,0,0,0,0,0,0,0,0,0,0,0,0,0,0,0,0,0,0,0,0,-49.0,0,0,0,0,-50.0,0,0,0,0,0,0,0,0,0,-44.0,0,0,0,0,0,0,0,0,0,0,0,54,0,0,0,0,0,0,0
2021-08-27 10:27:30.500000,0,74,210,0,0,0,0,0,0,0,0,0,0,0,0,-50.0,0,0,0,0,-48.0,0,0,0,0,-50.0,0,0,0,0,-49.0,0,0,0,0,0,0,86,65,0,-48.0,0,0,0,0,0,0,0,0,0,0,0,0,0,0,0,0,0,0,0,0,0,0,0,0,0,0,0,0,0,0,0,0,0,0,0,0,0,0,0,0,0,0,0,0,0,0,0,0,0,0,0,0,0,0,0,0,0,0,0,0,0,0,0,0,0,72,0,0,0,0,0,0,0,0,0,0,0,0,0,-49.0,0,0,0,0,0,0,0,0,0,-47.0,548,999,999,999,-49.0,62,51,60,67,0,0,0,0,0,0,487,594,0,411,0,52,0,0,0,0,0,68,0,0,0,0,0,0,0,-49.0,0,0,0,0,-50.0,0,0,0,0,0,0,0,0,0,-44.0,0,0,0,0,0,0,0,0,0,0,0,54,0,0,0,0,0,0,0
2021-08-27 10:27:31,0,74,210,0,0,0,0,0,0,0,0,0,0,0,0,-50.0,0,0,0,0,-48.0,0,0,0,0,-50.0,0,0,0,0,-49.0,0,0,0,0,0,0,86,64,0,-48.0,0,0,0,0,0,0,0,0,0,0,0,0,0,0,0,0,0,0,0,0,0,0,0,0,0,0,0,0,0,0,0,0,0,0,0,0,0,0,0,0,0,0,0,0,0,0,0,0,0,0,0,0,0,0,0,0,0,0,0,0,0,0,0,0,0,72,0,0,0,0,0,0,0,0,0,0,0,0,0,-49.0,0,0,0,0,0,0,0,0,0,-47.0,0,0,198,0,-49.0,0,0,0,0,0,0,0,0,0,0,999,999,847,999,0,59,0,0,0,0,0,88,0,0,0,0,0,0,0,-49.0,0,0,0,0,-50.0,0,0,0,0,0,0,0,0,0,-44.0,0,0,0,0,0,0,0,0,0,0,0,54,0,0,0,0,0,0,0
2021-08-27 10:27:31.500000,0,75,211,0,0,0,0,0,0,0,0,0,0,0,0,-50.0,0,0,0,0,-48.0,0,0,0,0,-50.0,0,0,0,0,-49.0,0,0,0,0,0,0,86,63,0,-48.0,0,0,0,0,0,0,0,0,0,0,0,0,0,0,0,0,0,0,0,0,0,0,0,0,0,0,0,0,0,0,0,0,0,0,0,0,0,0,0,0,0,0,0,0,0,0,0,0,0,0,0,0,0,0,0,0,0,0,0,0,0,0,0,0,0,72,0,0,0,0,0,0,0,0,0,0,0,0,0,-49.0,0,0,0,0,0,0,0,0,0,-47.0,0,0,0,0,-49.0,0,0,0,0,0,109,493,999,999,0,983,793,392,999,0,55,0,0,0,0,0,115,0,0,0,0,0,0,0,-49.0,0,0,0,0,-50.0,0,0,0,0,0,0,0,0,0,-44.0,0,0,0,0,0,0,0,0,0,0,0,54,0,0,0,0,0,0,0
2021-08-27 10:27:32,0,75,211,0,0,0,0,0,0,0,0,0,0,0,0,-50.0,0,0,0,0,-48.0,0,0,0,0,-50.0,0,0,0,0,-49.0,0,0,0,0,0,0,85,64,0,-48.0,0,0,0,0,0,0,0,0,0,0,0,0,0,0,0,0,0,0,0,0,0,0,0,0,0,0,0,0,0,0,0,0,0,0,0,0,0,0,0,0,0,0,0,0,0,0,0,0,0,0,0,0,0,0,0,0,0,0,0,0,0,0,0,0,0,72,0,0,0,0,0,0,0,0,0,0,0,0,0,-49.0,0,0,0,0,0,0,0,0,0,-47.0,0,0,0,0,-49.0,0,0,0,0,0,346,231,999,999,0,114,101,70,119,0,0,0,0,0,0,0,95,0,0,0,0,0,0,0,-49.0,0,0,0,0,-50.0,0,0,0,0,0,0,0,0,0,-44.0,0,0,0,0,0,0,0,0,0,0,0,54,0,0,0,0,0,0,0
2021-08-27 10:27:32.500000,0,75,211,0,0,0,0,0,0,0,0,0,0,0,0,-50.0,0,0,0,0,-48.0,0,0,0,0,-50.0,0,0,0,0,-49.0,0,0,0,0,0,0,85,67,0,-48.0,0,0,0,0,0,999,999,999,999,0,0,0,0,0,0,0,0,0,0,0,0,0,0,0,0,0,0,0,0,0,0,0,0,0,0,0,0,0,0,0,0,0,0,0,0,0,0,0,0,0,0,0,0,0,0,0,0,0,0,0,0,0,0,0,0,73,0,0,0,0,0,0,0,0,0,0,0,0,0,-49.0,0,0,0,0,0,0,0,0,0,-47.0,0,0,0,0,-49.0,0,0,0,0,0,0,0,0,0,0,0,0,0,0,0,0,0,0,0,0,0,0,0,0,0,0,0,0,0,-49.0,0,0,0,0,-50.0,0,0,0,0,0,0,0,0,0,-44.0,0,0,0,0,0,0,0,0,0,0,0,54,0,0,0,0,0,0,0
2021-08-27 10:27:33,0,72,207,0,0,0,0,0,0,0,0,0,0,0,0,0,0,0,0,0,0,0,0,0,54,0,0,0,0,0,0,0,0,0,0,0,0,86,79,0,0,953,999,999,999,0,999,905,120,999,0,0,0,0,0,0,0,0,0,0,0,0,0,0,0,0,0,0,0,0,0,0,0,0,0,0,0,0,0,0,0,0,0,0,0,0,0,0,0,0,0,0,0,0,0,0,0,0,0,0,0,0,0,0,0,0,73,0,0,0,0,0,0,0,0,0,0,0,0,0,0,0,0,0,0,0,0,0,0,0,0,0,0,0,0,0,0,0,0,0,0,0,0,0,0,0,0,0,0,0,0,0,0,0,0,0,0,0,0,0,0,0,0,0,0,0,0,0,0,0,0,0,0,0,0,0,0,0,0,0,0,0,0,0,0,0,0,0,0,0,0,0,54,0,0,0,0,0,0,0
2021-08-27 10:27:33.500000,0,69,205,0,0,0,0,0,0,0,0,0,0,0,0,-50.0,0,0,0,0,-48.0,0,0,0,53,-50.0,0,0,0,0,-49.0,0,0,0,0,0,0,89,70,0,-48.0,714,977,999,999,0,0,0,0,0,0,0,0,0,0,0,999,433,155,999,0,0,0,0,0,0,0,0,0,0,0,0,0,0,0,0,0,0,0,0,0,0,0,0,0,0,0,0,0,0,0,0,0,0,0,0,0,0,0,0,0,0,0,0,0,0,73,0,0,0,0,0,0,0,0,0,0,0,0,0,-49.0,0,0,0,0,0,0,0,0,0,-47.0,0,0,0,0,-49.0,0,0,0,0,0,0,0,0,0,0,0,0,0,0,0,0,0,0,0,0,0,0,0,0,0,0,0,0,0,-49.0,0,0,0,0,-50.0,0,0,0,0,0,0,0,0,0,-44.0,0,0,0,0,0,0,0,0,0,0,0,54,0,0,0,0,0,0,0
2021-08-27 10:27:34,0,68,204,0,0,0,0,0,0,0,0,0,0,0,0,-50.0,0,0,0,0,-48.0,0,0,0,54,-50.0,0,0,0,0,-49.0,0,0,0,0,0,0,88,0,0,-48.0,0,0,0,0,0,0,0,0,0,0,0,0,0,0,0,999,860,628,999,0,54,71,0,0,0,0,0,0,0,0,0,0,0,0,0,0,0,0,0,0,0,0,0,0,0,0,0,0,0,0,0,0,0,0,0,0,0,0,0,0,0,0,0,0,0,73,0,0,0,0,0,0,0,0,0,0,0,0,0,-49.0,0,0,0,0,0,0,0,0,0,-47.0,0,0,0,0,-49.0,0,0,0,0,0,0,0,0,0,0,0,0,0,0,0,0,0,0,0,0,0,0,0,0,0,0,0,0,0,-49.0,0,0,0,0,-50.0,0,0,0,0,0,0,0,0,0,-44.0,0,0,0,0,0,0,0,0,0,0,0,54,0,0,0,0,0,0,0
2021-08-27 10:27:34.500000,0,73,209,0,0,0,0,0,0,0,0,0,0,0,0,-50.0,0,0,0,0,-48.0,0,0,0,52,-50.0,0,0,0,0,-49.0,0,0,0,0,0,0,88,0,0,-48.0,0,0,0,61,0,0,0,0,0,0,999,999,845,999,0,115,223,536,204,0,78,79,0,0,0,0,0,0,0,0,0,0,0,0,0,0,0,0,0,0,0,0,0,0,0,0,0,0,0,0,0,0,0,0,0,0,0,0,0,0,0,0,0,0,0,73,0,0,0,0,0,0,0,0,0,0,0,0,0,-49.0,0,0,0,0,0,0,0,0,0,-47.0,0,0,0,0,-49.0,0,0,0,0,0,0,0,0,0,0,0,0,0,0,0,0,0,0,0,0,0,0,0,0,0,0,0,0,0,-49.0,0,0,0,0,-50.0,0,0,0,0,0,0,0,0,0,-44.0,0,0,0,0,0,0,0,0,0,0,0,54,0,0,0,0,0,0,0
2021-08-27 10:27:35,0,72,209,0,0,0,0,0,0,0,0,0,0,0,0,-50.0,0,0,0,0,-48.0,0,0,0,0,-50.0,0,0,0,0,-49.0,0,0,0,0,0,0,88,53,0,-48.0,0,0,0,0,0,0,0,0,0,0,999,308,689,213,0,86,95,0,0,0,0,0,0,0,0,0,0,0,0,0,0,0,0,0,0,0,0,0,0,0,0,0,0,0,0,0,0,0,0,0,0,0,0,0,0,0,0,0,0,0,0,0,0,0,0,73,0,0,0,0,0,0,0,0,0,0,0,0,0,-49.0,0,0,0,0,0,0,0,0,0,-47.0,0,0,0,0,-49.0,0,0,0,0,0,0,0,0,0,0,0,0,0,0,0,0,0,0,0,0,135,0,0,191,0,0,0,0,0,-49.0,0,0,0,0,-50.0,0,0,0,0,0,0,0,0,0,-44.0,0,0,0,0,0,0,0,0,0,0,0,52,0,0,0,0,0,0,0
2021-08-27 10:27:35.500000,0,73,209,0,0,0,0,0,0,0,0,0,0,0,0,-50.0,0,0,0,0,-48.0,0,0,0,0,-50.0,0,0,0,0,-49.0,0,0,0,0,0,0,89,52,0,-48.0,0,0,0,0,0,0,0,0,0,0,55,102,0,0,0,80,85,0,0,0,0,0,0,0,0,0,0,0,0,0,0,0,0,0,0,0,0,0,0,0,0,0,0,0,0,0,0,0,0,0,0,0,0,0,0,0,0,0,0,0,0,0,0,0,0,73,0,0,0,0,0,0,0,0,0,0,0,0,0,-49.0,0,0,0,0,0,0,0,0,0,-47.0,0,0,0,0,-49.0,0,0,0,0,0,0,0,59,59,0,0,0,0,0,0,118,52,0,62,0,209,810,999,999,0,0,0,0,0,-49.0,0,0,0,0,-50.0,0,0,0,0,0,0,0,0,0,-44.0,0,0,0,0,0,0,0,0,0,0,0,55,0,0,0,0,0,0,0
2021-08-27 10:27:36,0,75,211,0,0,0,0,0,0,0,0,0,0,0,0,-50.0,0,0,0,0,-48.0,0,0,0,0,-50.0,0,0,0,0,-49.0,0,0,0,0,0,0,86,0,0,-48.0,0,0,0,0,0,0,0,0,0,0,0,0,0,0,0,58,0,0,0,0,0,0,0,0,0,0,0,0,0,0,0,0,0,0,0,0,0,0,0,0,0,0,0,0,0,0,0,0,0,0,0,0,0,0,0,0,0,0,0,0,0,0,0,0,0,72,0,0,0,0,0,0,0,0,0,0,0,0,0,-49.0,0,0,0,0,0,0,0,0,0,-47.0,0,0,0,0,-49.0,0,0,0,0,0,0,0,0,0,0,0,0,0,0,0,999,999,999,999,0,104,370,750,494,0,0,0,0,0,-49.0,0,0,0,0,-50.0,0,0,0,0,0,0,0,0,0,-44.0,0,0,0,0,0,0,0,0,0,0,0,56,0,0,0,0,0,0,0
2021-08-27 10:27:36.500000,0,75,211,0,0,0,0,0,0,0,0,0,0,0,0,-50.0,0,0,0,0,-48.0,0,0,0,0,-50.0,0,0,0,0,-49.0,0,0,0,0,0,0,86,0,0,-48.0,0,0,0,0,0,0,0,0,0,0,0,0,0,0,0,59,51,0,0,0,0,0,0,0,0,0,0,0,0,0,0,0,0,0,0,0,0,0,0,0,0,0,0,0,0,0,0,0,0,0,0,0,0,0,0,0,0,0,0,0,0,0,0,0,0,71,0,0,0,0,0,0,0,0,0,0,0,0,0,-49.0,0,0,0,0,0,0,0,0,0,-47.0,0,0,0,0,-49.0,0,0,0,0,0,0,0,0,0,0,0,0,0,0,0,0,124,711,659,0,0,0,0,60,0,0,0,0,0,-49.0,999,430,999,999,-50.0,0,0,0,0,0,0,0,0,0,-44.0,0,0,0,0,0,0,0,0,0,0,0,57,0,0,0,0,0,0,0
2021-08-27 10:27:37,0,75,211,0,0,0,0,0,0,0,0,0,0,0,0,0,0,0,0,0,0,0,0,0,0,0,0,0,0,0,0,0,0,0,0,0,0,85,0,0,0,0,0,0,0,0,0,0,0,0,0,0,0,0,0,0,60,51,0,0,0,0,0,0,0,0,0,0,0,0,0,0,0,0,0,0,0,0,0,0,0,0,0,0,0,0,0,0,0,0,0,0,0,0,0,0,0,0,0,0,0,0,0,0,0,0,72,0,0,0,0,0,0,0,0,0,0,0,0,0,0,0,0,0,0,0,0,0,0,0,0,0,0,0,0,0,0,0,0,0,0,0,0,0,0,0,0,0,0,0,0,0,0,58,0,0,0,0,0,0,0,0,98,0,370,0,999,278,999,999,0,0,0,0,0,0,0,0,0,0,0,0,0,0,0,0,0,0,0,0,0,0,57,0,0,0,0,0,0,0
2021-08-27 10:27:37.500000,0,75,211,0,0,0,0,0,0,0,0,0,0,0,0,-50.0,0,0,0,0,-48.0,0,0,0,0,-50.0,0,0,0,0,-49.0,0,0,0,0,0,0,85,0,0,-48.0,0,0,0,0,0,0,0,0,0,0,0,0,0,0,0,62,0,0,0,0,0,0,0,0,0,0,0,0,0,0,0,0,0,0,0,0,0,0,0,0,0,0,0,0,0,0,0,0,0,0,0,0,0,0,0,0,0,0,0,0,0,0,0,0,0,72,0,0,0,0,0,0,0,0,0,0,0,0,0,-49.0,0,0,0,0,0,0,0,0,0,-47.0,0,0,0,0,-49.0,0,0,0,0,0,0,0,0,0,0,0,0,0,0,0,0,0,0,0,0,0,0,0,0,0,956,969,0,999,-49.0,138,0,0,0,-50.0,0,0,0,0,0,0,124,0,0,-44.0,0,0,0,0,0,0,0,0,0,0,0,54,0,0,0,0,0,0,0
2021-08-27 10:27:38,0,75,211,0,0,0,0,0,0,0,0,0,0,0,0,0,0,0,0,0,0,0,0,0,0,0,0,0,0,0,0,0,0,0,0,0,0,85,0,0,0,0,0,0,0,0,0,0,0,0,0,0,0,0,0,0,68,0,0,0,0,0,0,0,0,0,999,999,373,232,0,0,0,0,0,0,0,0,0,0,0,0,0,0,0,0,0,0,0,0,0,0,0,0,0,0,0,0,0,0,0,0,0,0,0,0,72,0,0,0,0,0,0,0,0,0,0,0,0,0,0,0,0,0,0,0,0,0,0,0,0,0,0,0,0,0,0,0,0,0,0,0,0,0,0,0,0,0,0,0,0,0,0,0,0,0,0,0,0,0,0,55,0,0,146,0,60,0,0,0,0,0,0,0,0,0,0,0,0,0,0,0,0,0,0,0,0,0,0,0,0,0,54,0,0,0,0,0,0,0
2021-08-27 10:27:38.500000,0,75,211,0,0,0,0,0,0,0,0,0,0,0,0,-50.0,0,0,0,0,-48.0,0,0,0,0,-50.0,0,0,0,0,-49.0,0,0,0,0,0,0,86,0,0,-48.0,0,0,0,0,0,0,0,0,0,0,0,0,0,0,0,72,0,0,0,0,81,883,64,0,0,999,999,325,890,0,0,0,0,0,0,0,0,0,0,0,0,0,0,0,0,0,0,0,0,0,0,0,0,0,0,0,0,0,0,0,0,0,0,0,0,73,0,0,0,0,0,0,0,0,0,0,0,0,0,-49.0,0,0,0,0,0,0,0,0,0,-47.0,0,0,0,0,-49.0,0,0,0,0,0,0,0,0,0,0,0,0,0,0,0,0,0,0,0,0,0,0,0,0,0,0,0,0,0,-49.0,0,0,0,0,-50.0,0,0,0,0,0,0,0,0,0,-44.0,0,0,0,0,0,0,0,0,0,0,0,57,0,0,0,0,0,0,0
2021-08-27 10:27:39,0,74,210,0,0,0,0,0,0,0,0,0,0,0,0,-50.0,0,0,0,0,-48.0,0,0,0,51,-50.0,0,0,0,0,-49.0,0,0,0,0,0,0,87,0,0,-48.0,0,0,0,0,0,0,0,0,0,0,0,0,0,0,0,110,57,74,81,0,656,999,999,999,0,0,0,0,0,0,0,0,0,0,0,0,0,0,0,0,53,0,0,0,0,0,0,0,0,0,0,0,0,0,0,0,0,0,0,0,0,0,0,0,0,73,0,0,0,0,0,0,0,0,0,0,0,0,0,-49.0,0,0,0,0,0,0,0,0,0,-47.0,0,0,0,0,-49.0,0,0,0,0,0,0,0,0,0,0,0,0,0,0,0,0,0,0,0,0,0,0,0,0,0,0,0,0,0,-49.0,0,0,0,0,-50.0,0,0,0,0,0,0,0,0,0,-44.0,0,0,0,0,0,0,0,0,0,0,0,57,0,0,0,0,0,0,0
2021-08-27 10:27:39.500000,0,73,208,0,0,0,0,0,0,0,0,0,0,0,0,0,0,0,0,0,0,0,0,0,0,0,0,0,0,0,0,0,0,0,0,0,0,88,52,0,0,0,0,0,0,0,0,0,0,0,0,0,0,0,0,0,57,0,0,0,0,501,999,999,999,0,0,0,0,0,0,0,0,0,0,0,999,286,229,943,0,135,111,72,63,0,0,0,0,0,0,0,0,0,0,0,0,0,0,0,0,0,0,0,0,0,73,0,0,0,0,0,0,0,0,0,0,0,0,0,0,0,0,0,0,0,0,0,0,0,0,0,0,0,0,0,0,0,0,0,0,0,0,0,0,0,0,0,0,0,0,0,0,0,0,0,0,0,0,0,0,0,0,0,0,0,0,0,0,0,0,0,0,0,0,0,0,0,0,0,0,0,0,0,0,0,0,0,0,0,0,0,57,0,0,0,0,0,0,0
2021-08-27 10:27:40,0,73,208,0,0,0,0,0,0,0,0,0,0,0,0,-50.0,0,0,0,0,-48.0,0,0,0,0,-50.0,0,0,0,0,-49.0,0,0,0,0,0,0,88,53,0,-48.0,0,0,0,0,0,0,0,0,0,0,0,0,0,0,0,0,0,0,0,0,0,0,0,0,0,0,0,0,60,0,999,0,168,746,0,999,556,999,999,0,143,109,99,73,0,0,0,0,0,0,0,0,0,0,0,0,0,0,0,0,0,0,0,0,0,73,0,0,0,0,0,0,0,0,0,0,0,0,0,-49.0,0,0,0,0,0,0,0,0,0,-47.0,0,0,0,0,-49.0,0,0,0,0,0,0,0,0,0,0,0,0,0,0,0,0,0,0,0,0,0,0,0,0,0,0,0,0,0,-49.0,0,0,0,0,-50.0,0,0,0,0,0,0,0,0,0,-44.0,0,0,0,0,0,0,0,0,0,0,0,57,0,0,0,0,0,0,0
2021-08-27 10:27:40.500000,0,71,207,0,0,0,0,0,0,0,0,0,0,0,0,-50.0,0,0,0,0,-48.0,0,0,0,0,-50.0,0,0,0,0,-49.0,0,0,0,0,0,0,89,53,0,-48.0,0,0,0,0,0,0,0,0,0,0,0,0,0,0,0,0,0,0,0,0,0,0,0,55,0,61,0,56,86,0,999,741,999,999,0,0,0,0,0,0,0,0,0,0,0,0,0,0,0,0,0,0,0,0,0,0,0,0,0,0,0,0,0,0,0,73,0,0,0,0,0,0,0,0,0,0,0,0,0,-49.0,0,0,0,0,0,0,0,0,0,-47.0,0,0,0,0,-49.0,0,0,0,0,0,0,0,0,0,0,0,0,0,0,0,0,0,0,0,0,0,0,0,0,0,0,0,0,0,-49.0,0,0,0,0,-50.0,0,0,0,0,0,0,0,0,0,-44.0,0,0,0,0,0,0,0,0,0,0,0,57,0,0,0,0,0,0,0
2021-08-27 10:27:41,0,73,209,0,0,0,0,0,0,0,0,0,0,0,0,-50.0,0,0,0,0,-48.0,0,0,0,0,-50.0,0,0,0,0,-49.0,0,0,0,0,0,0,88,51,0,-48.0,0,0,0,0,0,0,0,0,0,0,0,0,0,0,0,0,0,0,0,0,0,0,0,0,0,54,0,52,78,0,125,63,0,78,0,0,0,0,0,0,0,0,0,0,0,0,0,0,0,0,0,0,0,0,0,0,0,0,0,0,0,0,0,0,0,73,0,0,0,0,0,0,0,0,0,0,0,0,0,-49.0,0,0,0,0,0,0,0,0,0,-47.0,0,0,0,0,0,0,0,0,0,0,0,0,0,0,0,0,0,0,0,0,0,0,0,0,0,0,0,0,0,0,0,0,0,0,-49.0,0,0,0,0,-50.0,0,0,0,0,0,612,480,236,999,-44.0,0,0,0,0,0,66,0,0,0,0,0,52,0,0,0,0,0,0,0
2021-08-27 10:27:41.500000,0,75,211,0,0,0,0,0,0,0,0,0,0,0,0,0,0,0,0,0,0,0,0,0,0,0,0,0,0,0,0,0,0,0,0,0,0,86,0,0,0,0,0,0,0,0,0,0,0,0,0,0,0,0,0,0,0,0,0,0,0,0,0,0,0,0,0,0,0,0,0,0,0,0,0,0,0,0,0,0,0,0,0,0,0,0,0,0,0,0,0,0,0,0,0,0,0,0,0,0,0,0,0,0,0,0,72,0,0,0,0,0,0,0,0,0,0,0,0,0,0,0,0,0,0,0,0,0,0,0,0,0,0,0,0,0,0,0,0,0,0,0,0,0,0,0,0,0,0,0,0,0,0,0,0,0,0,0,0,0,0,0,0,0,0,0,0,0,0,0,0,999,404,247,0,0,999,999,999,999,0,79,0,0,0,0,89,52,0,0,0,0,58,0,0,0,0,0,0,0
2021-08-27 10:27:42,0,75,211,0,0,0,0,0,0,0,0,0,0,0,0,-50.0,0,0,0,0,-48.0,0,0,0,0,-50.0,0,0,0,0,-49.0,0,0,0,0,0,0,86,0,0,-48.0,0,0,0,0,0,0,0,0,0,0,0,0,0,0,0,0,0,0,0,0,0,0,0,0,0,0,0,0,0,0,0,0,0,0,0,0,0,0,0,0,0,0,0,0,0,0,0,0,0,0,0,0,0,0,0,0,0,0,0,0,0,0,0,0,0,72,0,0,0,0,0,0,0,0,0,0,0,0,0,-49.0,0,0,0,0,0,0,0,0,0,-47.0,0,0,0,0,0,0,0,0,0,0,0,0,0,0,0,0,0,0,0,0,0,0,0,0,0,0,0,0,0,0,0,0,0,0,-49.0,0,0,0,0,-50.0,999,999,999,999,0,0,74,66,0,-44.0,0,0,0,0,0,568,423,80,0,0,0,64,0,0,0,0,0,0,0
2021-08-27 10:27:42.500000,0,75,211,0,0,0,0,0,0,0,0,0,0,0,0,-50.0,0,0,0,0,-48.0,0,0,0,0,-50.0,0,0,0,0,0,0,0,0,0,0,0,85,0,0,-48.0,0,0,0,0,0,0,0,0,0,0,0,0,0,0,0,0,0,0,0,0,0,0,0,0,0,0,0,0,0,0,0,0,0,0,0,0,0,0,0,0,0,0,0,0,0,0,0,0,0,0,0,0,0,0,0,0,0,0,0,0,0,0,0,0,0,72,0,0,0,0,0,0,0,0,0,0,0,0,0,-49.0,0,0,0,0,0,0,0,0,0,-47.0,0,0,0,0,0,0,0,0,0,0,0,0,0,0,0,0,0,0,0,0,0,0,0,0,0,0,0,0,0,0,0,0,0,0,-49.0,0,0,0,0,-49.0,289,711,677,270,0,0,0,0,0,-44.0,75,0,0,52,0,999,999,999,999,0,0,56,0,0,0,0,0,0,0
2021-08-27 10:27:43,0,75,211,0,0,0,0,0,0,0,0,0,0,0,0,-50.0,0,0,0,0,-48.0,0,0,0,0,-50.0,0,0,0,0,0,0,0,0,0,0,0,85,0,0,-48.0,0,0,0,0,0,0,0,0,0,0,0,0,0,0,0,0,0,0,0,0,0,0,0,0,0,0,0,0,0,0,0,0,0,0,0,0,0,0,0,0,0,0,0,0,0,0,0,0,0,0,0,0,0,0,0,0,0,0,0,0,0,0,0,0,0,72,0,0,0,0,0,0,0,0,0,0,0,0,0,-49.0,0,0,0,0,0,0,0,0,0,-47.0,0,0,0,0,0,0,0,0,0,0,0,0,0,0,0,0,0,0,0,0,0,0,0,0,0,0,0,0,0,0,0,0,0,0,-49.0,0,0,0,0,-49.0,0,52,0,0,0,0,0,0,0,-44.0,88,484,999,999,0,999,999,999,999,0,0,66,0,0,0,91,111,75,63
2021-08-27 10:27:43.500000,0,75,211,0,0,0,0,0,0,0,0,0,0,0,0,-50.0,0,0,0,0,-48.0,0,0,0,0,-50.0,0,0,0,0,0,0,0,0,0,0,0,85,0,0,-48.0,0,0,0,0,0,0,0,0,0,0,0,0,0,0,0,0,0,0,0,0,0,0,0,0,0,0,0,0,0,0,0,0,0,0,0,0,0,0,0,0,0,0,0,0,0,0,0,0,0,0,0,0,0,0,0,0,0,0,0,0,0,0,0,0,0,72,0,0,0,0,0,0,0,0,0,0,0,0,0,-49.0,0,0,0,0,0,0,0,0,0,-47.0,0,0,0,0,0,0,0,0,0,0,0,0,0,0,0,0,0,0,0,0,0,0,0,0,0,0,0,0,0,0,0,0,0,0,-49.0,0,0,0,0,-49.0,0,0,0,0,0,0,0,0,0,-44.0,456,999,999,999,0,151,90,74,100,0,103,0,0,0,0,255,230,192,141
2021-08-27 10:27:44,0,76,211,0,0,0,0,0,0,0,0,0,0,0,0,-50.0,0,0,0,0,-48.0,0,0,0,0,-50.0,0,0,0,0,0,0,0,0,0,0,0,85,0,0,-48.0,0,0,0,0,0,0,0,0,0,0,0,0,0,0,0,0,0,0,0,0,0,0,0,0,0,0,0,0,0,0,0,0,0,0,0,0,0,0,0,0,0,0,0,0,0,999,999,999,999,0,0,0,67,0,0,0,0,0,0,0,0,0,0,0,0,73,0,0,0,0,0,0,0,0,0,0,0,0,0,-49.0,0,0,0,0,0,0,0,0,0,-47.0,0,0,0,0,0,0,0,0,0,0,0,0,0,0,0,0,0,0,0,0,0,0,0,0,0,0,0,0,0,0,0,0,0,0,-49.0,0,0,0,0,-49.0,0,0,0,0,0,0,0,0,0,-44.0,0,53,121,120,0,0,0,52,0,0,0,53,0,0,0,338,216,193,175
2021-08-27 10:27:44.500000,0,75,210,0,0,0,0,0,0,0,0,0,0,0,0,-50.0,0,0,0,0,-48.0,0,0,0,0,-50.0,0,0,0,0,0,0,0,0,0,0,0,86,51,0,-48.0,0,0,0,0,0,0,0,0,0,0,0,0,0,0,0,0,0,0,0,0,0,0,0,0,0,0,0,0,0,0,0,0,0,0,0,54,0,0,0,0,311,999,999,999,0,999,999,442,999,0,0,0,0,0,0,79,66,0,0,0,0,0,0,0,0,73,0,0,0,0,0,0,0,0,0,0,0,0,0,-49.0,0,0,0,0,0,0,0,0,0,-47.0,0,0,0,0,0,0,0,0,0,0,0,0,0,0,0,0,0,0,0,0,0,0,0,0,0,0,0,0,0,0,0,0,0,0,-49.0,0,0,0,0,-49.0,0,0,0,0,0,0,0,0,0,-44.0,0,0,0,0,0,0,0,55,0,0,0,0,0,0,0,0,0,0,0
2021-08-27 10:27:45,0,75,210,0,0,0,0,0,0,0,0,0,0,0,0,0,0,0,0,0,0,0,0,0,0,0,0,0,0,0,0,0,0,0,0,0,0,86,51,0,0,0,0,0,0,0,0,0,0,0,0,0,0,0,0,0,0,0,0,0,0,0,0,0,0,0,0,0,0,0,0,0,0,0,0,0,52,0,0,0,0,854,999,999,999,0,0,0,0,0,0,0,0,0,55,0,207,83,80,0,0,0,0,0,0,0,73,0,0,0,0,0,0,0,0,0,0,0,0,0,0,0,0,0,0,0,0,0,0,0,0,0,0,0,0,0,0,0,0,0,0,0,0,0,0,0,0,0,0,0,0,0,0,0,0,0,0,0,0,0,0,0,0,0,0,0,0,0,0,0,0,0,0,0,0,0,0,0,0,0,0,0,0,0,0,0,0,0,54,0,0,0,0,0,0,0,0,0,0,0
2021-08-27 10:27:45.500000,0,74,209,0,0,0,0,0,0,0,0,0,0,0,0,-50.0,0,0,0,0,-48.0,0,0,0,0,-50.0,0,0,0,0,0,0,0,0,0,0,0,86,51,0,-48.0,0,0,0,0,0,0,0,0,0,0,0,0,0,0,0,0,0,0,0,0,0,0,0,0,0,0,0,0,0,0,0,0,0,0,0,0,0,0,0,0,80,327,308,845,0,0,0,0,0,0,0,0,0,0,0,999,922,91,999,0,0,0,0,0,0,73,0,0,0,0,0,0,0,0,0,0,0,0,0,-49.0,0,0,0,0,0,0,0,0,0,-47.0,0,0,0,0,0,0,0,0,0,0,0,0,0,0,0,0,0,0,0,0,0,0,0,0,0,0,0,0,0,0,0,0,0,0,-49.0,0,0,0,0,-49.0,0,0,0,0,0,0,0,0,0,-44.0,0,0,0,0,0,0,0,54,0,0,0,0,0,0,0,0,0,0,0
2021-08-27 10:27:46,0,75,210,0,0,0,0,0,0,0,0,0,0,0,0,-50.0,0,0,0,0,-48.0,0,0,0,0,-50.0,0,0,0,0,0,0,0,0,0,0,0,86,51,0,-48.0,0,0,0,0,0,0,0,0,0,0,0,0,0,0,0,0,0,0,0,0,0,0,0,0,0,0,0,0,0,0,0,0,0,0,0,0,0,0,0,0,0,0,0,0,0,0,0,0,0,0,0,0,0,0,0,0,0,0,0,0,0,0,0,0,0,73,0,0,0,0,0,0,0,0,0,0,0,0,0,-49.0,0,0,0,0,0,0,0,0,0,-47.0,0,0,0,0,0,0,0,0,0,0,0,0,0,0,0,0,0,0,0,0,0,0,0,0,0,0,0,0,0,0,0,0,0,0,-49.0,0,0,0,0,-49.0,0,0,0,0,0,0,0,0,0,-44.0,0,0,0,0,0,0,0,55,0,0,0,0,0,0,0,0,0,0,0
2021-08-27 10:27:46.500000,0,75,209,0,0,0,0,0,0,0,0,0,0,0,0,-50.0,0,0,0,0,-48.0,0,0,0,0,-50.0,0,0,0,0,0,0,0,0,0,0,0,86,51,0,-48.0,0,0,0,0,0,0,0,0,0,0,0,0,0,0,0,0,0,0,0,0,0,0,0,0,0,0,0,0,0,0,0,0,0,0,0,0,0,0,0,0,0,0,0,71,0,85,0,51,0,0,999,999,640,999,0,951,897,805,999,0,0,0,0,0,0,73,0,0,0,0,0,0,0,0,0,0,0,0,0,-49.0,0,0,0,0,0,0,0,0,0,-47.0,0,0,0,0,0,0,0,0,0,0,0,0,0,0,0,0,0,0,0,0,0,0,0,0,0,0,0,0,0,0,0,0,0,0,-49.0,0,0,0,0,-49.0,0,0,0,0,0,0,0,0,0,-44.0,0,0,0,0,0,0,0,54,0,0,0,0,0,0,0,0,0,0,0
2021-08-27 10:27:47,0,73,209,0,0,0,0,0,0,0,0,0,0,0,0,0,0,0,0,0,0,0,0,0,0,0,0,0,0,0,0,0,0,0,0,0,0,88,52,0,0,0,0,0,0,0,0,0,0,0,0,0,0,0,0,0,0,0,0,0,0,0,0,0,0,0,0,0,0,0,0,0,0,0,0,0,0,0,0,0,0,0,0,0,0,0,74,70,71,71,0,999,999,999,999,0,54,0,0,0,0,0,0,0,0,0,73,0,0,0,0,0,0,0,0,0,0,0,0,0,0,0,0,0,0,0,0,0,0,0,0,0,0,0,0,0,0,0,0,0,0,0,0,0,0,0,0,0,0,0,0,0,0,0,0,0,0,0,0,0,0,0,0,0,0,0,0,0,0,0,0,0,0,0,0,0,0,0,0,0,0,0,60,77,53,0,0,0,55,0,0,0,69,70,85,0,997,522,999,999
2021-08-27 10:27:47.500000,0,0,0,0,0,0,0,0,0,0,0,0,0,0,0,-50.0,0,0,0,0,-48.0,0,0,0,0,-50.0,0,0,0,0,0,0,0,0,0,0,0,0,0,0,-48.0,0,0,0,0,0,0,0,0,0,0,0,0,0,0,0,0,0,0,0,0,0,0,0,0,0,0,0,0,0,0,0,0,0,0,0,0,0,0,0,0,0,0,0,0,0,0,0,0,0,0,0,0,0,0,0,0,0,0,0,0,0,0,0,0,0,73,0,0,0,0,0,0,0,0,0,0,0,0,0,-49.0,0,0,0,0,0,0,0,0,0,-47.0,0,0,0,0,0,0,0,0,0,0,0,0,0,0,0,0,0,0,0,0,0,0,0,0,0,0,0,0,0,0,0,0,0,0,-49.0,0,0,0,0,-49.0,0,0,0,0,0,0,0,0,0,-44.0,0,0,0,0,0,0,0,0,0,0,0,0,0,0,0,0,0,0,0
2021-08-27 10:27:48,0,0,0,0,0,0,0,0,0,0,0,0,0,0,0,-50.0,0,0,0,0,-48.0,0,0,0,0,-50.0,0,0,0,0,0,0,0,0,0,0,0,0,0,0,-48.0,0,0,0,0,0,0,0,0,0,0,0,0,0,0,0,0,0,0,0,0,0,0,0,0,0,0,0,0,0,0,0,0,0,0,0,0,0,0,0,0,0,0,0,0,0,0,0,0,0,0,0,0,0,0,0,0,0,0,0,0,0,0,0,0,0,73,0,0,0,0,0,0,0,0,0,0,0,0,0,-49.0,0,0,0,0,0,0,0,0,0,-47.0,0,0,0,0,0,0,0,0,0,0,0,0,0,0,0,0,0,0,0,0,0,0,0,0,0,0,0,0,0,0,0,0,0,0,-49.0,0,0,0,0,-49.0,0,0,0,0,0,0,0,0,0,-44.0,54,73,85,62,0,0,0,57,0,0,55,108,68,136,0,999,999,999,999
2021-08-27 10:27:48.500000,0,76,211,0,0,0,0,0,0,0,0,0,0,0,0,-50.0,0,0,0,0,-48.0,0,0,0,0,-50.0,0,0,0,0,0,0,0,0,0,0,0,85,0,0,-48.0,0,0,0,0,0,0,0,0,0,0,0,0,0,0,0,0,0,0,0,0,0,0,0,0,0,0,0,0,0,0,0,0,0,0,0,0,0,0,0,0,0,0,0,0,0,0,0,0,0,0,0,0,0,63,0,0,0,0,0,0,0,0,0,0,0,0,0,0,0,0,0,0,0,0,0,0,0,0,0,-49.0,0,0,0,0,0,0,0,0,0,-47.0,0,0,0,0,0,0,0,0,0,0,0,0,0,0,0,0,0,0,0,0,0,0,0,0,0,0,0,0,0,0,0,0,0,0,-49.0,0,0,0,0,-49.0,0,0,0,0,0,0,0,0,0,-44.0,0,99,90,0,0,0,60,65,0,0,979,654,0,999,0,295,999,999,999
2021-08-27 10:27:49,0,76,211,0,0,0,0,0,0,0,0,0,0,0,0,0,0,0,0,0,0,0,0,0,0,0,0,0,0,0,0,0,0,0,0,0,0,85,0,0,0,0,0,0,0,0,0,0,0,0,0,0,0,0,0,0,0,0,0,0,0,0,0,0,0,0,0,0,0,0,0,0,0,0,0,0,0,0,0,0,0,0,0,0,0,0,0,0,0,0,0,0,0,0,63,0,0,0,0,0,0,0,0,0,0,0,0,0,0,0,0,0,0,0,0,0,0,0,0,0,0,0,0,0,0,0,0,0,0,0,0,0,0,0,0,0,0,0,0,0,0,0,0,0,0,0,0,0,0,0,0,0,0,0,0,0,0,0,0,0,0,0,0,0,0,0,0,0,60,0,0,186,84,200,999,0,0,127,999,0,0,57,123,99,63,0,0,69,107,52,0,999,999,52,999,0,0,0,0,54
2021-08-27 10:27:49.500000,0,76,211,0,0,0,0,0,0,0,0,0,0,0,0,-50.0,0,0,0,0,-48.0,0,0,0,0,-50.0,0,0,0,0,0,0,0,0,0,0,0,85,0,0,-48.0,0,0,0,0,0,0,0,0,0,0,0,0,0,0,0,0,0,0,0,0,0,0,0,0,0,0,0,0,0,0,0,0,0,0,0,0,0,0,0,0,0,0,0,0,0,0,0,0,0,0,0,0,0,0,0,0,0,0,0,0,0,0,0,0,0,75,53,0,0,0,55,0,0,0,0,0,0,0,0,-49.0,0,0,0,0,0,0,0,0,0,-47.0,0,0,0,0,0,0,0,0,0,0,0,0,0,0,0,0,0,0,0,0,0,0,0,0,0,0,0,0,0,0,0,0,0,0,-49.0,0,0,0,0,-49.0,0,0,0,0,0,0,0,0,0,-44.0,0,69,58,0,0,0,0,0,229,0,800,999,999,561,0,0,0,0,0
2021-08-27 10:27:50,0,76,211,0,0,0,0,0,0,0,0,0,0,0,0,-50.0,0,0,0,0,-48.0,0,0,0,0,-50.0,0,0,0,0,0,0,0,0,0,0,0,85,0,0,-48.0,0,0,0,0,0,0,0,0,0,0,0,0,0,0,0,51,0,0,0,0,0,0,0,0,0,0,0,299,0,0,0,0,0,0,0,0,0,0,0,0,0,0,0,0,0,0,0,0,0,0,0,0,0,0,0,0,0,0,0,0,0,0,0,0,0,74,52,0,0,0,54,0,0,0,0,0,0,0,0,-49.0,0,0,0,0,0,0,0,0,0,-47.0,0,0,0,0,0,0,0,0,0,0,0,0,0,0,0,0,0,0,0,0,0,0,0,0,0,0,0,0,0,0,390,137,0,318,-49.0,0,0,0,0,-49.0,568,335,184,999,0,999,125,0,159,-44.0,210,165,715,243,0,292,382,388,999,0,999,184,130,298,0,0,346,83,0
2021-08-27 10:27:50.500000,0,77,211,0,0,0,0,0,0,0,0,0,0,0,0,-50.0,0,0,0,0,-48.0,0,0,0,0,-50.0,0,0,0,0,0,0,0,0,0,0,0,85,0,0,-48.0,0,0,0,0,0,0,0,0,0,-48.0,0,0,0,0,0,0,0,0,0,0,0,52,0,0,0,139,112,410,0,0,0,0,0,0,0,0,0,0,0,0,0,0,0,0,0,0,0,0,0,0,0,0,0,0,0,0,0,0,0,0,0,0,0,0,0,73,51,0,0,0,54,0,0,0,0,0,0,0,0,-49.0,0,0,0,0,0,0,0,0,0,-47.0,0,0,0,0,0,0,0,0,0,0,0,0,0,0,0,0,0,0,0,0,0,0,0,0,0,190,0,999,999,0,999,999,0,285,-49.0,0,0,0,0,-49.0,0,0,0,0,0,67,0,0,0,-44.0,0,999,439,70,0,999,0,108,637,0,0,67,79,0,0,0,0,0,0
2021-08-27 10:27:51,0,75,210,0,0,0,0,0,0,0,0,0,0,0,0,-50.0,0,0,0,0,-48.0,0,0,0,0,-50.0,0,0,0,0,0,0,0,0,0,0,0,86,51,0,-48.0,0,0,0,0,0,77,189,802,0,-48.0,133,999,0,83,0,0,0,0,0,0,0,0,0,0,0,0,0,0,0,0,0,0,0,0,0,0,0,0,0,0,0,0,0,0,0,0,0,0,0,0,0,0,0,0,0,0,0,0,0,0,0,0,0,0,0,73,0,0,0,0,54,0,0,0,0,0,0,0,0,-49.0,0,0,0,0,0,0,0,0,0,-47.0,0,0,0,0,0,0,0,0,0,0,0,0,0,0,0,0,0,0,0,0,93,83,52,64,0,232,99,999,999,-50.0,999,999,0,109,-49.0,0,0,0,0,-48.0,0,53,0,0,0,0,0,0,0,-44.0,87,611,0,0,0,999,63,117,84,0,0,72,73,0,0,0,0,0,0
2021-08-27 10:27:51.500000,0,77,211,0,0,0,0,0,0,0,0,0,0,0,0,0,0,0,0,0,0,0,0,0,0,0,0,0,0,0,0,0,0,0,0,0,0,85,0,0,0,0,0,0,0,0,0,0,0,0,0,0,0,0,0,0,0,0,0,0,0,0,0,0,0,0,0,0,0,0,0,0,0,0,0,0,0,0,0,0,0,0,0,0,0,0,0,0,0,0,0,0,0,0,0,0,0,0,0,0,0,0,0,0,0,0,74,0,0,0,0,51,0,0,0,0,0,0,0,0,0,0,0,0,0,0,0,0,0,0,0,0,0,0,0,0,52,0,0,0,0,761,99,0,999,0,0,0,0,54,0,0,0,0,0,0,137,267,184,233,0,0,0,0,0,0,0,0,0,0,0,0,53,0,0,0,0,0,0,0,0,0,0,0,0,0,0,0,0,0,0,0,71,74,0,0,0,0,0,0
2021-08-27 10:27:52,0,77,211,0,0,0,0,0,0,0,0,0,0,0,0,-50.0,0,0,0,0,-48.0,0,0,0,0,-50.0,0,0,0,0,0,158,359,999,158,0,0,74,64,0,-48.0,0,0,0,0,0,274,664,999,253,-48.0,0,999,0,67,0,0,0,0,0,0,0,0,0,0,0,0,0,0,0,-50.0,0,0,0,0,0,0,0,0,0,0,0,0,0,0,0,0,0,0,0,0,0,0,0,0,0,0,0,0,0,0,0,0,0,0,0,73,0,0,0,0,0,0,0,0,0,0,0,0,0,-49.0,0,0,0,0,0,0,0,0,0,-47.0,0,0,0,0,0,74,94,0,999,0,999,0,133,0,0,0,0,0,0,0,0,0,0,0,0,0,93,0,0,-50.0,0,0,0,0,-49.0,0,0,0,0,-48.0,0,53,0,0,0,0,0,0,0,-44.0,0,0,0,0,0,0,0,0,0,0,0,72,73,0,0,0,0,0,0
2021-08-27 10:27:52.500000,0,75,221,0,0,0,0,0,0,0,0,0,0,0,0,-50.0,0,0,0,0,-48.0,0,0,54,68,-50.0,0,0,0,375,0,999,999,622,999,0,99,479,146,0,-48.0,0,0,0,0,0,173,999,999,0,-48.0,54,0,0,0,0,0,0,0,0,0,0,0,0,0,-50.0,0,0,0,0,-50.0,0,0,0,0,0,0,0,0,0,0,0,0,0,0,0,0,0,0,0,0,0,0,0,0,0,0,0,0,0,0,0,0,0,0,0,72,0,0,0,0,0,0,0,0,0,0,0,0,0,-49.0,0,0,0,0,0,0,0,0,0,-47.0,0,0,0,0,0,0,68,0,207,0,800,0,95,0,0,0,0,0,0,0,0,0,0,0,0,0,0,0,0,-50.0,0,0,0,0,-49.0,0,0,0,0,-48.0,0,53,0,0,0,0,0,0,0,-44.0,0,0,0,0,0,0,0,0,0,0,0,72,73,0,0,0,0,0,0
2021-08-27 10:27:53,0,0,305,148,96,0,90,0,51,0,0,126,0,0,842,-50.0,0,388,999,218,-48.0,0,0,198,108,-50.0,61,154,0,999,0,999,190,195,229,0,149,999,266,0,-48.0,0,0,0,0,0,0,0,70,55,-48.0,0,0,0,0,0,0,0,0,0,0,0,0,0,0,-50.0,0,0,0,0,-50.0,0,0,0,0,0,0,0,0,0,0,0,0,0,0,0,0,0,0,0,0,0,0,0,0,0,0,0,0,0,0,0,0,0,0,0,72,0,0,0,0,0,0,0,0,0,0,0,0,0,-49.0,0,0,0,0,0,0,0,0,0,-47.0,0,0,0,0,0,0,0,0,0,0,0,0,0,0,0,0,0,0,0,0,0,0,0,0,0,0,0,0,0,-50.0,0,0,0,0,-49.0,0,0,0,0,-48.0,0,53,0,0,0,0,0,0,0,-44.0,0,0,0,0,0,0,0,0,0,0,0,72,74,0,0,0,0,0,0
2021-08-27 10:27:53.500000,0,0,189,0,0,0,0,0,0,0,0,115,84,0,999,-50.0,0,999,999,233,-48.0,224,999,424,0,-50.0,999,100,0,158,0,0,0,0,0,0,0,70,0,0,-48.0,0,0,0,0,0,0,0,0,0,-48.0,0,0,0,0,0,0,0,0,0,0,0,0,0,0,-50.0,0,0,0,0,-50.0,0,0,0,0,0,0,0,0,0,0,0,0,0,0,0,0,0,0,0,0,0,0,0,0,0,0,0,0,0,0,0,0,0,0,0,73,0,0,0,0,0,0,0,0,0,0,0,0,0,-49.0,0,0,0,0,0,0,0,0,0,-47.0,0,0,0,0,0,0,0,0,0,0,0,0,0,0,0,0,0,0,0,0,0,0,0,0,0,0,0,0,0,-50.0,0,0,0,0,-49.0,0,0,0,0,-48.0,0,53,0,0,0,0,0,0,0,-44.0,0,0,0,0,0,0,0,0,0,0,0,72,73,0,0,0,0,0,0
2021-08-27 10:27:54,0,106,492,999,725,0,0,0,0,0,0,0,0,0,0,-50.0,403,999,225,911,-48.0,59,0,0,0,-50.0,0,0,0,0,0,0,0,0,0,0,0,0,0,0,-48.0,0,0,0,0,0,0,0,0,0,-48.0,0,0,0,0,0,0,0,0,0,0,0,0,0,0,-50.0,0,0,0,0,-50.0,0,0,0,0,0,0,0,0,0,0,0,0,0,0,0,0,0,0,0,0,0,0,0,0,0,0,0,0,0,0,0,0,0,0,0,70,0,0,0,0,0,0,0,0,0,0,0,0,0,-49.0,0,0,0,0,0,0,0,0,0,-47.0,0,0,0,0,0,0,0,0,0,0,0,0,0,0,0,0,0,0,0,0,0,0,0,0,0,0,0,0,0,-50.0,0,0,0,0,-49.0,0,0,0,0,-48.0,0,53,0,0,0,0,0,0,0,-44.0,0,0,0,0,0,0,0,0,0,0,0,73,73,0,0,0,0,0,0
2021-08-27 10:27:54.500000,0,137,420,999,148,0,764,428,999,999,0,0,0,0,0,0,0,999,51,53,0,85,0,0,0,0,0,0,0,0,0,0,0,0,0,0,0,0,58,0,0,0,0,0,0,0,0,0,0,0,0,0,0,0,0,0,0,0,0,0,0,0,0,0,0,0,0,0,0,0,0,0,0,0,0,0,0,0,0,0,0,0,0,0,0,0,0,0,0,0,0,0,0,0,0,0,0,0,0,0,0,0,0,0,0,0,75,0,0,0,0,52,0,0,0,0,0,0,0,0,0,0,0,0,0,0,0,0,0,0,0,0,0,0,0,0,0,0,0,0,0,0,0,0,0,0,0,0,0,0,0,0,0,0,0,0,0,0,0,0,0,0,0,0,0,0,0,0,0,0,0,0,53,0,0,0,0,0,0,0,0,0,0,0,0,0,0,0,0,0,0,0,72,73,0,0,0,0,0,0
2021-08-27 10:27:55,0,0,120,86,0,0,82,999,999,195,0,0,0,0,0,-50.0,0,0,0,0,-48.0,0,0,0,0,-50.0,0,0,0,0,0,0,0,0,0,0,0,0,0,0,-48.0,0,0,0,0,-50.0,0,0,0,0,-48.0,0,0,0,0,0,0,0,0,0,0,0,0,0,0,-50.0,0,0,0,0,-50.0,0,0,0,0,0,0,0,0,0,0,0,0,0,0,0,0,0,0,0,0,0,0,0,0,0,0,0,0,0,0,690,98,166,0,0,73,0,0,0,0,0,0,0,0,0,0,0,0,0,-49.0,0,0,0,0,0,0,0,0,0,-47.0,0,0,0,0,0,0,0,0,0,0,0,0,0,0,0,0,0,0,0,0,0,0,0,0,0,0,0,0,0,-50.0,0,0,0,0,-49.0,0,0,0,0,-48.0,0,53,0,0,0,0,0,0,0,-44.0,0,0,0,0,0,0,0,0,0,0,0,72,73,0,0,0,0,0,0
2021-08-27 10:27:55.500000,0,0,136,84,0,0,0,0,0,0,0,0,0,0,0,-50.0,0,0,0,0,-48.0,0,0,0,0,-50.0,0,0,0,0,0,0,0,0,0,0,0,0,0,0,-48.0,0,0,0,0,-50.0,0,0,0,0,-48.0,0,0,0,0,0,0,0,0,0,0,0,0,0,0,-50.0,0,0,0,0,-50.0,0,0,0,0,0,0,0,0,0,0,0,0,0,0,0,0,0,0,0,0,0,0,0,0,0,0,0,0,0,0,174,999,999,0,0,113,314,79,999,0,0,0,0,0,0,0,55,0,0,-49.0,0,0,0,0,0,0,0,0,0,-47.0,0,0,0,0,0,0,0,0,0,0,0,0,0,0,0,0,0,0,0,0,0,0,0,0,0,0,0,0,0,-50.0,0,0,0,0,-49.0,0,0,0,0,-48.0,0,53,0,0,0,0,0,0,0,-44.0,0,0,0,0,0,0,0,0,0,0,0,73,74,0,0,0,0,0,0
2021-08-27 10:27:56,0,0,134,80,0,0,0,0,0,0,0,0,0,0,0,0,0,0,0,0,0,0,0,0,0,0,0,0,0,0,0,0,0,0,0,0,0,0,0,0,0,0,0,0,0,0,0,0,0,0,0,0,0,0,0,0,0,0,0,0,0,0,0,0,0,0,0,0,0,0,0,0,0,0,0,0,0,0,0,0,0,0,0,0,0,0,0,0,0,0,0,0,0,0,0,0,0,0,0,0,0,149,999,999,0,0,51,473,61,999,0,0,0,0,0,0,0,418,999,589,0,127,779,0,0,0,0,0,0,0,0,0,0,0,0,0,0,0,0,0,0,0,0,0,0,0,0,0,0,0,0,0,0,0,0,0,0,0,0,0,0,0,0,0,0,0,0,0,0,0,0,0,53,0,0,0,0,0,0,0,0,0,0,0,0,0,0,0,0,0,0,0,73,73,0,0,0,0,0,0
2021-08-27 10:27:56.500000,0,0,133,82,0,0,0,0,0,0,0,0,0,0,0,-50.0,0,0,0,0,-48.0,0,0,0,0,-50.0,0,0,0,0,0,0,0,0,0,0,0,0,0,0,-48.0,0,0,0,0,-50.0,0,0,0,0,-48.0,0,0,0,0,0,0,0,0,0,0,0,0,0,0,-50.0,0,0,0,0,-50.0,0,0,0,0,0,0,0,0,0,0,0,0,0,0,0,0,0,0,0,0,0,0,0,0,0,0,0,0,0,0,0,0,0,0,0,0,0,0,0,0,0,0,0,0,0,65,63,999,282,-49.0,496,999,0,67,0,0,0,0,0,-47.0,0,0,0,0,0,0,0,0,0,0,0,0,0,0,0,0,0,0,0,0,0,0,0,0,0,0,0,0,0,-50.0,0,0,0,0,-49.0,0,0,0,0,-48.0,0,53,0,0,0,0,0,0,0,-44.0,0,0,0,0,0,0,0,0,0,0,0,73,73,0,0,0,0,0,0
2021-08-27 10:27:57,0,0,133,82,0,0,0,0,0,0,0,0,0,0,0,-50.0,0,0,0,0,-48.0,0,0,0,0,-50.0,0,0,0,0,-50.0,0,0,0,0,0,0,0,0,0,-48.0,0,0,0,0,-50.0,0,0,0,0,-48.0,0,0,0,0,0,0,0,0,0,0,0,0,0,0,-50.0,0,0,0,0,-50.0,0,0,0,0,0,0,0,0,0,0,0,0,0,0,0,0,0,0,0,0,0,0,0,0,0,0,0,0,0,0,0,0,0,0,0,0,0,0,0,0,0,0,0,0,0,0,0,0,0,-49.0,999,999,449,0,0,0,0,0,0,-47.0,0,0,0,0,0,235,623,112,66,0,119,256,0,0,0,0,0,0,0,0,0,0,0,0,0,0,0,0,0,-50.0,0,0,0,0,0,0,0,0,0,-48.0,0,53,0,0,0,0,0,0,0,-44.0,0,0,0,0,0,0,0,0,0,0,0,72,73,0,0,0,0,0,0
2021-08-27 10:27:57.500000,0,0,134,84,0,0,0,0,0,0,0,0,0,0,0,-50.0,0,0,0,0,-48.0,0,0,0,0,-50.0,0,0,0,0,-50.0,0,0,0,0,0,0,0,0,0,-48.0,0,0,0,0,-50.0,0,0,0,0,-48.0,0,0,0,0,0,0,0,0,0,0,0,0,0,0,-50.0,0,0,0,0,-50.0,0,0,0,0,0,0,0,0,0,0,0,0,0,0,0,0,0,0,0,0,0,0,0,0,0,0,0,0,0,0,0,0,0,0,0,0,0,0,0,0,0,0,0,0,0,0,0,0,0,-49.0,156,230,999,576,0,0,0,0,0,-47.0,0,0,0,0,0,918,999,536,158,0,999,999,999,999,0,61,77,0,0,0,0,0,0,0,0,0,95,0,0,-50.0,0,0,0,0,0,0,0,0,0,-48.0,0,53,0,0,0,0,0,0,0,-44.0,0,0,0,0,0,0,0,0,0,0,0,73,73,0,0,0,0,0,0
2021-08-27 10:27:58,0,0,134,85,0,0,0,0,0,0,0,0,0,0,0,-50.0,0,0,0,0,-48.0,0,0,0,0,-50.0,0,0,0,0,-50.0,0,0,0,0,0,0,0,0,0,-48.0,0,0,0,0,-50.0,0,0,0,0,-48.0,0,0,0,0,0,0,0,0,0,0,0,0,0,0,-50.0,0,0,0,0,-50.0,0,0,0,0,0,0,0,0,0,0,0,0,0,0,0,0,0,0,0,0,0,0,0,0,0,0,0,0,0,0,0,0,0,0,0,0,0,0,0,0,0,0,0,0,0,0,0,0,0,-49.0,0,0,0,0,0,0,0,0,0,-47.0,0,0,0,0,0,999,999,999,118,0,0,78,0,130,0,100,58,54,104,0,77,0,0,65,0,222,999,999,999,-50.0,0,0,0,0,0,0,0,0,0,-48.0,0,53,0,0,0,0,0,0,0,-44.0,0,0,0,0,0,0,0,0,0,0,0,72,73,0,0,0,0,0,0
2021-08-27 10:27:58.500000,0,0,134,85,0,0,0,0,0,0,0,0,0,0,0,-50.0,0,0,0,0,-48.0,0,0,0,0,-50.0,0,0,0,0,-50.0,0,0,0,0,0,0,0,0,0,-48.0,0,0,0,0,-49.0,0,0,0,0,-48.0,0,0,0,0,0,0,0,0,0,0,0,0,0,0,-50.0,0,0,0,0,-50.0,0,0,0,0,0,0,0,0,0,0,0,0,0,0,0,0,0,0,0,0,0,0,0,0,0,0,0,0,0,0,0,0,0,0,0,0,0,0,0,0,0,0,0,0,0,0,0,0,0,-49.0,0,0,0,0,0,0,0,0,0,-47.0,0,0,0,0,0,0,0,0,0,0,0,0,0,0,0,59,0,0,0,0,0,81,51,88,0,173,919,999,999,-50.0,274,160,0,311,0,0,0,0,0,-48.0,0,53,0,0,0,0,0,0,0,-44.0,0,0,0,0,0,0,0,0,0,0,0,71,70,0,0,0,0,0,0
2021-08-27 10:27:59,0,0,134,85,0,0,0,0,0,0,0,0,0,0,0,-50.0,0,0,0,0,-48.0,0,0,0,0,-50.0,0,0,0,0,-50.0,0,0,0,0,0,0,0,0,0,-48.0,0,0,0,0,-49.0,0,0,0,0,-48.0,0,0,0,0,0,0,0,0,0,0,0,0,0,0,-50.0,0,0,0,0,-50.0,0,0,0,0,0,0,0,0,0,0,0,0,0,0,0,0,0,0,0,0,0,0,0,0,0,0,0,0,0,0,0,0,0,0,0,0,0,0,0,0,0,0,0,0,0,0,0,0,0,-49.0,0,0,0,0,0,0,0,0,0,-47.0,0,0,0,0,0,0,0,0,0,0,0,0,0,0,0,0,0,0,0,0,0,0,58,0,0,0,0,0,0,-50.0,999,55,0,999,0,59,0,0,0,-48.0,0,51,0,0,0,714,315,0,365,-44.0,0,0,0,52,0,0,0,0,0,0,0,70,67,0,0,0,0,0,0
2021-08-27 10:27:59.500000,0,0,135,85,0,0,0,0,0,0,0,0,0,0,0,-50.0,0,0,0,0,-48.0,0,0,0,0,-50.0,0,0,0,0,-50.0,0,0,0,0,0,0,0,0,0,-48.0,0,0,0,0,-49.0,0,0,0,0,-48.0,0,0,0,0,0,0,0,0,0,0,0,0,0,0,-50.0,0,0,0,0,-50.0,54,107,0,0,0,0,0,0,0,0,0,0,0,0,0,0,0,0,0,0,0,0,0,0,0,0,0,0,0,0,0,0,0,0,0,0,0,0,0,0,0,0,0,0,0,0,0,0,0,-49.0,0,0,0,0,0,0,0,0,0,-47.0,0,0,0,0,0,0,0,0,0,0,0,0,0,0,0,0,0,0,0,0,0,0,60,0,0,0,0,0,0,-50.0,0,0,0,0,0,0,0,0,0,-48.0,80,0,85,88,0,999,999,618,999,-44.0,0,0,0,76,0,0,0,0,0,0,0,61,60,0,0,0,0,0,0
2021-08-27 10:28:00,0,0,135,85,0,0,0,0,0,0,0,0,0,0,0,-50.0,0,0,0,0,0,0,0,0,0,-50.0,0,0,0,0,-49.0,0,0,0,0,0,0,0,0,0,-48.0,0,0,0,0,-49.0,0,0,0,0,-48.0,0,0,0,0,0,0,0,0,0,0,0,0,0,0,-50.0,300,999,999,889,-50.0,0,999,999,0,0,0,0,0,0,0,0,0,0,0,0,0,0,0,0,0,0,0,0,0,0,0,0,0,0,0,0,0,0,0,0,0,0,0,0,0,0,0,0,0,0,0,0,0,0,-49.0,0,0,0,0,0,0,0,0,0,-47.0,0,0,0,0,0,0,0,0,0,0,0,0,0,0,0,0,0,0,0,0,0,0,59,0,0,0,0,0,0,-50.0,0,0,0,0,0,0,0,0,0,-48.0,0,0,0,0,0,999,430,79,999,-44.0,0,0,0,0,0,0,0,0,0,0,0,81,59,0,0,0,0,0,0
2021-08-27 10:28:00.500000,0,0,135,85,0,0,0,0,0,0,0,0,0,0,0,-50.0,0,0,0,0,0,0,0,0,0,-50.0,0,0,0,0,-49.0,0,0,0,0,0,0,0,0,0,-48.0,0,0,0,0,-49.0,0,0,0,0,-48.0,999,999,739,440,0,0,0,0,0,0,0,0,0,0,-50.0,343,999,185,0,-50.0,0,0,0,0,0,0,0,0,0,0,0,0,0,0,0,0,0,0,0,0,0,0,0,0,0,0,0,0,0,0,0,0,0,0,0,0,0,0,0,0,0,0,0,0,0,0,0,0,0,-49.0,0,0,0,0,0,0,0,0,0,-47.0,0,0,0,0,-46.0,0,0,0,0,0,0,0,0,0,0,0,0,0,0,0,0,0,56,0,0,0,0,0,0,-50.0,0,0,0,0,0,0,0,0,0,-48.0,0,52,0,0,0,0,0,0,0,-44.0,0,0,0,0,0,0,0,0,0,0,0,78,58,0,0,0,0,0,0
2021-08-27 10:28:01,0,0,134,85,0,0,0,0,0,0,0,0,0,0,0,0,0,0,0,0,0,0,0,0,0,0,0,0,0,0,0,0,0,64,0,0,0,0,0,0,0,0,0,0,0,0,0,0,541,605,0,999,999,313,136,0,0,0,0,0,0,0,0,0,0,0,0,0,0,0,0,0,0,0,0,0,0,0,0,0,0,0,0,0,0,0,0,0,0,0,0,0,0,0,0,0,0,0,0,0,0,0,0,0,0,0,0,0,0,0,0,0,0,0,0,0,0,0,0,0,0,0,0,0,0,0,0,0,0,0,0,0,0,0,0,0,0,0,0,0,0,0,0,0,0,0,0,0,0,0,0,0,0,55,0,0,0,0,0,0,0,0,0,0,0,0,0,0,0,0,0,0,53,0,0,0,0,0,0,0,0,0,0,0,0,0,0,0,0,0,0,0,78,58,0,0,0,0,0,0
2021-08-27 10:28:01.500000,0,0,133,87,0,0,0,0,0,0,0,0,0,0,0,-50.0,0,0,0,0,0,0,0,0,0,-50.0,0,0,0,0,-49.0,191,638,999,525,0,0,0,0,0,-48.0,0,0,0,0,-49.0,302,999,172,218,-48.0,999,999,0,0,0,0,0,0,0,0,0,0,0,0,-50.0,0,0,0,0,-50.0,0,0,0,0,0,0,0,0,0,0,0,0,0,0,0,0,0,0,0,0,0,0,0,0,0,0,0,0,0,0,0,0,0,0,0,0,0,0,0,0,0,0,0,0,0,0,0,0,0,-49.0,0,0,0,0,0,0,0,0,0,-47.0,0,0,0,0,-46.0,0,0,0,0,0,0,0,0,0,0,0,0,0,0,0,0,0,55,0,0,0,0,0,0,-50.0,0,0,0,0,0,0,0,0,0,-48.0,0,53,0,0,0,0,0,0,0,-44.0,0,0,0,0,0,0,0,0,0,0,0,78,58,0,0,0,0,0,0
2021-08-27 10:28:02,0,0,133,79,0,0,72,51,0,64,0,0,65,0,0,-50.0,0,0,0,0,0,0,0,0,0,-50.0,0,159,670,368,-49.0,182,999,999,999,0,0,0,0,0,-48.0,0,0,0,0,-49.0,0,0,0,0,-48.0,0,0,0,0,0,0,0,0,0,0,0,0,0,0,-50.0,0,0,0,0,-50.0,0,0,0,0,0,0,0,0,0,0,0,0,0,0,0,0,0,0,0,0,0,0,0,0,0,0,0,0,0,0,0,0,0,0,0,0,0,0,0,0,0,0,0,0,0,0,0,0,0,-49.0,0,0,0,0,0,0,0,0,0,-47.0,0,0,0,0,-46.0,0,0,0,0,0,0,0,0,0,0,0,0,0,0,0,0,0,56,0,0,0,0,0,0,-50.0,0,0,0,0,0,0,0,0,0,-48.0,0,53,0,0,0,0,0,0,0,-44.0,0,0,0,0,0,0,0,0,0,0,0,77,58,0,0,0,0,0,0
2021-08-27 10:28:02.500000,0,0,140,74,0,0,0,0,0,0,0,0,0,0,81,-50.0,0,0,0,0,0,0,0,0,0,-50.0,403,999,999,999,-49.0,0,0,0,0,0,0,0,0,0,-48.0,0,0,0,0,-49.0,0,0,0,0,-48.0,0,0,0,0,0,0,0,0,0,0,0,0,0,0,-50.0,0,0,0,0,-50.0,0,0,0,0,0,0,0,0,0,0,0,0,0,0,0,0,0,0,0,0,0,0,0,0,0,0,0,0,0,0,0,0,0,0,0,0,0,0,0,0,0,0,0,0,0,0,0,0,0,-49.0,873,999,999,485,0,305,0,0,206,-47.0,0,0,0,0,-46.0,0,0,0,0,0,0,0,0,0,0,0,0,0,0,0,0,0,55,0,0,0,0,0,0,-50.0,0,0,0,0,0,0,0,0,0,-48.0,0,53,0,0,0,0,0,0,0,-44.0,0,0,0,0,0,0,0,0,0,0,0,78,59,0,0,0,0,0,0
2021-08-27 10:28:03,0,0,142,73,0,0,0,0,0,0,0,0,0,0,0,-50.0,0,0,0,0,0,0,0,0,0,-50.0,0,0,0,0,-49.0,0,0,0,0,0,0,0,0,0,-48.0,0,0,0,0,-49.0,0,0,0,0,-48.0,0,0,0,0,0,0,0,0,0,0,0,0,0,0,-50.0,0,0,0,0,-50.0,0,0,0,0,0,0,0,0,0,0,0,0,0,0,0,0,0,0,0,0,0,0,0,0,0,0,0,0,0,0,0,0,0,0,0,0,0,0,0,0,52,61,0,57,0,0,0,0,0,-49.0,55,79,0,57,0,999,182,999,999,-47.0,0,0,0,0,-46.0,0,0,0,0,0,0,0,0,0,0,0,0,0,0,0,0,0,0,0,0,0,0,0,0,-50.0,0,0,0,0,0,0,0,0,0,-48.0,0,53,0,0,0,0,0,0,0,-44.0,0,0,0,0,0,0,0,0,0,0,0,77,58,0,0,0,0,0,0
2021-08-27 10:28:03.500000,0,0,143,74,0,0,0,0,0,0,0,0,0,0,0,-50.0,0,0,0,0,0,0,0,0,0,-50.0,0,0,0,0,-49.0,0,0,0,0,0,0,0,0,0,-49.0,0,0,0,0,-49.0,0,0,0,0,-48.0,0,0,0,0,0,0,0,0,0,0,0,0,0,0,-50.0,0,0,0,0,-50.0,0,0,0,0,0,0,0,0,0,0,0,0,0,0,0,0,0,0,0,0,0,0,0,0,0,0,0,0,0,0,0,0,0,0,0,0,0,0,0,0,101,89,80,101,0,0,0,0,0,-49.0,0,0,0,0,0,0,0,0,0,-47.0,0,0,0,0,-46.0,0,0,0,0,0,0,0,0,0,0,0,0,0,0,0,0,0,0,0,0,0,0,0,0,-50.0,0,0,0,0,0,0,0,0,0,-48.0,0,53,0,0,0,0,0,0,0,-44.0,0,0,0,0,0,0,0,0,0,0,0,78,58,0,0,0,0,0,0
2021-08-27 10:28:04,0,0,143,75,0,0,0,0,0,0,0,0,0,0,0,-50.0,0,0,0,0,0,0,0,0,0,0,0,0,0,0,-49.0,0,0,0,0,0,0,0,0,0,-49.0,0,0,0,0,-49.0,0,0,0,0,-48.0,0,0,0,0,0,0,0,0,0,0,0,0,0,0,-50.0,0,0,0,0,-50.0,0,0,0,0,0,0,0,0,0,0,0,0,0,0,0,0,0,0,0,0,0,0,0,0,0,0,0,0,0,0,0,0,0,0,0,0,0,0,0,0,0,0,0,0,0,0,0,0,0,-49.0,0,0,0,0,0,0,0,0,0,-47.0,0,0,0,0,-47.0,0,0,0,0,0,0,0,0,0,0,0,0,0,0,0,0,0,0,0,0,0,0,0,0,-50.0,0,0,0,0,0,0,0,0,0,-48.0,0,53,0,0,0,0,0,0,0,-44.0,0,0,0,0,0,0,0,0,0,0,0,78,58,0,0,0,0,0,0
2021-08-27 10:28:04.500000,0,0,145,76,0,0,0,0,0,0,0,0,0,0,0,0,0,0,0,0,0,0,0,0,0,0,0,0,0,0,0,0,0,0,0,0,0,0,0,0,0,0,0,0,0,0,0,0,0,0,0,0,0,0,0,0,0,0,0,0,0,0,0,0,0,0,0,0,0,0,0,0,0,0,0,0,0,0,0,0,0,0,0,0,0,0,0,0,0,0,0,0,0,0,0,0,0,0,0,0,0,0,0,0,0,0,0,0,0,0,0,0,0,0,0,0,0,0,0,0,0,0,0,0,0,0,0,0,0,0,0,0,0,0,0,0,0,0,0,0,0,0,0,0,0,0,0,0,0,0,0,0,0,0,0,0,0,0,0,0,0,0,0,0,0,0,0,0,0,0,0,0,53,0,0,0,0,0,0,0,0,0,0,0,0,0,0,0,0,0,0,0,78,58,0,0,0,0,0,0
