reg_dt,21_lc1,21_lc2,21_lc3,21_lc4,22_lc1,22_lc2,22_lc3,22_lc4,23_lc1,23_lc2,23_lc3,23_lc4,24_lc1,24_lc2,24_lc3,24_lc4,25_lc1,25_lc2,25_lc3,25_lc4,26_lc1,26_lc2,26_lc3,26_lc4,27_lc1,27_lc2,27_lc3,27_lc4,28_lc1,28_lc2,28_lc3,28_lc4,29_lc1,29_lc2,29_lc3,29_lc4,30_lc1,30_lc2,30_lc3,30_lc4,31_lc1,31_lc2,31_lc3,31_lc4,32_lc1,32_lc2,32_lc3,32_lc4,33_lc1,33_lc2,33_lc3,33_lc4,34_lc1,34_lc2,34_lc3,34_lc4,35_lc1,35_lc2,35_lc3,35_lc4,36_lc1,36_lc2,36_lc3,36_lc4,37_lc1,37_lc2,37_lc3,37_lc4,38_lc1,38_lc2,38_lc3,38_lc4,39_lc1,39_lc2,39_lc3,39_lc4,40_lc1,40_lc2,40_lc3,40_lc4,41_lc1,41_lc2,41_lc3,41_lc4,42_lc1,42_lc2,42_lc3,42_lc4,43_lc1,43_lc2,43_lc3,43_lc4,44_lc1,44_lc2,44_lc3,44_lc4,45_lc1,45_lc2,45_lc3,45_lc4,46_lc1,46_lc2,46_lc3,46_lc4,47_lc1,47_lc2,47_lc3,47_lc4,48_lc1,48_lc2,48_lc3,48_lc4,49_lc1,49_lc2,49_lc3,49_lc4,50_lc1,50_lc2,50_lc3,50_lc4,51_lc1,51_lc2,51_lc3,51_lc4,52_lc1,52_lc2,52_lc3,52_lc4,53_lc1,53_lc2,53_lc3,53_lc4,54_lc1,54_lc2,54_lc3,54_lc4,55_lc1,55_lc2,55_lc3,55_lc4,56_lc1,56_lc2,56_lc3,56_lc4,57_lc1,57_lc2,57_lc3,57_lc4,58_lc1,58_lc2,58_lc3,58_lc4,59_lc1,59_lc2,59_lc3,59_lc4,60_lc1,60_lc2,60_lc3,60_lc4,21_ble,22_ble,23_ble,24_ble,25_ble,26_ble,27_ble,28_ble,29_ble,30_ble,31_ble,32_ble,33_ble,34_ble,35_ble,36_ble,37_ble,38_ble,39_ble,40_ble,41_ble,42_ble,43_ble,44_ble,45_ble,46_ble,47_ble,48_ble,49_ble,50_ble,51_ble,52_ble,53_ble,54_ble,55_ble,56_ble,57_ble,58_ble,59_ble,60_ble
2021-09-15 10:05:51.270304,0,0,0,0,0,0,0,0,0,0,0,0,0,0,0,0,0,0,0,0,0,0,0,0,0,0,0,0,0,0,0,0,0,0,0,0,0,0,0,0,0,0,0,0,0,0,0,0,0,0,0,0,0,0,0,0,0,0,0,0,0,0,0,0,0,0,0,0,0,0,0,0,0,0,0,0,0,0,0,0,0,0,0,0,0,0,0,0,0,0,0,0,0,0,0,0,0,0,0,0,0,0,0,0,0,0,0,0,0,0,0,0,0,0,0,0,0,0,0,0,0,0,0,0,0,0,0,0,0,0,0,0,0,0,0,0,0,0,0,0,0,0,0,0,0,0,0,0,0,0,0,0,0,0,0,0,0,0,0,0,0,0,0,0,0,0,0,0,0,0,0,0,0,0,0,0,0,0,0,0,0,0,0,0,0,0,0,0,0,0,0,0,0,0,0,0,0,0,0,0
2021-09-15 10:05:52.832475,0,0,0,0,0,0,0,0,0,0,0,0,0,74,0,0,0,0,56,0,0,0,0,0,0,58,0,0,0,0,0,0,0,0,0,0,0,0,0,0,73,0,0,0,0,0,0,0,0,0,67,0,0,0,0,0,0,0,0,0,0,0,0,0,0,0,0,0,0,0,64,0,0,0,0,62,0,0,0,0,0,0,0,0,78,0,0,0,0,0,0,0,0,0,0,0,0,0,0,0,0,0,62,0,0,0,0,62,0,0,0,0,0,0,54,0,0,70,0,0,0,0,0,0,0,0,0,0,0,0,0,69,0,0,0,0,0,0,0,0,0,69,0,0,0,0,0,0,0,54,0,0,0,0,0,0,0,0,0,63,0,0,0,0,0,0,-64,0,0,0,0,0,0,0,-69,0,0,0,0,0,0,0,0,0,0,0,0,0,0,0,0,0,0,0,0,0,0,0,0,0
2021-09-15 10:05:53.144915,0,0,0,0,0,0,0,0,0,0,0,0,0,73,0,0,0,0,56,0,0,0,0,0,0,58,0,0,0,0,0,0,0,0,0,0,0,0,0,0,73,0,0,0,0,0,0,0,0,0,67,0,0,0,0,0,0,0,0,0,0,0,0,0,0,0,0,0,0,0,63,0,0,0,0,62,0,0,0,0,0,0,0,0,77,0,0,0,0,0,0,0,0,0,0,0,0,0,0,0,0,0,62,0,0,0,0,62,0,0,0,0,0,0,54,0,0,70,0,0,0,0,0,0,0,0,0,0,0,0,0,69,0,0,0,0,0,0,0,0,0,69,0,0,0,0,0,0,0,54,0,0,0,0,0,0,0,0,0,63,0,0,0,0,0,0,0,0,0,0,0,0,0,0,0,0,0,0,0,0,0,0,0,0,0,0,0,0,0,0,0,0,0,0,0,0,0,0,0,0
2021-09-15 10:05:56.894259,0,91,0,0,0,0,0,0,0,0,0,0,0,0,74,77,999,999,999,786,55,0,0,0,0,0,0,0,549,0,0,0,0,0,0,0,0,0,0,0,72,0,0,0,0,0,0,0,0,0,68,0,0,0,0,0,0,0,0,0,0,0,0,0,0,0,0,0,0,0,62,0,0,0,0,61,0,0,0,0,0,0,0,0,70,0,0,0,0,0,0,0,0,0,0,0,0,0,0,0,0,0,61,0,0,0,0,62,0,0,0,0,0,0,54,0,0,71,0,0,0,0,0,0,0,0,0,0,0,51,0,69,0,0,0,0,0,0,0,0,0,69,0,0,0,0,0,0,0,54,0,0,0,0,0,0,0,0,0,63,0,0,0,0,0,0,0,0,0,0,0,0,0,-67,0,0,0,0,-68,0,0,0,0,0,0,0,0,0,0,0,0,0,0,0,0,0,0,0,0,0
2021-09-15 10:05:59.393702,0,87,52,0,0,0,0,0,0,0,0,0,0,65,0,0,0,0,0,0,54,0,0,0,0,0,0,0,0,0,0,0,0,0,0,0,0,0,0,0,0,0,0,0,999,999,999,999,924,999,861,372,0,0,0,0,0,0,0,0,0,0,0,0,0,0,0,0,0,0,60,0,0,0,0,60,0,0,0,0,0,0,0,0,70,0,0,0,0,0,0,0,0,0,0,0,0,0,0,0,0,0,61,0,0,0,0,62,0,0,0,0,0,0,55,0,0,71,0,0,0,0,0,0,0,0,0,0,0,53,0,68,0,0,0,0,0,0,0,0,0,70,0,0,0,0,0,0,0,55,0,0,0,0,0,0,0,0,0,63,0,0,0,0,0,0,0,0,0,0,0,0,0,0,0,0,0,0,0,0,0,0,0,0,0,0,0,0,0,0,0,0,0,0,0,0,0,0,0,0
2021-09-15 10:06:00.018581,0,94,52,0,0,0,0,0,0,0,0,0,0,69,0,0,0,0,0,0,54,0,0,0,0,0,0,0,0,0,0,0,0,0,0,61,0,0,0,0,82,0,0,0,0,0,0,0,964,999,999,999,0,0,0,0,0,0,0,0,120,0,0,0,0,0,0,0,0,0,61,0,0,0,0,60,0,0,0,0,0,0,0,0,70,0,0,0,0,0,0,0,0,0,0,0,0,0,0,0,0,0,61,0,0,0,0,62,0,0,0,0,0,0,54,0,0,71,0,0,0,0,0,0,0,0,0,0,0,51,0,67,0,0,0,0,0,0,0,0,0,70,0,0,0,0,0,0,0,55,0,0,0,0,0,0,0,0,0,63,0,0,0,0,0,0,0,0,0,0,-70,0,0,0,0,0,0,0,0,0,-68,0,0,0,0,0,0,0,0,0,0,0,0,0,0,0,0,0,-67,0
2021-09-15 10:06:00.330938,0,93,52,0,0,0,0,0,0,0,0,0,0,68,0,0,0,0,51,0,55,0,0,0,0,0,0,0,0,0,0,0,0,0,0,60,0,0,0,0,86,0,0,0,0,0,0,0,0,410,999,405,0,0,0,0,0,0,0,0,999,999,999,999,171,0,0,0,0,0,62,0,0,0,0,59,0,0,0,0,0,0,0,0,70,0,0,0,0,0,0,0,0,0,0,0,0,0,0,0,0,0,61,0,0,0,0,62,0,0,0,0,0,0,54,0,0,71,0,0,0,0,0,0,0,0,0,0,0,57,0,58,0,0,0,0,0,0,0,0,0,70,0,0,0,0,0,0,0,55,0,0,0,0,0,0,0,0,0,63,0,0,0,0,0,0,0,0,0,0,-70,0,0,0,0,0,0,0,0,0,-68,0,0,0,0,0,0,0,0,0,0,0,0,0,0,0,0,0,-67,0
2021-09-15 10:06:05.329911,0,94,55,0,0,0,0,0,0,0,0,0,0,69,0,0,0,0,51,0,54,0,0,0,0,0,0,0,0,0,0,0,0,0,0,0,0,0,54,0,0,0,0,0,0,0,0,0,0,52,0,0,999,999,999,999,0,0,0,0,0,0,0,0,0,0,0,0,0,0,67,0,0,0,0,69,0,0,0,0,0,0,0,0,70,0,0,0,0,0,0,0,0,0,0,0,0,0,0,0,0,0,62,0,0,0,0,63,0,0,0,0,0,0,55,0,0,71,0,0,0,0,0,0,0,0,0,0,0,57,0,67,0,0,0,0,0,0,0,0,0,64,0,0,0,0,0,0,0,52,0,0,0,0,0,0,0,0,0,0,0,0,0,0,0,0,0,0,0,-55,0,0,-50,0,0,0,0,0,0,0,0,0,-65,0,0,0,-66,0,0,0,0,0,0,0,0,0,0,0,0,0
2021-09-15 10:06:10.016353,0,162,54,0,999,999,999,999,104,0,0,0,0,0,0,0,0,0,53,0,53,0,0,0,0,59,0,0,0,0,0,0,0,0,0,0,0,0,0,0,0,0,0,0,0,0,0,0,0,0,54,0,0,0,0,0,0,0,0,0,0,0,0,0,0,0,0,0,0,0,69,0,0,0,0,60,0,0,0,0,0,0,0,0,68,0,0,0,0,0,0,0,0,0,0,0,0,0,0,0,0,0,62,0,0,0,0,62,0,0,0,0,0,0,54,0,0,72,0,0,0,0,0,0,0,0,0,0,0,0,0,71,0,0,0,0,0,0,0,0,0,70,0,0,0,0,0,0,0,52,0,0,0,0,0,0,0,0,0,0,0,0,0,0,0,0,0,0,0,0,0,0,0,0,0,-69,0,0,0,0,0,0,0,-62,0,-64,-70,0,0,0,0,0,0,0,0,-69,0,0,0,0
2021-09-15 10:06:11.266085,0,0,0,0,0,93,51,0,0,0,0,0,0,0,0,0,0,0,53,0,54,0,0,0,0,61,0,0,0,0,0,0,0,0,0,0,0,0,0,0,0,0,0,0,0,0,0,0,0,0,54,0,0,0,0,0,0,0,0,0,0,0,0,0,0,0,0,0,0,0,69,0,0,0,0,59,0,0,0,0,999,999,0,0,0,76,72,95,0,0,0,0,0,0,0,0,0,0,0,0,0,0,65,0,0,0,0,63,0,0,0,0,0,0,54,0,0,72,0,0,0,0,0,0,0,0,0,0,0,0,0,71,0,0,0,0,0,0,0,0,0,70,0,0,0,0,0,0,0,52,0,0,0,0,0,0,0,0,0,0,0,0,0,0,0,0,0,0,0,0,0,0,0,0,0,0,0,0,0,0,0,0,0,0,0,0,0,-62,0,0,0,0,0,0,0,0,0,0,0,0
2021-09-15 10:06:12.828230,0,77,0,0,0,0,0,0,0,0,0,0,0,0,0,0,0,0,56,0,54,0,0,0,0,64,0,0,0,0,0,0,0,0,0,0,0,0,0,0,0,0,0,0,0,0,0,0,0,0,56,0,0,0,0,0,0,0,0,0,0,0,0,0,0,0,0,0,0,0,71,0,0,0,0,60,0,0,0,0,0,0,0,0,0,0,0,0,0,0,0,0,121,0,0,0,999,999,999,999,73,0,0,0,0,0,0,52,0,70,0,0,0,0,53,0,0,70,0,0,0,0,0,0,0,0,0,0,0,0,0,70,0,0,0,0,0,0,0,0,0,69,0,0,0,0,0,0,0,52,0,0,0,0,0,0,0,0,0,0,0,0,0,0,0,0,0,0,0,0,-67,0,0,0,0,-73,0,0,0,0,0,0,0,0,-55,0,0,0,0,0,0,-61,0,0,0,0,0,0,0,0
2021-09-15 10:06:13.140586,0,78,0,0,0,0,0,0,0,0,0,0,0,0,0,0,0,0,57,0,55,0,0,0,0,65,0,0,0,0,0,0,0,0,0,0,0,0,0,0,0,0,0,0,0,0,0,0,0,0,56,0,0,0,0,0,0,0,0,0,0,0,0,0,0,0,0,0,0,0,71,0,0,0,0,60,0,0,0,0,0,0,0,0,0,0,0,0,0,0,0,0,0,0,0,0,999,999,999,999,57,0,0,0,0,0,0,0,0,66,0,0,0,0,53,0,0,72,0,0,0,0,0,0,0,0,0,0,0,0,0,70,0,0,0,0,0,0,0,0,0,68,0,0,0,0,0,0,0,52,0,0,0,0,0,0,0,0,0,0,0,0,0,0,0,0,0,0,0,0,-67,0,0,0,0,-73,0,0,0,0,0,0,0,0,-55,0,0,0,0,0,0,-61,0,0,0,0,0,0,0,0
2021-09-15 10:06:17.514553,0,78,0,0,0,0,0,0,0,0,0,0,0,0,0,0,0,0,57,0,55,0,0,0,0,68,0,0,0,0,0,0,0,0,0,0,0,0,0,0,0,0,0,0,0,0,0,0,0,0,57,0,0,0,0,0,0,0,0,0,0,0,0,0,0,0,0,0,0,0,73,0,0,0,0,0,0,0,0,0,0,0,0,0,0,0,0,0,0,0,0,0,0,0,0,0,0,0,0,0,0,0,0,0,0,0,0,0,0,0,0,0,0,0,0,0,0,0,0,0,0,0,0,0,0,0,0,0,0,0,0,63,0,0,0,0,0,108,0,0,999,418,467,999,999,999,999,999,123,0,70,90,92,0,55,0,105,120,0,100,0,0,0,0,0,0,0,0,0,0,0,0,0,0,0,0,0,0,0,0,0,-70,0,0,0,0,0,0,0,0,0,0,0,0,0,0,0,0,0,0
2021-09-15 10:06:17.826995,0,78,0,0,0,0,0,0,0,0,0,0,0,0,0,0,0,0,58,0,54,0,0,0,0,68,0,0,0,0,0,0,0,0,0,0,0,0,0,0,0,0,0,0,0,0,0,0,0,0,57,0,0,0,0,0,0,0,0,0,0,0,0,0,0,0,0,0,0,0,76,0,0,0,0,0,0,0,0,0,0,0,0,0,0,0,0,0,0,0,0,0,0,0,0,0,0,0,0,0,0,0,0,0,0,0,0,0,0,0,0,0,0,0,0,0,0,0,0,0,0,0,0,0,0,0,0,0,0,0,0,65,0,0,0,0,0,0,58,0,0,0,0,0,999,999,999,999,152,0,89,115,128,0,60,0,161,196,86,157,0,0,0,0,0,0,0,0,0,0,0,0,0,0,0,0,0,0,0,0,0,0,0,0,0,0,0,0,0,0,0,0,0,0,0,0,0,0,0,0
2021-09-15 10:06:18.139417,0,78,0,0,0,0,0,0,0,0,0,0,0,0,0,0,0,0,58,0,55,0,0,0,0,68,0,0,0,0,0,0,0,0,0,0,0,0,0,0,0,0,0,0,0,0,0,0,0,0,57,0,0,0,0,0,0,0,0,0,0,0,0,0,0,0,0,0,0,0,75,0,0,0,0,0,0,0,0,0,0,0,0,0,0,0,0,0,0,0,0,0,0,0,0,0,0,0,0,0,0,0,0,0,0,0,0,51,0,0,0,0,0,0,0,0,0,0,0,0,0,0,0,0,0,0,0,0,0,52,0,65,0,0,0,0,0,0,62,0,0,68,0,0,999,920,999,999,118,0,79,73,90,0,52,0,999,566,437,999,0,0,0,0,0,0,0,0,0,0,0,0,0,0,0,0,0,0,0,0,0,0,0,-72,0,0,0,0,0,0,0,0,0,0,0,0,0,0,0,0
2021-09-15 10:06:19.701563,0,78,0,0,0,0,0,0,0,0,0,0,0,0,0,0,0,0,58,0,55,0,0,0,0,68,0,0,0,0,0,0,0,0,0,0,0,0,0,0,0,0,0,0,0,0,0,0,0,0,57,0,0,0,0,0,0,0,0,0,0,0,0,0,0,0,0,0,0,0,81,0,0,0,51,0,0,0,0,0,0,0,0,0,0,0,0,0,0,0,0,0,0,0,0,0,0,0,0,0,0,0,0,0,0,0,0,51,0,0,0,0,0,0,0,0,0,0,0,0,0,0,0,0,0,0,0,0,0,52,0,67,0,0,0,0,0,0,0,0,0,70,0,0,89,0,0,0,0,150,0,227,999,999,969,999,0,0,0,73,0,0,0,0,0,0,0,0,0,0,0,0,0,0,0,0,0,0,0,0,0,0,0,0,0,-66,-65,0,0,-62,0,0,0,0,0,0,0,0,0,0
2021-09-15 10:06:26.574928,0,78,0,0,0,0,0,0,0,0,0,0,0,0,0,0,0,0,59,0,55,0,0,0,0,70,0,0,0,0,0,0,0,0,0,0,0,0,0,0,0,0,0,0,0,0,0,0,0,0,59,0,0,0,0,0,0,0,0,0,0,0,0,0,0,0,0,0,0,0,74,0,0,0,0,62,0,0,0,0,0,0,0,0,999,999,999,999,0,292,0,96,0,0,0,0,0,0,0,0,64,0,77,0,0,0,0,0,0,52,0,0,0,0,54,0,0,57,0,0,0,0,0,0,0,0,0,0,0,0,0,61,0,0,55,0,0,0,0,0,0,70,0,0,0,0,0,0,0,56,0,0,0,0,0,0,0,0,0,0,0,0,0,0,0,0,0,0,0,0,0,0,0,0,0,0,0,0,0,0,0,0,0,0,0,0,0,0,0,0,0,0,0,0,0,0,0,0,0,0
2021-09-15 10:06:27.199836,0,76,0,0,0,0,0,0,0,0,0,0,0,0,0,0,0,0,60,0,55,0,0,0,0,70,0,0,0,0,0,0,0,0,0,0,0,0,0,0,0,0,0,0,0,0,0,0,0,0,59,0,0,0,0,0,0,0,0,0,0,0,0,0,0,0,0,0,0,0,74,0,0,0,0,62,0,0,0,0,323,999,999,0,999,999,363,999,67,57,0,0,0,0,0,0,0,0,0,0,57,0,59,0,0,0,0,0,0,51,0,0,0,0,54,0,0,58,0,0,0,0,0,0,0,0,0,0,0,0,0,61,0,0,56,0,0,0,0,0,0,70,0,0,0,0,0,0,0,56,0,0,0,0,0,0,0,0,0,0,-51,0,0,0,0,0,0,0,0,0,0,0,0,0,0,0,0,0,0,0,0,0,0,0,-65,0,0,0,0,0,0,0,0,0,0,0,0,0,0,0
2021-09-15 10:06:27.512212,0,75,0,0,0,88,0,0,0,0,0,0,0,0,0,0,0,0,60,0,55,0,0,0,0,70,0,0,0,0,0,0,0,0,0,0,0,0,0,0,0,0,0,0,0,0,0,0,0,0,59,0,0,0,0,0,0,0,0,0,0,0,0,0,0,0,0,0,0,0,74,0,0,0,0,62,0,0,0,0,725,999,999,0,113,73,0,0,86,0,0,64,0,0,0,0,0,0,0,0,55,0,0,0,0,0,0,0,0,52,0,0,0,0,54,0,0,56,0,0,0,0,0,0,0,0,0,0,0,0,0,61,0,0,57,0,0,0,0,0,0,70,0,0,0,0,0,0,0,56,0,0,0,0,0,0,0,0,0,0,-51,0,0,0,0,0,0,0,0,0,0,0,0,0,0,0,0,0,0,0,0,0,0,0,0,0,0,0,0,0,0,0,0,0,0,0,0,0,0,0
2021-09-15 10:06:28.137062,0,154,0,0,999,999,951,283,0,0,0,0,0,0,0,0,0,0,60,0,55,0,0,0,0,71,0,0,0,0,0,0,0,0,0,0,0,0,0,0,0,0,0,0,0,0,0,0,0,0,59,0,0,0,0,0,0,0,0,0,0,0,0,0,0,0,0,0,0,0,74,0,0,0,0,62,0,0,0,0,181,285,0,0,99,107,0,0,88,0,0,57,0,0,0,0,0,0,0,0,54,0,0,0,0,0,0,0,0,53,0,0,0,0,54,0,0,54,0,0,0,0,0,0,0,0,0,0,0,0,0,61,0,0,57,0,0,0,0,0,0,70,0,0,0,0,0,0,0,56,0,0,0,0,0,0,0,0,0,0,0,0,0,0,0,0,0,0,0,0,0,0,0,0,0,0,0,0,0,0,0,0,0,0,0,0,0,0,0,0,0,0,0,0,0,0,-69,0,0,0
2021-09-15 10:06:29.074353,795,999,999,999,427,97,0,272,0,0,0,0,0,0,0,0,0,0,84,0,55,0,0,0,0,67,0,0,0,0,0,0,0,0,0,0,0,0,0,0,0,0,0,0,0,0,0,0,0,0,58,0,0,0,0,0,0,0,0,0,0,0,0,0,0,0,0,0,0,0,74,0,0,0,0,62,0,0,0,0,0,0,0,0,100,114,0,0,85,0,0,57,0,0,0,0,0,0,0,0,55,0,0,0,0,0,0,0,0,55,0,0,0,0,55,0,0,56,0,0,0,0,0,0,0,0,0,0,0,0,0,61,0,0,58,0,0,0,0,0,0,71,0,0,0,0,0,0,0,57,0,0,0,0,0,0,0,0,0,0,0,0,0,0,0,0,0,0,0,0,0,0,0,0,0,0,0,0,0,0,0,0,0,0,0,0,0,0,0,0,0,0,0,0,0,0,0,0,0,0
2021-09-15 10:06:29.386780,956,999,999,999,0,0,0,0,0,0,0,0,0,0,0,79,0,0,89,0,55,0,0,0,0,67,0,0,0,0,0,0,0,0,0,0,0,0,0,0,0,0,0,0,0,0,0,0,0,0,58,0,0,0,0,0,0,0,0,0,0,0,0,0,0,0,0,0,0,0,73,0,0,0,0,62,0,0,0,0,0,0,0,0,99,114,0,0,85,0,0,57,0,0,0,0,0,0,0,0,55,0,0,0,0,0,0,0,0,55,0,0,0,0,55,0,0,56,0,0,0,0,0,0,0,0,0,0,0,0,0,62,0,0,58,0,0,0,0,0,0,71,0,0,0,0,0,0,0,57,0,0,0,0,0,0,0,0,0,51,0,0,0,0,0,0,0,0,0,0,0,0,0,0,0,0,0,0,0,0,0,0,0,0,0,0,0,0,0,0,0,0,0,0,0,-63,0,0,0,0
2021-09-15 10:06:34.073169,0,151,0,60,0,0,0,0,0,0,0,0,0,0,0,0,0,0,65,0,55,0,0,0,0,68,0,0,0,0,0,0,0,0,0,0,0,0,0,0,0,0,0,0,0,0,0,0,0,0,58,0,0,0,0,0,0,0,0,0,0,0,0,0,0,0,0,0,0,0,74,0,0,0,0,62,0,0,0,0,0,0,0,0,54,0,0,0,139,152,84,130,0,0,0,0,140,242,329,127,999,692,999,999,0,0,0,60,0,0,0,0,0,0,52,0,0,56,0,0,0,0,0,0,0,0,0,0,0,0,0,61,0,0,64,0,0,0,0,0,0,71,0,0,0,0,0,0,0,55,0,0,0,0,0,0,0,0,0,51,0,0,0,0,0,0,0,0,0,-66,0,0,0,0,0,0,0,0,0,0,0,0,0,0,0,0,0,0,0,0,0,0,-68,0,-65,0,0,0,0,0
2021-09-15 10:06:35.010510,0,152,0,60,0,0,0,0,0,0,0,0,0,0,0,0,0,0,65,0,0,0,0,0,0,68,0,0,0,0,0,0,0,0,0,0,0,0,0,0,0,0,0,0,0,0,0,0,0,0,59,0,0,0,0,0,0,0,0,0,0,0,0,0,0,0,0,0,0,0,74,0,0,0,0,62,0,0,0,0,0,0,0,0,56,0,0,0,55,59,0,0,0,0,0,0,652,821,999,999,72,0,0,0,0,0,0,61,0,0,0,0,0,0,52,0,0,67,0,0,0,0,0,0,0,0,0,0,0,0,0,62,0,0,63,0,0,0,0,0,0,71,0,0,0,0,0,0,0,56,0,0,0,0,0,0,0,0,0,52,0,0,0,0,0,0,0,0,0,0,0,0,0,0,0,0,0,0,0,0,0,0,0,0,0,0,0,0,0,0,0,0,-68,0,0,0,0,-69,0,0
2021-09-15 10:06:35.322910,0,152,0,60,0,0,0,0,0,0,0,0,0,0,0,0,0,0,65,0,319,999,761,914,53,66,0,0,0,0,0,0,0,0,0,0,0,0,0,0,0,0,0,0,0,0,0,0,0,0,59,0,0,0,0,0,0,0,0,0,0,0,0,0,0,0,0,0,0,0,74,0,0,0,0,62,0,0,0,0,0,0,0,0,55,0,0,0,56,64,0,0,0,0,0,0,96,0,0,74,0,0,57,0,0,0,0,64,0,0,0,0,0,0,51,0,0,69,0,0,0,0,0,0,0,0,0,0,0,0,0,62,0,0,62,0,0,0,0,0,0,71,0,0,0,0,0,0,0,56,0,0,0,0,0,0,0,0,0,51,0,0,0,0,0,0,0,0,0,0,0,0,0,0,0,0,0,0,0,0,0,0,0,0,0,0,0,0,0,0,0,0,-68,0,0,0,0,-69,0,0
2021-09-15 10:06:36.260196,0,263,87,0,0,0,0,0,0,0,0,0,0,0,76,185,999,999,999,948,0,0,0,0,0,64,0,0,0,0,0,0,0,0,0,0,0,0,0,0,0,0,0,0,0,0,0,0,0,0,58,0,0,0,0,0,0,0,0,0,0,0,0,0,0,0,0,0,0,0,73,0,0,0,0,61,0,0,0,0,0,0,0,0,56,0,0,0,63,73,0,0,0,0,0,0,0,0,0,0,0,0,63,0,0,0,0,67,0,0,0,0,0,0,52,0,0,70,0,0,0,0,0,0,0,0,0,0,0,0,0,62,0,0,62,0,0,0,0,0,0,72,0,0,0,0,0,0,0,57,0,0,0,0,0,0,0,0,0,52,0,0,0,0,0,0,0,0,0,0,0,0,0,0,0,0,0,0,0,0,0,0,0,0,0,0,0,0,0,0,0,0,0,0,0,0,0,0,0,0
2021-09-15 10:06:36.885021,0,183,0,0,0,0,0,0,0,0,0,0,0,0,74,0,999,980,999,999,0,0,0,0,0,72,0,0,999,510,349,963,0,0,0,0,0,0,0,0,0,0,0,0,0,0,0,0,0,0,58,0,0,0,0,0,0,0,0,0,0,0,0,0,0,0,0,0,0,0,73,0,0,0,0,60,0,0,0,0,0,0,0,0,57,0,0,0,63,74,0,0,0,0,0,0,0,0,0,0,0,0,63,0,0,0,0,67,0,0,0,0,0,0,53,0,0,70,0,0,0,0,0,0,0,0,0,0,0,0,0,62,0,0,62,0,0,0,0,0,0,72,0,0,0,0,0,0,0,57,0,0,0,0,0,0,0,0,0,52,0,0,0,0,0,0,0,0,0,0,0,0,0,0,0,0,0,0,0,0,0,0,0,0,-68,0,0,0,0,0,0,0,0,0,-62,0,0,0,0,0
2021-09-15 10:06:40.946558,0,163,0,53,0,0,0,0,0,0,0,0,0,77,0,0,0,0,67,0,0,0,0,0,0,66,0,0,0,0,0,0,0,0,0,0,0,0,0,0,0,0,0,0,0,0,0,0,0,0,58,0,0,0,0,0,0,0,0,0,0,0,0,0,0,0,0,0,0,0,74,0,0,0,0,62,0,0,0,0,0,0,0,0,57,52,0,0,61,67,0,0,0,0,0,0,0,0,0,0,0,0,58,0,0,0,0,64,0,0,0,0,0,0,69,0,999,999,999,999,85,0,0,0,0,146,0,0,0,0,0,62,0,0,78,0,0,0,0,0,0,72,0,0,0,0,0,0,0,55,0,0,0,0,0,0,0,0,0,52,0,0,0,0,0,0,-52,0,0,0,0,0,0,0,0,0,0,0,0,0,0,0,0,0,0,0,0,0,0,0,0,0,0,0,0,0,0,0,0,0
2021-09-15 10:06:45.632969,0,163,0,0,0,0,0,0,0,0,0,0,0,75,0,0,0,0,62,0,0,0,0,0,52,76,0,0,0,0,0,0,0,0,0,63,0,0,0,0,999,999,724,999,0,0,0,0,0,0,66,0,0,0,0,0,0,0,0,0,0,0,0,0,0,0,0,0,0,0,74,0,0,0,0,60,0,0,0,0,0,0,0,0,58,54,0,0,64,70,0,0,0,0,0,0,0,0,0,0,0,0,63,0,0,0,0,64,0,0,0,0,0,0,54,0,0,79,0,0,0,0,0,0,140,0,0,0,0,60,0,61,0,0,60,0,0,0,0,0,0,73,0,0,0,0,0,0,0,56,0,0,0,0,0,0,0,0,0,53,0,0,0,0,0,0,0,0,0,-55,-64,0,0,0,0,0,0,0,0,0,0,0,0,0,0,0,0,0,-55,0,0,0,0,0,0,-71,-64,0,0,0
2021-09-15 10:06:45.945425,0,163,0,0,0,0,0,0,0,0,0,0,0,75,0,0,0,0,60,0,0,0,0,0,51,74,0,0,0,0,0,0,0,0,0,59,0,0,0,0,999,999,999,999,0,0,0,0,0,0,66,0,0,0,0,0,0,0,0,0,0,0,0,0,0,0,0,0,0,0,72,0,0,0,0,60,0,0,0,0,0,0,0,0,57,54,0,0,64,70,0,0,0,0,0,0,0,0,0,0,0,0,63,0,0,0,0,64,0,0,0,0,0,0,54,0,0,79,0,0,0,0,0,0,140,0,0,0,0,58,0,64,0,0,60,0,0,0,0,0,0,73,0,0,0,0,0,0,0,57,0,0,0,0,0,0,0,0,0,52,0,0,0,0,0,0,0,0,0,-55,-64,0,0,0,0,0,0,0,0,0,0,0,0,0,0,0,0,0,-55,0,0,0,0,0,0,-71,-64,0,0,0
2021-09-15 10:06:50.631785,0,166,0,53,0,0,0,0,0,0,0,0,0,78,0,0,0,0,66,0,0,0,0,0,57,82,0,0,0,0,0,0,0,0,0,0,0,0,0,54,0,0,0,0,0,0,0,0,0,706,606,122,999,999,549,999,0,0,0,0,0,0,0,0,0,0,0,0,0,0,73,0,0,0,0,62,0,0,0,0,0,0,0,0,57,54,0,0,63,70,0,0,0,0,0,0,0,0,0,0,0,0,62,0,0,0,0,63,0,0,0,0,0,0,0,0,0,75,0,0,0,0,0,0,0,0,0,0,0,53,0,75,0,0,0,0,0,0,0,0,0,65,0,0,0,0,0,0,0,57,0,0,0,0,0,0,0,0,0,52,0,0,-64,0,0,0,0,0,0,0,0,0,0,0,0,-65,0,0,0,0,0,0,0,0,0,0,0,0,0,0,0,0,0,0,0,0,-63,0,0,0
2021-09-15 10:06:50.944215,0,164,0,52,0,0,0,0,0,0,0,0,0,77,0,0,0,0,67,0,0,0,0,0,57,81,0,0,0,0,0,0,0,0,0,51,0,0,0,52,58,0,0,0,0,0,54,62,755,999,999,999,100,0,0,0,0,0,0,0,0,0,0,0,0,0,0,0,0,0,74,0,0,0,0,62,0,0,0,0,0,0,0,0,57,54,0,0,63,70,0,0,0,0,0,0,0,0,0,0,0,0,62,0,0,0,0,63,0,0,0,0,0,0,0,0,0,75,0,0,0,0,0,0,0,0,0,0,0,51,0,74,0,0,0,0,0,0,0,0,0,65,0,0,0,0,0,0,0,57,0,0,0,0,0,0,0,0,0,52,0,0,0,0,0,0,0,0,0,0,0,-62,0,0,0,0,0,0,0,0,0,0,0,0,0,0,0,0,0,0,0,0,0,0,0,0,0,0,0,0
2021-09-15 10:06:51.256650,0,164,0,52,0,0,0,0,0,0,0,0,0,77,0,0,0,0,65,0,0,0,0,0,55,80,0,0,0,0,0,0,0,0,0,51,0,0,0,51,61,0,0,0,0,0,53,66,880,999,999,999,0,0,0,0,0,0,0,0,0,0,0,0,0,0,0,0,0,0,73,0,0,0,0,62,0,0,0,0,0,0,0,0,57,54,0,0,64,71,0,0,0,0,0,0,0,0,0,0,0,0,62,0,0,0,0,64,0,0,0,0,0,0,0,0,0,75,0,0,0,0,0,0,0,0,0,0,0,0,0,73,0,0,0,0,0,0,0,0,0,65,0,0,0,0,0,0,0,57,0,0,0,0,0,0,0,0,0,53,-68,0,0,0,0,0,0,0,0,0,0,0,0,0,0,0,0,0,0,0,0,0,0,0,0,0,0,0,0,0,-73,-71,0,0,0,0,-62,0,0,0
2021-09-15 10:06:51.881553,0,164,0,51,0,0,0,0,0,0,0,0,0,76,0,0,0,0,64,0,0,0,0,0,55,79,0,0,0,0,0,0,0,0,0,0,0,0,0,0,0,0,0,0,0,0,0,0,0,61,505,608,0,0,0,0,0,0,0,0,999,999,999,999,174,69,0,70,0,0,73,0,0,0,0,60,0,0,0,0,0,0,0,0,57,54,0,0,64,71,0,0,0,0,0,0,0,0,0,0,0,0,63,0,0,0,0,64,0,0,0,0,0,0,0,0,0,76,0,0,0,0,0,0,0,0,0,0,0,53,0,73,0,0,0,0,0,0,0,0,0,68,0,0,0,0,0,0,0,57,0,0,0,0,0,0,0,0,0,52,0,0,0,0,0,0,0,0,0,0,0,0,0,0,0,0,0,0,0,0,0,0,0,0,0,0,0,0,0,0,0,0,-57,0,0,0,0,0,0,0
2021-09-15 10:06:52.193919,0,163,0,51,0,0,0,0,0,0,0,0,0,76,0,0,0,0,64,0,0,0,0,0,55,79,0,0,0,0,0,0,0,0,0,0,0,0,0,0,0,0,0,0,0,0,0,0,0,0,74,0,0,0,0,0,0,0,0,0,999,999,999,999,175,53,0,71,0,0,74,0,0,0,0,60,0,0,0,0,0,0,0,0,57,54,0,0,64,71,0,0,0,0,0,0,0,0,0,0,0,0,63,0,0,0,0,64,0,0,0,0,0,0,0,0,0,76,0,0,0,0,0,0,0,0,0,0,0,53,0,72,0,0,0,0,0,0,0,0,0,69,0,0,51,0,0,0,0,57,0,0,0,0,0,0,0,0,0,52,0,0,0,0,0,0,0,0,0,0,0,0,-62,0,0,0,0,0,0,0,0,0,0,0,0,0,0,0,0,0,0,0,0,0,0,0,0,0,0,0
2021-09-15 10:06:52.818774,0,164,0,51,0,0,0,0,0,0,0,0,0,76,0,0,0,0,63,0,0,0,0,0,55,77,0,0,0,0,0,0,0,0,0,0,0,0,0,0,0,0,0,0,0,0,0,0,0,0,82,59,61,70,53,82,999,999,999,999,0,0,0,0,0,0,70,0,0,0,61,0,0,0,0,59,0,0,0,0,0,0,0,0,57,54,0,0,64,72,0,0,0,0,0,0,0,0,0,0,0,0,63,0,0,0,0,65,0,0,0,0,0,0,0,0,0,76,0,0,0,0,0,0,0,0,0,0,0,53,0,73,0,0,0,0,0,0,0,0,0,69,0,0,52,0,0,0,0,57,0,0,0,0,0,0,0,0,0,52,0,0,0,0,0,0,0,0,0,0,0,0,0,0,0,0,0,0,0,0,0,0,0,0,0,0,0,0,0,0,0,0,0,0,0,0,0,0,0,0
2021-09-15 10:06:53.131201,0,161,0,0,0,0,0,0,0,0,0,0,0,75,0,0,0,0,61,0,0,0,0,0,53,75,0,0,0,0,0,0,0,0,0,0,0,0,0,0,0,0,0,0,0,0,0,0,0,0,75,0,57,66,0,74,999,999,999,999,0,0,0,0,0,0,58,0,0,0,58,0,0,0,0,57,0,0,0,0,0,0,0,0,57,54,0,0,64,71,0,0,0,0,0,0,0,0,0,0,0,0,63,0,0,0,0,65,0,0,0,0,0,0,0,0,0,76,0,0,0,0,0,0,0,0,0,0,0,53,0,72,0,0,0,0,0,0,0,0,0,68,0,0,52,0,0,0,0,57,0,0,0,0,0,0,0,0,0,52,0,0,0,0,0,0,0,0,0,0,0,0,0,0,0,0,0,0,0,0,0,0,0,0,0,0,0,0,0,0,0,0,0,0,0,0,0,0,0,0
2021-09-15 10:06:53.443637,0,164,0,51,0,0,0,0,0,0,0,0,0,76,0,0,0,0,63,0,0,0,0,0,54,77,0,0,0,0,0,0,0,0,0,0,0,0,0,0,0,0,0,0,0,0,0,0,0,0,68,0,0,0,0,52,999,999,999,999,0,0,0,0,0,0,55,0,0,0,0,0,0,0,0,56,0,0,0,0,0,0,0,0,57,54,0,0,65,71,0,0,0,0,0,0,0,0,0,0,0,0,63,0,0,0,0,65,0,0,0,0,0,0,0,0,0,76,0,0,0,0,0,0,0,0,0,0,0,51,0,68,0,0,0,0,58,66,0,0,999,999,324,999,63,0,0,0,0,57,0,0,0,0,0,0,0,0,0,52,0,0,0,0,0,0,0,0,0,0,0,0,0,0,0,0,0,0,0,0,0,0,0,0,0,0,-59,0,0,0,0,0,0,0,0,0,0,0,0,-60
2021-09-15 10:06:53.756064,0,164,0,51,0,0,0,0,0,0,0,0,0,76,0,0,0,0,63,0,0,0,0,0,54,77,0,0,0,0,0,0,0,0,0,0,0,0,0,0,0,0,0,0,0,0,0,0,0,0,0,0,0,0,0,0,70,121,0,0,0,0,0,0,0,0,53,0,0,0,67,0,0,0,0,59,0,0,0,0,0,0,0,0,57,54,0,0,65,71,0,0,0,0,0,0,0,0,0,0,0,0,63,0,0,0,0,65,0,0,0,0,0,0,0,0,0,77,0,0,0,0,0,0,0,0,0,0,0,0,0,67,0,0,0,0,152,156,69,139,999,999,999,999,79,0,0,0,74,0,0,0,0,0,0,0,0,0,0,52,0,0,0,0,0,0,0,0,0,0,0,0,0,0,0,0,0,0,0,0,0,0,0,0,0,0,-59,0,0,0,0,0,0,0,0,0,0,0,0,-60
2021-09-15 10:06:55.630652,0,166,0,53,0,0,0,0,0,0,0,0,0,78,0,0,0,0,66,0,0,0,0,0,56,81,0,0,0,0,0,0,0,0,0,0,0,0,0,0,0,0,0,0,0,0,0,0,0,0,56,0,0,0,0,0,0,0,0,0,0,0,0,0,0,0,53,0,0,0,74,0,0,0,0,60,0,0,0,0,0,0,0,0,56,54,0,0,64,71,0,0,0,0,0,0,0,0,0,0,0,0,63,0,0,0,0,63,0,0,0,0,0,0,0,0,0,76,0,0,0,0,0,0,0,0,0,0,0,0,0,74,0,0,0,0,0,0,52,0,0,70,0,0,0,102,89,99,999,999,963,999,89,0,0,0,0,0,0,62,0,0,0,0,0,0,0,0,0,-65,0,0,0,0,0,0,0,0,0,0,0,-65,0,0,0,0,0,0,0,0,0,0,0,0,0,0,0,0,0,0
2021-09-15 10:06:58.754849,0,164,0,52,0,0,0,0,0,0,0,0,0,77,0,0,0,0,65,0,0,0,0,0,56,80,0,0,0,0,0,0,0,0,0,0,0,0,0,0,0,0,0,0,0,0,0,0,0,0,0,0,0,0,0,0,0,0,0,0,0,0,0,0,530,999,999,999,0,0,53,0,0,0,0,74,89,106,83,118,0,0,0,0,57,55,0,0,65,72,0,0,0,0,0,0,0,0,0,0,0,0,64,0,0,0,0,65,0,0,0,0,0,0,0,0,0,77,0,0,0,0,0,0,0,0,0,0,0,52,0,74,0,0,0,0,0,0,0,0,0,71,0,0,0,0,0,0,0,0,0,0,0,0,0,0,0,0,0,62,0,0,0,0,0,0,0,0,0,0,0,0,0,0,0,0,0,0,0,0,0,0,0,0,0,0,0,0,0,0,0,0,0,0,0,0,0,0,0,0
2021-09-15 10:06:59.067322,0,164,0,51,0,0,0,0,0,0,0,0,0,77,0,0,0,0,64,0,0,0,0,0,55,79,0,0,0,0,0,0,0,0,0,0,0,0,0,0,0,0,0,0,0,0,0,0,0,0,0,0,0,0,0,0,0,0,0,0,0,0,0,0,714,999,999,999,0,0,0,0,0,0,0,71,100,111,96,118,0,0,0,0,57,55,0,0,65,72,0,0,0,0,0,0,0,0,0,0,0,0,64,0,0,0,0,65,0,0,0,0,0,0,0,0,0,78,0,0,0,0,0,0,0,0,0,0,0,52,0,74,0,0,0,0,0,0,0,0,0,72,0,0,0,0,0,0,0,0,0,0,0,0,0,0,0,0,0,62,0,0,0,0,0,0,0,0,0,0,0,0,0,0,0,0,0,0,0,0,0,0,0,0,0,0,0,0,0,0,0,0,0,0,0,0,0,0,0,0
2021-09-15 10:06:59.379734,0,165,0,52,0,0,0,0,0,0,0,0,0,77,0,0,0,0,65,0,0,0,0,0,55,80,0,0,0,0,0,0,0,0,0,0,0,0,0,0,0,0,0,0,0,0,0,0,0,0,51,0,0,0,0,0,0,0,0,0,0,0,0,0,640,999,999,999,0,0,58,0,0,0,0,79,999,54,0,635,0,0,0,0,57,55,0,0,65,72,0,0,0,0,0,0,0,0,0,0,0,0,64,0,0,0,0,65,0,0,0,0,0,0,0,0,0,78,0,0,0,0,0,0,0,0,0,0,0,52,0,74,0,0,0,0,0,0,0,0,0,72,0,0,0,0,0,0,0,0,0,0,0,0,0,0,0,0,0,62,0,0,0,0,0,0,0,0,0,0,0,0,0,0,0,0,0,0,0,0,0,0,0,0,0,0,0,0,0,0,0,0,0,0,0,0,0,0,0,0
2021-09-15 10:07:00.317032,0,164,0,52,0,0,0,0,0,0,0,0,0,77,0,0,0,0,64,0,0,0,0,0,55,79,0,0,0,0,0,0,0,0,0,0,0,0,0,0,0,0,0,0,0,0,0,0,0,0,58,0,0,0,0,0,0,0,0,0,0,0,0,0,0,0,57,0,96,0,129,86,999,894,160,999,788,476,801,999,0,0,0,0,57,55,0,0,65,73,0,0,0,0,0,0,0,0,0,0,0,0,64,0,0,0,0,66,0,0,0,0,0,0,0,0,0,78,0,0,0,0,0,0,0,0,0,0,0,53,0,75,0,0,0,0,0,0,0,0,0,72,0,0,0,0,0,0,0,0,0,0,0,0,0,0,0,0,0,69,0,0,0,0,0,0,0,0,0,0,0,0,0,0,0,0,0,0,0,0,0,0,0,0,0,0,0,0,0,0,0,0,0,0,0,0,0,0,0,0
2021-09-15 10:07:00.941885,0,164,0,51,0,0,0,0,0,0,0,0,0,77,0,0,0,0,64,0,0,0,0,0,55,79,0,0,0,0,0,0,0,0,0,0,0,0,0,0,0,0,0,0,0,0,0,0,0,0,57,0,0,0,0,0,0,0,0,0,0,0,0,0,0,0,0,0,85,55,124,69,999,999,328,999,0,0,0,0,0,0,0,0,57,55,0,0,65,73,0,0,0,0,0,0,0,0,0,0,0,0,65,0,0,0,0,66,0,0,0,0,0,0,0,0,0,78,0,0,0,0,0,0,0,0,0,0,0,53,0,75,0,0,0,0,0,0,0,0,0,73,0,0,0,0,0,0,0,0,0,0,0,0,0,0,52,0,0,79,0,0,0,0,0,0,0,0,0,0,0,0,0,0,0,0,0,0,0,0,0,0,0,0,0,0,0,0,0,0,0,0,0,0,-53,0,0,0,0,0
2021-09-15 10:07:02.504057,0,166,0,53,0,0,0,0,0,0,0,0,0,78,0,0,0,0,66,0,0,0,0,0,56,81,0,0,0,0,0,0,0,0,0,0,0,0,0,0,0,0,0,0,0,0,0,0,0,0,58,0,0,0,0,0,0,0,0,0,0,0,0,0,0,0,0,0,0,0,86,0,0,0,151,0,0,0,0,0,0,0,0,0,57,55,0,0,65,73,0,0,0,0,0,0,0,0,0,0,0,0,64,0,0,0,0,65,0,0,0,0,0,0,0,0,0,78,0,0,0,0,0,0,0,0,0,0,0,52,0,75,0,0,0,0,0,0,0,0,0,73,0,0,108,0,64,0,0,95,0,56,999,604,429,999,81,0,211,159,0,0,0,0,0,0,0,0,0,0,0,0,0,0,0,0,0,0,0,0,0,0,0,0,0,0,0,0,0,0,0,0,0,0,0,0,0,-44,0,0
2021-09-15 10:07:07.190403,0,166,0,54,0,0,0,0,0,0,0,0,0,78,0,0,0,0,68,0,0,0,0,0,59,81,0,0,0,0,0,0,0,0,0,0,0,0,0,0,0,0,0,0,0,0,0,0,0,0,59,0,0,0,0,0,0,0,0,0,0,0,0,0,0,0,0,0,0,0,58,0,0,0,0,57,0,0,0,0,0,0,0,0,55,54,0,0,64,72,0,0,0,0,0,0,0,0,0,0,0,0,63,0,0,0,0,61,0,52,0,0,999,999,999,999,0,91,0,0,0,0,0,0,0,150,0,0,0,52,0,55,0,0,0,0,0,0,67,0,0,0,0,0,0,0,0,0,0,57,0,0,51,0,0,0,0,0,0,0,0,0,0,0,0,0,0,0,0,-58,0,0,-68,0,0,0,0,0,-73,0,0,0,0,0,0,0,0,0,0,-66,0,0,0,0,0,0,0,0,-79,0
2021-09-15 10:07:07.502828,0,167,0,54,0,0,0,0,0,0,0,0,0,78,0,0,0,0,68,0,0,0,0,0,92,660,999,127,0,0,0,0,0,0,0,0,0,0,0,0,0,0,0,0,0,0,0,0,0,0,59,0,0,0,0,0,0,0,0,0,0,0,0,0,0,0,0,0,0,0,58,0,0,0,0,57,0,0,0,0,0,0,0,0,55,54,0,0,64,71,0,0,0,0,0,0,0,0,0,0,0,0,61,0,0,0,0,111,746,96,130,999,999,999,999,659,75,110,0,66,0,0,0,0,0,140,0,0,0,53,0,54,0,0,0,0,0,0,67,0,0,0,0,0,0,0,0,0,0,57,0,0,51,0,0,0,0,0,0,0,0,0,0,0,0,0,0,0,0,-58,0,0,-68,0,0,0,0,0,-73,0,0,0,0,0,0,0,0,0,0,-66,0,0,0,0,0,0,0,0,-79,0
2021-09-15 10:07:09.065028,0,160,0,0,0,0,0,0,0,120,550,856,0,74,0,0,0,0,54,0,77,999,999,999,57,71,0,0,0,0,0,0,0,0,0,0,0,0,0,0,0,0,0,0,0,0,0,0,0,0,58,0,0,0,0,0,0,0,0,0,0,0,0,0,0,0,0,0,0,0,56,0,0,0,0,55,0,0,0,0,0,0,0,0,56,55,0,0,64,72,0,0,0,0,0,0,0,0,0,0,0,0,61,0,0,0,0,55,0,0,0,0,0,0,52,0,0,67,0,0,0,0,0,0,0,0,0,0,0,55,0,54,0,0,0,0,0,0,67,0,0,0,0,0,0,0,0,0,0,57,0,0,52,0,0,0,0,0,0,0,0,0,0,0,0,0,0,0,0,0,0,0,0,0,0,0,0,0,0,0,0,0,0,0,0,0,0,0,0,0,0,0,0,0,0,0,0,0,0,0
2021-09-15 10:07:10.627121,219,999,999,999,0,0,0,0,0,0,0,0,0,223,0,62,79,0,112,79,0,0,0,0,0,55,0,0,0,0,0,0,0,0,0,0,0,0,0,0,0,0,0,0,0,0,0,0,0,0,57,0,0,0,0,0,0,0,0,0,0,0,0,0,0,0,0,0,0,0,57,0,0,0,0,55,0,0,0,0,0,0,0,0,57,52,0,0,65,74,0,0,0,0,0,0,0,0,0,0,51,0,63,0,0,0,0,56,0,0,0,0,0,0,53,0,0,68,0,0,0,0,0,0,0,0,0,0,0,56,0,55,0,0,0,0,0,0,67,0,0,0,0,0,0,0,0,0,0,58,0,0,52,0,0,0,0,0,0,0,0,0,0,0,0,0,0,0,0,0,0,0,0,0,0,0,-71,0,0,0,0,0,0,0,0,-64,0,0,0,0,0,0,0,0,0,0,0,0,0,0
2021-09-15 10:07:10.939534,221,999,999,597,945,276,70,309,0,0,0,0,0,0,0,0,73,0,104,70,0,0,0,0,0,56,0,0,0,0,0,0,0,0,0,0,0,0,0,0,0,0,0,0,0,0,0,0,0,0,57,0,0,0,0,0,0,0,0,0,0,0,0,0,0,0,0,0,0,0,56,0,0,0,0,54,0,0,0,0,0,0,0,0,58,52,0,0,65,74,0,0,0,0,0,0,0,0,0,0,51,0,63,0,0,0,0,56,0,0,0,0,0,0,53,0,0,69,0,0,0,0,0,0,0,0,0,0,0,56,0,56,0,0,0,0,0,0,67,0,0,0,0,0,0,0,0,0,0,58,0,0,52,0,0,0,0,0,0,0,0,0,0,0,0,0,0,0,0,0,0,0,0,0,0,0,0,0,0,0,0,0,0,0,-59,0,0,0,0,0,0,0,0,0,0,0,0,0,0,-68
2021-09-15 10:07:11.251954,105,324,657,0,999,999,460,999,0,0,0,0,0,0,52,0,0,0,69,0,0,0,0,0,0,58,0,0,0,0,0,0,0,0,0,0,0,0,0,0,0,0,0,0,0,0,0,0,0,0,57,0,0,0,0,0,0,0,0,0,0,0,0,0,0,0,0,0,0,0,57,0,0,0,0,54,0,0,0,0,0,0,0,0,55,52,0,0,67,72,0,0,0,0,0,0,0,0,0,0,51,0,62,0,0,0,0,56,0,0,0,0,0,0,53,0,0,69,0,0,0,0,0,0,0,0,0,0,0,56,0,55,0,0,0,0,0,0,67,0,0,0,0,0,0,0,0,0,0,58,0,0,52,0,0,0,0,0,0,0,0,0,0,0,0,0,0,0,0,0,0,0,0,0,-71,0,0,0,0,0,0,0,0,0,0,0,0,0,0,0,0,0,0,0,0,-45,0,0,0,0
2021-09-15 10:07:11.564376,0,148,64,0,999,999,808,727,0,0,0,0,0,0,53,0,0,0,54,0,0,0,0,0,0,57,0,0,0,0,0,0,0,0,0,0,0,0,0,0,0,0,0,0,0,0,0,0,0,0,58,0,0,0,0,0,0,0,0,0,0,0,0,0,0,0,0,0,0,0,57,0,0,0,0,55,0,0,0,0,0,0,0,0,55,0,0,0,67,71,0,0,0,0,0,0,0,0,0,0,51,0,62,0,0,0,0,56,0,0,0,0,0,0,53,0,0,69,0,0,0,0,0,0,0,0,0,0,0,56,0,56,0,0,0,0,0,0,67,0,0,0,0,0,0,0,0,0,0,57,0,0,52,0,0,0,0,0,0,0,0,0,0,0,0,0,0,0,0,0,0,0,0,0,-71,0,0,0,0,0,0,0,0,0,0,0,0,0,0,0,0,0,0,0,0,-45,0,0,0,0
2021-09-15 10:07:14.063792,0,0,0,0,0,0,0,0,0,0,0,0,0,0,60,0,0,0,59,0,0,0,0,0,0,63,0,0,0,0,0,0,0,0,0,0,0,0,0,0,0,0,0,0,0,0,0,0,0,0,59,0,0,0,0,0,0,0,0,0,0,0,0,0,0,0,0,0,0,0,59,0,0,0,0,56,0,0,0,0,0,0,0,0,190,151,708,167,999,146,91,999,122,676,479,137,0,0,0,0,0,0,76,0,0,0,0,0,0,0,0,0,0,0,52,0,0,69,0,0,0,0,0,0,0,0,0,0,0,56,0,56,0,0,0,0,0,0,67,0,0,0,0,0,0,0,0,0,0,57,0,0,52,0,0,0,0,0,0,0,0,0,0,0,0,0,-58,0,0,0,0,0,-71,0,0,0,0,-76,0,0,0,0,0,0,0,0,0,0,0,0,0,0,0,0,0,-62,-65,0,0,0
2021-09-15 10:07:20.312354,0,0,0,0,0,0,0,0,0,0,0,0,0,0,60,0,0,0,56,0,0,0,0,0,0,62,0,0,0,0,0,0,0,0,0,0,0,0,0,0,65,0,0,0,0,0,0,0,0,0,0,0,0,0,0,0,0,0,0,0,0,0,0,0,0,0,0,0,999,999,999,999,85,52,52,0,0,0,0,0,0,0,0,0,0,0,0,0,61,64,0,0,0,0,0,0,0,0,0,0,0,0,70,0,0,0,0,67,0,0,0,0,0,0,0,0,0,67,0,0,0,0,0,0,59,0,0,0,0,0,0,78,0,0,0,0,0,0,62,0,0,70,0,0,0,0,0,0,0,57,0,0,53,0,0,0,0,0,0,0,0,0,0,0,0,0,0,0,0,0,0,0,0,0,0,0,0,0,0,0,0,0,0,0,0,0,0,0,0,0,0,0,0,0,0,0,0,0,0,0
2021-09-15 10:07:21.249604,0,0,0,0,0,0,0,0,0,0,0,0,0,0,60,0,0,0,56,0,0,0,0,0,0,62,0,0,0,0,0,0,0,0,0,0,0,0,0,0,65,0,0,0,0,0,0,0,0,0,52,0,0,0,0,0,0,0,0,0,0,0,0,0,0,175,231,0,62,0,89,0,209,191,172,99,999,999,999,0,0,0,0,0,0,0,0,0,61,64,0,0,0,0,0,0,0,0,0,0,0,0,71,0,0,0,0,67,0,0,0,0,0,0,0,0,0,68,0,0,0,0,0,0,54,0,0,0,0,0,0,77,0,0,0,0,0,0,62,0,0,71,0,0,0,0,0,0,0,57,0,0,53,0,0,0,0,0,0,0,0,0,0,0,0,0,0,0,0,0,0,0,0,0,0,0,-64,0,0,0,0,0,0,0,0,-73,0,0,-67,0,0,0,-67,0,0,0,0,-58,0,-51
2021-09-15 10:07:27.498155,0,0,0,0,0,0,0,0,0,0,0,0,0,0,62,0,0,0,60,0,0,0,0,0,0,65,0,0,0,0,0,0,0,0,0,0,58,0,65,68,142,999,999,999,0,0,0,0,0,0,56,0,0,0,0,0,59,0,0,0,0,0,0,0,0,0,0,0,0,0,55,0,0,0,0,69,0,0,0,0,0,0,0,0,0,0,0,0,59,64,0,0,0,0,0,0,0,0,0,0,0,0,70,0,0,0,0,72,0,0,0,0,0,0,0,0,0,59,0,0,0,0,0,0,0,0,0,0,0,0,0,71,0,0,0,0,0,0,70,0,0,74,0,0,0,0,0,0,0,54,0,0,0,0,0,0,0,0,0,68,0,0,0,0,0,0,0,0,0,0,0,0,0,0,0,0,0,0,0,0,0,0,0,0,0,0,0,0,0,0,0,0,0,0,0,0,0,0,0,0
2021-09-15 10:07:28.123017,0,0,51,0,0,0,0,0,0,0,0,0,0,0,59,0,0,0,56,0,0,0,0,0,0,63,0,0,0,0,0,0,0,0,0,0,0,0,0,0,0,0,85,0,999,999,999,341,58,94,0,0,0,0,0,0,0,0,0,0,0,0,0,0,0,0,0,0,0,0,56,0,0,0,0,68,0,0,0,0,0,0,0,0,0,0,0,0,60,64,0,0,0,0,0,0,0,0,0,0,0,0,72,0,0,0,0,74,0,0,0,0,0,0,0,0,0,61,0,0,0,0,0,0,0,0,0,0,0,52,0,61,0,0,0,0,0,0,71,0,0,76,0,0,0,0,0,0,0,55,0,0,0,0,0,0,0,0,0,68,0,0,0,0,0,0,0,0,0,0,0,0,0,0,0,0,0,0,0,0,0,0,0,0,0,0,0,0,0,0,0,0,0,0,0,-64,0,0,0,0
2021-09-15 10:07:31.247266,0,0,0,0,0,0,0,0,0,0,0,0,0,0,58,0,0,0,53,0,0,0,0,0,0,64,0,0,0,0,0,0,0,0,0,0,0,0,0,0,0,0,0,0,56,0,0,0,0,0,73,0,0,0,0,0,0,0,0,0,0,0,0,0,0,0,0,0,0,0,56,0,0,0,0,68,0,0,0,0,0,0,0,0,0,0,0,0,61,65,0,0,0,0,0,0,0,0,0,0,0,0,73,0,0,0,0,60,0,0,0,0,999,999,999,999,78,99,0,60,0,0,0,0,0,126,0,0,0,51,0,61,0,0,0,0,0,0,72,0,0,78,0,0,0,0,0,0,0,55,0,0,0,0,0,0,0,0,0,68,0,0,0,0,0,0,0,0,0,0,0,0,0,-68,0,0,0,0,0,0,0,0,0,0,0,0,0,0,0,0,0,0,0,0,0,0,0,0,0,0
2021-09-15 10:07:32.809471,0,0,0,0,0,0,0,0,0,0,0,0,0,0,60,0,0,0,54,0,0,0,0,0,0,69,0,0,0,0,0,0,0,0,0,0,0,0,0,0,0,0,0,0,55,0,0,0,0,0,73,0,0,0,0,0,0,0,0,0,0,0,0,0,0,0,0,0,0,0,58,0,0,0,0,69,0,0,0,0,0,0,0,0,0,0,0,0,59,64,0,0,0,0,0,0,0,0,0,0,0,0,72,0,0,0,0,72,0,0,0,0,55,0,0,0,79,97,0,52,0,0,0,0,53,57,0,0,0,0,0,60,0,0,52,0,0,0,54,0,0,78,0,0,0,0,0,0,0,54,0,0,0,0,0,0,0,0,0,68,0,0,0,0,0,0,0,0,0,0,0,0,0,0,0,0,0,0,0,0,0,-59,0,0,0,0,0,0,0,0,0,0,0,0,0,0,0,0,0,0
2021-09-15 10:07:33.121860,0,0,0,0,0,0,0,0,0,0,0,0,0,0,60,0,0,0,54,0,0,0,0,0,0,69,0,0,0,0,0,0,0,0,0,0,0,0,0,0,0,0,0,0,55,0,0,0,0,0,73,0,0,0,0,0,0,0,0,0,0,0,0,0,0,0,0,0,0,0,58,0,0,0,0,69,0,0,0,0,0,0,0,0,0,0,0,0,60,64,0,0,0,0,0,0,0,0,0,0,0,0,73,0,0,0,0,69,0,0,0,0,53,0,0,0,63,88,0,0,0,0,0,0,58,52,0,0,0,0,0,60,0,0,52,0,0,0,55,0,0,78,0,0,0,0,0,0,0,55,0,0,0,0,0,0,0,0,0,68,0,0,0,0,0,0,0,0,0,0,0,0,0,0,0,0,0,0,0,0,0,-59,0,0,0,0,0,0,0,0,0,0,0,0,0,0,0,0,0,0
2021-09-15 10:07:37.183413,0,0,0,0,0,0,0,0,0,0,0,0,0,0,62,0,0,0,55,0,0,0,0,0,0,70,0,0,0,0,0,0,0,0,0,0,0,0,0,0,999,999,999,368,54,55,0,0,0,0,71,0,0,0,0,0,0,0,0,0,0,0,0,0,0,0,0,0,0,0,59,0,0,0,0,69,0,0,0,0,0,0,0,0,0,0,0,0,58,63,0,0,0,0,0,0,0,0,0,0,0,0,71,0,0,0,0,67,0,0,0,0,0,0,53,0,0,63,0,0,0,0,0,0,107,0,0,0,0,0,0,68,0,0,51,0,0,0,55,0,0,78,0,0,0,0,0,0,0,55,0,0,0,0,0,0,0,0,0,69,0,0,0,0,0,0,0,0,0,0,0,0,0,0,0,0,-67,0,0,0,0,0,0,0,0,0,0,0,0,0,0,0,0,0,0,0,0,0,0,0
2021-09-15 10:07:38.433074,0,0,51,0,0,0,0,0,0,0,0,0,0,0,58,0,0,0,51,0,0,0,0,0,0,63,0,0,0,0,0,0,0,0,0,0,0,0,0,0,0,0,0,0,0,0,0,0,0,0,54,0,0,999,999,999,0,115,54,0,0,0,0,0,0,0,0,0,0,0,63,0,0,0,0,68,0,0,0,0,0,0,0,0,0,0,0,0,60,64,0,0,0,0,0,0,0,0,0,0,0,0,73,0,0,0,0,69,0,0,0,0,0,0,55,0,0,68,0,0,0,0,0,0,0,0,0,0,0,61,0,63,0,0,52,0,0,0,55,0,0,71,0,0,0,0,0,0,0,55,0,0,0,0,0,0,0,0,0,69,0,0,0,0,0,0,0,0,0,0,0,0,0,0,0,0,0,0,0,0,0,0,0,0,0,0,0,0,0,0,0,0,0,0,0,0,0,0,0,0
2021-09-15 10:07:38.745502,0,0,0,0,0,0,0,0,0,0,0,0,0,0,60,0,0,0,52,0,0,0,0,0,0,63,0,0,0,0,0,0,0,0,0,0,0,0,0,0,0,0,0,0,0,0,0,0,0,0,86,62,0,438,999,299,999,999,701,999,0,0,0,0,0,0,0,0,0,0,61,0,0,0,0,68,0,0,0,0,0,0,0,0,0,0,0,0,60,64,0,0,0,0,0,0,0,0,0,0,0,0,73,0,0,0,0,69,0,0,0,0,0,0,56,0,0,68,0,0,0,0,0,0,0,0,0,0,0,51,0,74,0,0,52,0,0,0,55,0,0,67,0,0,0,0,0,0,0,55,0,0,0,0,0,0,0,0,0,69,0,0,0,0,0,0,0,0,0,0,0,0,0,0,0,0,0,0,0,0,0,0,0,0,0,0,0,0,0,0,0,0,0,0,0,0,0,0,0,0
2021-09-15 10:07:40.620121,0,0,0,0,0,0,0,0,0,0,0,0,0,0,59,0,0,0,52,0,0,0,0,0,0,63,0,0,0,0,0,0,0,0,0,0,0,0,0,0,817,999,999,868,0,0,0,0,0,0,61,0,141,231,0,0,0,0,0,0,0,0,0,0,0,0,0,0,0,0,65,0,0,0,0,70,0,0,0,0,0,0,0,0,0,0,0,0,60,64,0,0,0,0,0,0,0,0,0,0,0,0,73,0,0,0,0,70,0,0,0,0,0,0,55,0,0,70,0,0,0,0,0,0,0,0,0,0,0,52,0,74,0,0,52,0,0,0,56,0,0,70,0,0,0,0,0,0,0,55,0,0,0,0,0,0,0,0,0,69,0,0,0,0,0,0,0,0,0,0,0,0,0,0,0,-69,0,-69,0,0,0,0,0,0,0,0,0,0,0,0,0,-63,0,0,0,-72,0,0,0,0
2021-09-15 10:07:40.932488,0,0,0,0,0,0,0,0,0,0,0,0,0,0,59,0,0,0,53,0,0,0,0,0,0,63,0,0,0,0,0,0,0,0,0,0,0,0,0,0,999,999,999,999,0,51,0,0,0,0,63,0,0,0,0,0,0,0,0,0,0,0,0,0,0,0,0,0,0,0,65,0,0,0,0,70,0,0,0,0,0,0,0,0,0,0,0,0,60,65,0,0,0,0,0,0,0,0,0,0,0,0,74,0,0,0,0,70,0,0,0,0,0,0,55,0,0,71,0,0,0,0,0,0,0,0,0,0,0,52,0,75,0,0,52,0,0,0,56,0,0,70,0,0,0,0,0,0,0,55,0,0,0,0,0,0,0,0,0,69,0,0,0,0,0,0,0,0,0,0,0,0,0,0,0,-69,0,-69,0,0,0,0,0,0,0,0,0,0,0,0,0,-63,0,0,0,-72,0,0,0,0
2021-09-15 10:07:41.869766,0,0,0,0,0,0,0,0,0,0,0,0,0,0,58,0,0,0,51,0,0,0,0,0,0,0,0,0,0,0,0,0,0,0,0,0,999,999,393,999,51,0,0,0,0,0,0,0,0,0,64,0,0,0,0,0,0,0,0,0,0,0,0,0,0,0,0,0,0,0,65,0,0,0,0,70,0,0,0,0,0,0,0,0,0,0,0,0,60,65,0,0,0,0,0,0,0,0,0,0,0,0,74,0,0,0,0,71,0,0,0,0,0,0,62,0,0,69,0,0,0,0,0,0,0,0,0,0,0,52,0,74,0,0,52,0,0,0,56,0,0,70,0,0,0,0,0,0,0,55,0,0,0,0,0,0,0,0,0,69,0,0,0,0,0,0,0,0,0,0,0,0,0,0,0,0,0,0,0,0,0,0,0,0,0,0,0,0,0,0,0,0,0,0,0,0,0,0,0,0
2021-09-15 10:07:42.494621,0,0,0,0,0,0,0,0,0,0,0,0,0,0,58,0,0,0,0,0,0,0,0,0,999,999,999,999,0,0,0,0,0,0,0,0,0,0,0,59,64,0,0,0,0,0,0,0,0,0,64,0,0,0,0,0,0,0,0,0,0,0,0,0,0,0,0,0,0,0,65,0,0,0,0,70,0,0,0,0,0,0,0,0,0,0,0,0,60,65,0,0,0,0,0,0,0,0,0,0,0,0,74,0,0,0,0,72,0,0,0,0,0,0,61,0,0,69,0,0,0,0,0,0,0,0,0,0,0,52,0,74,0,0,52,0,0,0,56,0,0,71,0,0,0,0,0,0,0,55,0,0,0,0,0,0,0,0,0,69,0,0,0,0,0,0,0,0,0,0,0,0,0,0,0,0,0,0,0,0,0,0,0,0,0,0,0,0,0,0,0,0,0,0,0,0,0,-67,-71,0
